anonId,printer,event,klass,layout_sqft,print_s,reason,flags
job-2a4e04d3c7,LG-640,Print Canceled,CANCELED,1.04,876.0,canceled/failed,
job-2a4e04d3c7,LG-640,Print End,DUPLICATE_SUMMARY,1.04,427.0,duplicate,
job-2a4e04d3c7,LG-640,Print End,DUPLICATE_SUMMARY,1.04,554.0,duplicate,
job-2a4e04d3c7,LG-640,New Job(Queue A),OTHER_EVENT:New Job(Queue A),0.804,,bad_time_or_dims_or_event,missing_print_times
job-34abe3beca,LG-640,New Job(Queue A),OTHER_EVENT:New Job(Queue A),0.406,,bad_time_or_dims_or_event,missing_print_times
job-32f3455cca,LG-640,New Job(Queue A),OTHER_EVENT:New Job(Queue A),0.406,,bad_time_or_dims_or_event,missing_print_times
job-32f3455cca,LG-640,New Job(Queue A),OTHER_EVENT:New Job(Queue A),0.406,,bad_time_or_dims_or_event,missing_print_times
job-faf80f53ee,LG-640,Print End,DUPLICATE_SUMMARY,13.361,6001.0,duplicate,
job-faf80f53ee,LG-640,Print End,DUPLICATE_SUMMARY,13.361,4881.0,duplicate,
job-faf80f53ee,LG-640,Print End,DUPLICATE_SUMMARY,13.361,1215.0,duplicate,
job-faf80f53ee,LG-640,New Job(Queue A),OTHER_EVENT:New Job(Queue A),0.561,,bad_time_or_dims_or_event,missing_print_times
job-95eef3b177,LG-640,Print End,LG640_GLOSS_ONLY,2.911,19375.0,bad_time_or_dims_or_event,possible_idle_gt4h
job-95eef3b177,LG-640,Print End,DUPLICATE_SUMMARY,2.911,18292.0,duplicate,possible_idle_gt4h
job-95eef3b177,LG-640,Print End,LG640_GLOSS_ONLY,7.277,17703.0,bad_time_or_dims_or_event,possible_idle_gt4h
job-95eef3b177,LG-640,Print End,DUPLICATE_SUMMARY,7.277,15623.0,duplicate,possible_idle_gt4h
job-95eef3b177,LG-640,Print End,DUPLICATE_SUMMARY,7.277,14616.0,duplicate,possible_idle_gt4h
job-95eef3b177,LG-640,Print End,DUPLICATE_SUMMARY,7.277,12534.0,duplicate,
job-e1b1fd65a2,LG-640,Print End,DUPLICATE_SUMMARY,15.615,6851.0,duplicate,
job-e1b1fd65a2,LG-640,Print End,DUPLICATE_SUMMARY,15.615,5631.0,duplicate,
job-e1b1fd65a2,LG-640,Print End,DUPLICATE_SUMMARY,15.615,1332.0,duplicate,
job-e1b1fd65a2,LG-640,New Job(Queue A),OTHER_EVENT:New Job(Queue A),0.651,,bad_time_or_dims_or_event,missing_print_times
job-95eef3b177,LG-640,New Job(Queue A),OTHER_EVENT:New Job(Queue A),0.381,,bad_time_or_dims_or_event,missing_print_times
job-47770191a8,LG-640,Print End,LG640_GLOSS_ONLY,13.572,32107.0,bad_time_or_dims_or_event,possible_idle_gt4h
job-47770191a8,LG-640,Print End,DUPLICATE_SUMMARY,13.572,28969.0,duplicate,possible_idle_gt4h
job-47770191a8,LG-640,Print End,DUPLICATE_SUMMARY,13.572,27711.0,duplicate,possible_idle_gt4h
job-47770191a8,LG-640,Print End,DUPLICATE_SUMMARY,13.572,24612.0,duplicate,possible_idle_gt4h
job-7123aeb679,LG-640,Print End,LG640_GLOSS_ONLY,13.572,23389.0,bad_time_or_dims_or_event,possible_idle_gt4h
job-7123aeb679,LG-640,Print End,DUPLICATE_SUMMARY,13.572,19533.0,duplicate,possible_idle_gt4h
job-7123aeb679,LG-640,Print End,DUPLICATE_SUMMARY,13.572,18277.0,duplicate,possible_idle_gt4h
job-7123aeb679,LG-640,Print End,DUPLICATE_SUMMARY,13.572,14245.0,duplicate,
job-47770191a8,LG-640,New Job(Queue A),OTHER_EVENT:New Job(Queue A),0.754,,bad_time_or_dims_or_event,missing_print_times
job-7123aeb679,LG-640,New Job(Queue A),OTHER_EVENT:New Job(Queue A),0.754,,bad_time_or_dims_or_event,missing_print_times
job-7123aeb679,LG-640,New Job(Queue A),OTHER_EVENT:New Job(Queue A),0.754,,bad_time_or_dims_or_event,missing_print_times
job-e3b0c44298,LG-640,Error,FAILED,0.0,,canceled/failed,nonpositive_dims|missing_print_times|missing_copies
job-3b0cdfde86,LG-640,Print End,LG640_GLOSS_ONLY,15.621,17958.0,bad_time_or_dims_or_event,possible_idle_gt4h
job-3b0cdfde86,LG-640,Print End,DUPLICATE_SUMMARY,15.621,14890.0,duplicate,possible_idle_gt4h
job-3b0cdfde86,LG-640,Print End,DUPLICATE_SUMMARY,15.621,13318.0,duplicate,
job-3b0cdfde86,LG-640,Print End,DUPLICATE_SUMMARY,15.621,9938.0,duplicate,
job-08055ce4c7,LG-640,Print End,DUPLICATE_SUMMARY,15.621,5515.0,duplicate,
job-08055ce4c7,LG-640,Print End,DUPLICATE_SUMMARY,15.621,4293.0,duplicate,
job-08055ce4c7,LG-640,Print End,DUPLICATE_SUMMARY,15.621,1231.0,duplicate,
job-3b0cdfde86,LG-640,Print Canceled,CANCELED,15.621,33692.0,canceled/failed,possible_idle_gt4h
job-3b0cdfde86,LG-640,Print Canceled,CANCELED,15.621,33700.0,canceled/failed,possible_idle_gt4h
job-08055ce4c7,LG-640,Print Canceled,CANCELED,15.621,33690.0,canceled/failed,possible_idle_gt4h
job-08055ce4c7,LG-640,Print Error,FAILED,15.621,33690.0,canceled/failed,possible_idle_gt4h
job-386a3bbab3,LG-640,Print End,LG640_GLOSS_ONLY,18.2,32553.0,bad_time_or_dims_or_event,possible_idle_gt4h
job-386a3bbab3,LG-640,Print End,DUPLICATE_SUMMARY,18.2,27282.0,duplicate,possible_idle_gt4h
job-87aade2f63,LG-640,Print End,LG640_GLOSS_ONLY,18.2,25947.0,bad_time_or_dims_or_event,possible_idle_gt4h
job-87aade2f63,LG-640,Print End,DUPLICATE_SUMMARY,18.2,21093.0,duplicate,possible_idle_gt4h
job-72665fa585,LG-640,Print End,LG640_GLOSS_ONLY,18.175,19435.0,bad_time_or_dims_or_event,possible_idle_gt4h
job-72665fa585,LG-640,Print End,DUPLICATE_SUMMARY,18.175,13675.0,duplicate,
job-d3709c6c95,LG-640,Print End,DUPLICATE_SUMMARY,18.168,7474.0,duplicate,
job-d9cbc52889,LG-640,Print End,DUPLICATE_SUMMARY,18.168,1532.0,duplicate,
job-3b0cdfde86,LG-640,Print Canceled,CANCELED,15.621,29985.0,canceled/failed,possible_idle_gt4h
job-3b0cdfde86,LG-640,Print Canceled,CANCELED,15.621,29985.0,canceled/failed,possible_idle_gt4h
job-3b0cdfde86,LG-640,Print Canceled,CANCELED,15.621,29986.0,canceled/failed,possible_idle_gt4h
job-3b0cdfde86,LG-640,Print Canceled,CANCELED,15.621,29986.0,canceled/failed,possible_idle_gt4h
job-08055ce4c7,LG-640,Print Canceled,CANCELED,15.621,29986.0,canceled/failed,possible_idle_gt4h
job-08055ce4c7,LG-640,Print Canceled,CANCELED,15.621,29986.0,canceled/failed,possible_idle_gt4h
job-08055ce4c7,LG-640,Print Canceled,CANCELED,15.621,29986.0,canceled/failed,possible_idle_gt4h
job-08055ce4c7,LG-640,Print Canceled,CANCELED,15.621,29986.0,canceled/failed,possible_idle_gt4h
job-3b0cdfde86,LG-640,New Job(Queue A),OTHER_EVENT:New Job(Queue A),0.651,,bad_time_or_dims_or_event,missing_print_times
job-08055ce4c7,LG-640,New Job(Queue A),OTHER_EVENT:New Job(Queue A),0.651,,bad_time_or_dims_or_event,missing_print_times
job-79b3c5e1ae,LG-640,New Job(Queue A),OTHER_EVENT:New Job(Queue A),0.696,,bad_time_or_dims_or_event,missing_print_times
job-386a3bbab3,LG-640,Print Canceled,CANCELED,18.2,36498.0,canceled/failed,possible_idle_gt4h
job-386a3bbab3,LG-640,Print Canceled,CANCELED,18.2,36497.0,canceled/failed,possible_idle_gt4h
job-87aade2f63,LG-640,Print Canceled,CANCELED,18.2,36516.0,canceled/failed,possible_idle_gt4h
job-87aade2f63,LG-640,Print Canceled,CANCELED,18.2,36516.0,canceled/failed,possible_idle_gt4h
job-72665fa585,LG-640,Print Canceled,CANCELED,18.175,36533.0,canceled/failed,possible_idle_gt4h
job-72665fa585,LG-640,Print Canceled,CANCELED,18.175,36533.0,canceled/failed,possible_idle_gt4h
job-d3709c6c95,LG-640,Print Canceled,CANCELED,18.168,36552.0,canceled/failed,possible_idle_gt4h
job-d3709c6c95,LG-640,Print Canceled,CANCELED,18.168,36552.0,canceled/failed,possible_idle_gt4h
job-d9cbc52889,LG-640,Print Canceled,CANCELED,18.168,36577.0,canceled/failed,possible_idle_gt4h
job-d9cbc52889,LG-640,Print Canceled,CANCELED,18.168,36584.0,canceled/failed,possible_idle_gt4h
job-75b64fd601,LG-640,Print Error,FAILED,18.168,36591.0,canceled/failed,possible_idle_gt4h
job-386a3bbab3,LG-640,New Job(Queue A),OTHER_EVENT:New Job(Queue A),0.803,,bad_time_or_dims_or_event,missing_print_times
job-87aade2f63,LG-640,New Job(Queue A),OTHER_EVENT:New Job(Queue A),0.803,,bad_time_or_dims_or_event,missing_print_times
job-72665fa585,LG-640,New Job(Queue A),OTHER_EVENT:New Job(Queue A),0.801,,bad_time_or_dims_or_event,missing_print_times
job-d3709c6c95,LG-640,New Job(Queue A),OTHER_EVENT:New Job(Queue A),0.801,,bad_time_or_dims_or_event,missing_print_times
job-d9cbc52889,LG-640,New Job(Queue A),OTHER_EVENT:New Job(Queue A),0.801,,bad_time_or_dims_or_event,missing_print_times
job-75b64fd601,LG-640,New Job(Queue A),OTHER_EVENT:New Job(Queue A),0.801,,bad_time_or_dims_or_event,missing_print_times
job-449278b9e6,LG-640,Print End,DUPLICATE_SUMMARY,18.168,7626.0,duplicate,
job-123b1fa48a,LG-640,Print End,DUPLICATE_SUMMARY,18.168,1466.0,duplicate,
job-449278b9e6,LG-640,New Job(Queue A),OTHER_EVENT:New Job(Queue A),0.801,,bad_time_or_dims_or_event,missing_print_times
job-123b1fa48a,LG-640,New Job(Queue A),OTHER_EVENT:New Job(Queue A),0.801,,bad_time_or_dims_or_event,missing_print_times
job-a5ebc6c7b7,LG-640,New Job(Queue A),OTHER_EVENT:New Job(Queue A),0.801,,bad_time_or_dims_or_event,missing_print_times
job-dbc4f9f2c5,LG-640,New Job(Queue A),OTHER_EVENT:New Job(Queue A),0.801,,bad_time_or_dims_or_event,missing_print_times
job-19fcf4379d,LG-640,New Job(Queue A),OTHER_EVENT:New Job(Queue A),0.801,,bad_time_or_dims_or_event,missing_print_times
job-a5d4f670dc,LG-640,New Job(Queue A),OTHER_EVENT:New Job(Queue A),0.801,,bad_time_or_dims_or_event,missing_print_times
job-01da95a678,LG-640,Print End,DUPLICATE_SUMMARY,13.038,5706.0,duplicate,
job-01da95a678,LG-640,Print End,DUPLICATE_SUMMARY,13.038,4640.0,duplicate,
job-01da95a678,LG-640,Print End,DUPLICATE_SUMMARY,13.038,1176.0,duplicate,
job-01da95a678,LG-640,New Job(Queue A),OTHER_EVENT:New Job(Queue A),0.673,,bad_time_or_dims_or_event,missing_print_times
job-0fedbf7f66,LG-640,Print End,LG640_CMYK_ONLY,26.113,28937.0,bad_time_or_dims_or_event,possible_idle_gt4h
job-ce975953f3,LG-640,New Job(Queue A),OTHER_EVENT:New Job(Queue A),0.437,,bad_time_or_dims_or_event,missing_print_times
job-d45c085186,LG-640,New Job(Queue A),OTHER_EVENT:New Job(Queue A),0.437,,bad_time_or_dims_or_event,missing_print_times
job-1abe8d5668,LG-640,New Job(Queue A),OTHER_EVENT:New Job(Queue A),0.437,,bad_time_or_dims_or_event,missing_print_times
job-b1d4338e3e,LG-640,New Job(Queue A),OTHER_EVENT:New Job(Queue A),0.437,,bad_time_or_dims_or_event,missing_print_times
job-6d87adfd01,LG-640,New Job(Queue A),OTHER_EVENT:New Job(Queue A),0.437,,bad_time_or_dims_or_event,missing_print_times
job-0fedbf7f66,LG-640,Print Canceled,CANCELED,26.103,1504.0,canceled/failed,
job-6d87adfd01,LG-640,New Job(Queue A),OTHER_EVENT:New Job(Queue A),0.437,,bad_time_or_dims_or_event,missing_print_times
job-b1d4338e3e,LG-640,New Job(Queue A),OTHER_EVENT:New Job(Queue A),0.437,,bad_time_or_dims_or_event,missing_print_times
job-6d87adfd01,LG-640,New Job(Queue A),OTHER_EVENT:New Job(Queue A),0.382,,bad_time_or_dims_or_event,missing_print_times
job-b1d4338e3e,LG-640,New Job(Queue A),OTHER_EVENT:New Job(Queue A),0.382,,bad_time_or_dims_or_event,missing_print_times
job-ce975953f3,LG-640,New Job(Queue A),OTHER_EVENT:New Job(Queue A),0.437,,bad_time_or_dims_or_event,missing_print_times
job-d45c085186,LG-640,New Job(Queue A),OTHER_EVENT:New Job(Queue A),0.437,,bad_time_or_dims_or_event,missing_print_times
job-1abe8d5668,LG-640,New Job(Queue A),OTHER_EVENT:New Job(Queue A),0.437,,bad_time_or_dims_or_event,missing_print_times
job-443b710bd3,LG-640,Print End,LG640_GLOSS_ONLY,9.707,32141.0,bad_time_or_dims_or_event,possible_idle_gt4h
job-443b710bd3,LG-640,Print End,DUPLICATE_SUMMARY,9.707,29003.0,duplicate,possible_idle_gt4h
job-443b710bd3,LG-640,Print End,DUPLICATE_SUMMARY,9.707,27706.0,duplicate,possible_idle_gt4h
job-443b710bd3,LG-640,Print End,DUPLICATE_SUMMARY,9.707,24926.0,duplicate,possible_idle_gt4h
job-350bb89581,LG-640,Print End,LG640_GLOSS_ONLY,9.707,23813.0,bad_time_or_dims_or_event,possible_idle_gt4h
job-350bb89581,LG-640,Print End,DUPLICATE_SUMMARY,9.707,21033.0,duplicate,possible_idle_gt4h
job-12597301a7,LG-640,Print End,LG640_GLOSS_ONLY,9.707,20060.0,bad_time_or_dims_or_event,possible_idle_gt4h
job-12597301a7,LG-640,Print End,DUPLICATE_SUMMARY,9.707,17275.0,duplicate,possible_idle_gt4h
job-82f15b1264,LG-640,Print End,LG640_GLOSS_ONLY,14.397,16001.0,bad_time_or_dims_or_event,possible_idle_gt4h
job-82f15b1264,LG-640,Print End,DUPLICATE_SUMMARY,14.397,11235.0,duplicate,
job-82f15b1264,LG-640,Print End,DUPLICATE_SUMMARY,14.397,9992.0,duplicate,
job-82f15b1264,LG-640,Print End,DUPLICATE_SUMMARY,14.397,4561.0,duplicate,
job-443b710bd3,LG-640,New Job(Queue A),OTHER_EVENT:New Job(Queue A),0.467,,bad_time_or_dims_or_event,missing_print_times
job-350bb89581,LG-640,New Job(Queue A),OTHER_EVENT:New Job(Queue A),0.467,,bad_time_or_dims_or_event,missing_print_times
job-12597301a7,LG-640,New Job(Queue A),OTHER_EVENT:New Job(Queue A),0.467,,bad_time_or_dims_or_event,missing_print_times
job-82f15b1264,LG-640,Print Canceled,CANCELED,14.397,17.0,canceled/failed,
job-82f15b1264,LG-640,Print Canceled,CANCELED,14.397,17.0,canceled/failed,
job-82f15b1264,LG-640,Print Canceled,CANCELED,14.397,17.0,canceled/failed,
job-82f15b1264,LG-640,Print Canceled,CANCELED,14.397,17.0,canceled/failed,
job-0e17ebfba1,LG-640,Print End,DUPLICATE_SUMMARY,14.397,724.0,duplicate,
job-82f15b1264,LG-640,Print Canceled,CANCELED,14.397,35766.0,canceled/failed,possible_idle_gt4h
job-82f15b1264,LG-640,Print Canceled,CANCELED,14.397,35766.0,canceled/failed,possible_idle_gt4h
job-82f15b1264,LG-640,Print Canceled,CANCELED,14.397,35766.0,canceled/failed,possible_idle_gt4h
job-82f15b1264,LG-640,Print Canceled,CANCELED,14.397,35769.0,canceled/failed,possible_idle_gt4h
job-0e17ebfba1,LG-640,Print Canceled,CANCELED,14.397,73032.0,canceled/failed,possible_idle_gt4h
job-0e17ebfba1,LG-640,Print Error,FAILED,14.397,73032.0,canceled/failed,possible_idle_gt4h
job-0e17ebfba1,LG-640,Print End,LG640_GLOSS_ONLY,14.397,65703.0,bad_time_or_dims_or_event,possible_idle_gt4h
job-0e17ebfba1,LG-640,Print End,DUPLICATE_SUMMARY,14.397,60928.0,duplicate,possible_idle_gt4h
job-a5968fd2f4,LG-640,Print End,LG640_GLOSS_ONLY,14.397,59686.0,bad_time_or_dims_or_event,possible_idle_gt4h
job-a5968fd2f4,LG-640,Print End,DUPLICATE_SUMMARY,14.397,54264.0,duplicate,possible_idle_gt4h
job-a5968fd2f4,LG-640,Print End,DUPLICATE_SUMMARY,14.397,53019.0,duplicate,possible_idle_gt4h
job-a5968fd2f4,LG-640,Print End,DUPLICATE_SUMMARY,14.397,48262.0,duplicate,possible_idle_gt4h
job-d179d11503,LG-640,Print End,LG640_GLOSS_ONLY,14.397,46709.0,bad_time_or_dims_or_event,possible_idle_gt4h
job-d179d11503,LG-640,Print End,DUPLICATE_SUMMARY,14.397,41919.0,duplicate,possible_idle_gt4h
job-d179d11503,LG-640,Print End,LG640_GLOSS_ONLY,14.397,40681.0,bad_time_or_dims_or_event,possible_idle_gt4h
job-d179d11503,LG-640,Print End,DUPLICATE_SUMMARY,14.397,15655.0,duplicate,possible_idle_gt4h
job-82f15b1264,LG-640,Print End,LG640_GLOSS_ONLY,16.046,14419.0,bad_time_or_dims_or_event,possible_idle_gt4h
job-82f15b1264,LG-640,Print End,DUPLICATE_SUMMARY,16.046,6974.0,duplicate,
job-82f15b1264,LG-640,Print End,DUPLICATE_SUMMARY,14.397,1356.0,duplicate,
job-0e17ebfba1,LG-640,New Job(Queue A),OTHER_EVENT:New Job(Queue A),0.79,,bad_time_or_dims_or_event,missing_print_times
job-a5968fd2f4,LG-640,New Job(Queue A),OTHER_EVENT:New Job(Queue A),0.79,,bad_time_or_dims_or_event,missing_print_times
job-d179d11503,LG-640,New Job(Queue A),OTHER_EVENT:New Job(Queue A),0.79,,bad_time_or_dims_or_event,missing_print_times
job-82f15b1264,LG-640,New Job(Queue A),OTHER_EVENT:New Job(Queue A),0.79,,bad_time_or_dims_or_event,missing_print_times
job-c6b56f5dd4,LG-640,Print Canceled,CANCELED,14.35,10.0,canceled/failed,
job-2c61fdce58,LG-640,Print Canceled,CANCELED,14.35,9.0,canceled/failed,
job-a0dfc64bd4,LG-640,Print Canceled,CANCELED,14.35,9.0,canceled/failed,
job-f8dbbf6b58,LG-640,Print Canceled,CANCELED,14.35,9.0,canceled/failed,
job-7aa418a32f,LG-640,Print Canceled,CANCELED,14.35,9.0,canceled/failed,
job-8afe4b14d2,LG-640,Print Canceled,CANCELED,14.35,9.0,canceled/failed,
job-33cb897d53,LG-640,Print Canceled,CANCELED,14.35,9.0,canceled/failed,
job-f1a770cca8,LG-640,Print Canceled,CANCELED,14.344,9.0,canceled/failed,
job-9d9685afb9,LG-640,Print Canceled,CANCELED,14.344,9.0,canceled/failed,
job-5d65edbc3b,LG-640,Print Canceled,CANCELED,14.35,9.0,canceled/failed,
job-2a4e04d3c7,LG-640,Print Canceled,CANCELED,1.278,138.0,canceled/failed,
job-c6b56f5dd4,LG-640,New Job(Queue A),OTHER_EVENT:New Job(Queue A),0.711,,bad_time_or_dims_or_event,missing_print_times
job-2c61fdce58,LG-640,New Job(Queue A),OTHER_EVENT:New Job(Queue A),0.711,,bad_time_or_dims_or_event,missing_print_times
job-a0dfc64bd4,LG-640,New Job(Queue A),OTHER_EVENT:New Job(Queue A),0.711,,bad_time_or_dims_or_event,missing_print_times
job-f8dbbf6b58,LG-640,New Job(Queue A),OTHER_EVENT:New Job(Queue A),0.711,,bad_time_or_dims_or_event,missing_print_times
job-7aa418a32f,LG-640,New Job(Queue A),OTHER_EVENT:New Job(Queue A),0.711,,bad_time_or_dims_or_event,missing_print_times
job-8afe4b14d2,LG-640,New Job(Queue A),OTHER_EVENT:New Job(Queue A),0.711,,bad_time_or_dims_or_event,missing_print_times
job-33cb897d53,LG-640,New Job(Queue A),OTHER_EVENT:New Job(Queue A),0.711,,bad_time_or_dims_or_event,missing_print_times
job-f1a770cca8,LG-640,New Job(Queue A),OTHER_EVENT:New Job(Queue A),0.711,,bad_time_or_dims_or_event,missing_print_times
job-9d9685afb9,LG-640,New Job(Queue A),OTHER_EVENT:New Job(Queue A),0.711,,bad_time_or_dims_or_event,missing_print_times
job-5d65edbc3b,LG-640,New Job(Queue A),OTHER_EVENT:New Job(Queue A),0.711,,bad_time_or_dims_or_event,missing_print_times
job-2a4e04d3c7,LG-640,Print Canceled,CANCELED,1.278,338.0,canceled/failed,
job-e21c65835a,LG-640,New Job(Queue A),OTHER_EVENT:New Job(Queue A),0.305,,bad_time_or_dims_or_event,missing_print_times
job-675929b551,LG-640,New Job(Queue A),OTHER_EVENT:New Job(Queue A),0.305,,bad_time_or_dims_or_event,missing_print_times
job-00d779bacf,LG-640,Print End,DUPLICATE_SUMMARY,3.617,941.0,duplicate,
job-00d779bacf,LG-640,New Job(Queue A),OTHER_EVENT:New Job(Queue A),0.3,,bad_time_or_dims_or_event,missing_print_times
job-ed8feb05cf,LG-640,New Job(Queue A),OTHER_EVENT:New Job(Queue A),0.263,,bad_time_or_dims_or_event,missing_print_times
job-e97a5bf517,LG-640,New Job(Queue A),OTHER_EVENT:New Job(Queue A),0.263,,bad_time_or_dims_or_event,missing_print_times
job-653b153074,LG-640,New Job(Queue A),OTHER_EVENT:New Job(Queue A),0.259,,bad_time_or_dims_or_event,missing_print_times
job-c1bbb84c8f,LG-640,New Job(Queue A),OTHER_EVENT:New Job(Queue A),0.259,,bad_time_or_dims_or_event,missing_print_times
job-d176564395,LG-640,New Job(Queue A),OTHER_EVENT:New Job(Queue A),0.259,,bad_time_or_dims_or_event,missing_print_times
job-e62c0f2a1a,LG-640,New Job(Queue A),OTHER_EVENT:New Job(Queue A),0.285,,bad_time_or_dims_or_event,missing_print_times
job-bfe0a725f9,LG-640,New Job(Queue A),OTHER_EVENT:New Job(Queue A),0.285,,bad_time_or_dims_or_event,missing_print_times
job-5b7b608106,LG-640,New Job(Queue A),OTHER_EVENT:New Job(Queue A),0.305,,bad_time_or_dims_or_event,missing_print_times
job-875dce083b,LG-640,New Job(Queue A),OTHER_EVENT:New Job(Queue A),0.305,,bad_time_or_dims_or_event,missing_print_times
job-426184db2b,LG-640,New Job(Queue A),OTHER_EVENT:New Job(Queue A),0.3,,bad_time_or_dims_or_event,missing_print_times
job-7b19cce24f,LG-640,New Job(Queue A),OTHER_EVENT:New Job(Queue A),0.3,,bad_time_or_dims_or_event,missing_print_times
job-8a46a7524c,LG-640,New Job(Queue A),OTHER_EVENT:New Job(Queue A),0.302,,bad_time_or_dims_or_event,missing_print_times
job-1c7717ff3a,LG-640,New Job(Queue A),OTHER_EVENT:New Job(Queue A),0.3,,bad_time_or_dims_or_event,missing_print_times
job-9ab2ae359b,LG-640,New Job(Queue A),OTHER_EVENT:New Job(Queue A),0.3,,bad_time_or_dims_or_event,missing_print_times
job-00d779bacf,LG-640,New Job(Queue A),OTHER_EVENT:New Job(Queue A),0.3,,bad_time_or_dims_or_event,missing_print_times
job-58ad68a2b0,LG-640,New Job(Queue A),OTHER_EVENT:New Job(Queue A),0.458,,bad_time_or_dims_or_event,missing_print_times
job-426184db2b,LG-640,New Job(Queue A),OTHER_EVENT:New Job(Queue A),0.3,,bad_time_or_dims_or_event,missing_print_times
job-7b19cce24f,LG-640,New Job(Queue A),OTHER_EVENT:New Job(Queue A),0.3,,bad_time_or_dims_or_event,missing_print_times
job-8a46a7524c,LG-640,New Job(Queue A),OTHER_EVENT:New Job(Queue A),0.302,,bad_time_or_dims_or_event,missing_print_times
job-1c7717ff3a,LG-640,New Job(Queue A),OTHER_EVENT:New Job(Queue A),0.3,,bad_time_or_dims_or_event,missing_print_times
job-9ab2ae359b,LG-640,New Job(Queue A),OTHER_EVENT:New Job(Queue A),0.3,,bad_time_or_dims_or_event,missing_print_times
job-3101beb8ee,LG-640,Print Canceled,CANCELED,17.597,543.0,canceled/failed,
job-3101beb8ee,LG-640,Print Canceled,CANCELED,17.597,575.0,canceled/failed,
job-426184db2b,LG-640,New Job(Queue A),OTHER_EVENT:New Job(Queue A),0.3,,bad_time_or_dims_or_event,missing_print_times
job-7b19cce24f,LG-640,New Job(Queue A),OTHER_EVENT:New Job(Queue A),0.3,,bad_time_or_dims_or_event,missing_print_times
job-8a46a7524c,LG-640,New Job(Queue A),OTHER_EVENT:New Job(Queue A),0.302,,bad_time_or_dims_or_event,missing_print_times
job-1c7717ff3a,LG-640,New Job(Queue A),OTHER_EVENT:New Job(Queue A),0.3,,bad_time_or_dims_or_event,missing_print_times
job-9ab2ae359b,LG-640,New Job(Queue A),OTHER_EVENT:New Job(Queue A),0.3,,bad_time_or_dims_or_event,missing_print_times
job-520bb7a6ba,LG-640,Print Canceled,CANCELED,17.604,3953.0,canceled/failed,
job-520bb7a6ba,LG-640,Print Canceled,CANCELED,17.604,3941.0,canceled/failed,
job-426184db2b,LG-640,New Job(Queue A),OTHER_EVENT:New Job(Queue A),0.3,,bad_time_or_dims_or_event,missing_print_times
job-7b19cce24f,LG-640,New Job(Queue A),OTHER_EVENT:New Job(Queue A),0.3,,bad_time_or_dims_or_event,missing_print_times
job-8a46a7524c,LG-640,New Job(Queue A),OTHER_EVENT:New Job(Queue A),0.302,,bad_time_or_dims_or_event,missing_print_times
job-1c7717ff3a,LG-640,New Job(Queue A),OTHER_EVENT:New Job(Queue A),0.3,,bad_time_or_dims_or_event,missing_print_times
job-9ab2ae359b,LG-640,New Job(Queue A),OTHER_EVENT:New Job(Queue A),0.3,,bad_time_or_dims_or_event,missing_print_times
job-7b19cce24f,LG-640,New Job(Queue A),OTHER_EVENT:New Job(Queue A),0.3,,bad_time_or_dims_or_event,missing_print_times
job-8a46a7524c,LG-640,New Job(Queue A),OTHER_EVENT:New Job(Queue A),0.302,,bad_time_or_dims_or_event,missing_print_times
job-1c7717ff3a,LG-640,New Job(Queue A),OTHER_EVENT:New Job(Queue A),0.3,,bad_time_or_dims_or_event,missing_print_times
job-9ab2ae359b,LG-640,New Job(Queue A),OTHER_EVENT:New Job(Queue A),0.3,,bad_time_or_dims_or_event,missing_print_times
job-426184db2b,LG-640,New Job(Queue A),OTHER_EVENT:New Job(Queue A),0.3,,bad_time_or_dims_or_event,missing_print_times
job-3101beb8ee,LG-640,Print End,DUPLICATE_SUMMARY,17.879,5077.0,duplicate,
job-bdb435a0f3,LG-640,New Job(Queue A),OTHER_EVENT:New Job(Queue A),0.315,,bad_time_or_dims_or_event,missing_print_times
job-1bbb7a9426,LG-640,New Job(Queue A),OTHER_EVENT:New Job(Queue A),0.315,,bad_time_or_dims_or_event,missing_print_times
job-17e4e2181e,LG-640,New Job(Queue A),OTHER_EVENT:New Job(Queue A),0.315,,bad_time_or_dims_or_event,missing_print_times
job-1bbd14d3eb,LG-640,New Job(Queue A),OTHER_EVENT:New Job(Queue A),0.315,,bad_time_or_dims_or_event,missing_print_times
job-3101beb8ee,LG-640,Print Canceled,CANCELED,17.879,275.0,canceled/failed,
job-3101beb8ee,LG-640,Print Canceled,CANCELED,17.879,285.0,canceled/failed,
job-8689b8b7b3,LG-640,New Job(Queue A),OTHER_EVENT:New Job(Queue A),0.315,,bad_time_or_dims_or_event,missing_print_times
job-2428c9394b,LG-640,New Job(Queue A),OTHER_EVENT:New Job(Queue A),0.526,,bad_time_or_dims_or_event,missing_print_times
job-cd2d832135,LG-640,Print End,DUPLICATE_SUMMARY,11.43,1015.0,duplicate,
job-cd2d832135,LG-640,New Job(Queue A),OTHER_EVENT:New Job(Queue A),1.057,,bad_time_or_dims_or_event,missing_print_times
job-ab0d2157ea,LG-640,Print End,LG640_CMYK_ONLY,10.276,21865.0,bad_time_or_dims_or_event,possible_idle_gt4h
job-ca871d2ffa,LG-640,Print End,LG640_CMYK_ONLY,14.848,19574.0,bad_time_or_dims_or_event,possible_idle_gt4h
job-847f58c7fe,LG-640,Print End,LG640_CMYK_ONLY,14.848,17051.0,bad_time_or_dims_or_event,possible_idle_gt4h
job-1bbb7a9426,LG-640,New Job(Queue A),OTHER_EVENT:New Job(Queue A),0.315,,bad_time_or_dims_or_event,missing_print_times
job-ca871d2ffa,LG-640,New Job(Queue A),OTHER_EVENT:New Job(Queue A),0.526,,bad_time_or_dims_or_event,missing_print_times
job-17e4e2181e,LG-640,New Job(Queue A),OTHER_EVENT:New Job(Queue A),0.315,,bad_time_or_dims_or_event,missing_print_times
job-847f58c7fe,LG-640,New Job(Queue A),OTHER_EVENT:New Job(Queue A),0.526,,bad_time_or_dims_or_event,missing_print_times
job-1bbd14d3eb,LG-640,New Job(Queue A),OTHER_EVENT:New Job(Queue A),0.315,,bad_time_or_dims_or_event,missing_print_times
job-091524a4f1,LG-640,New Job(Queue A),OTHER_EVENT:New Job(Queue A),0.526,,bad_time_or_dims_or_event,missing_print_times
job-bdb435a0f3,LG-640,New Job(Queue A),OTHER_EVENT:New Job(Queue A),0.315,,bad_time_or_dims_or_event,missing_print_times
job-780acb1a96,LG-640,New Job(Queue A),OTHER_EVENT:New Job(Queue A),0.526,,bad_time_or_dims_or_event,missing_print_times
job-62579a63e0,LG-640,New Job(Queue A),OTHER_EVENT:New Job(Queue A),0.526,,bad_time_or_dims_or_event,missing_print_times
job-2e89fc442c,LG-640,Print End,LG640_GLOSS_ONLY,17.145,30359.0,bad_time_or_dims_or_event,possible_idle_gt4h
job-2e89fc442c,LG-640,Print End,DUPLICATE_SUMMARY,17.145,27158.0,duplicate,possible_idle_gt4h
job-2e89fc442c,LG-640,Print End,DUPLICATE_SUMMARY,17.145,25986.0,duplicate,possible_idle_gt4h
job-2e89fc442c,LG-640,Print End,DUPLICATE_SUMMARY,17.145,22470.0,duplicate,possible_idle_gt4h
job-2e89fc442c,LG-640,Print End,DUPLICATE_SUMMARY,17.145,21289.0,duplicate,possible_idle_gt4h
job-2e89fc442c,LG-640,Print End,DUPLICATE_SUMMARY,17.145,15344.0,duplicate,possible_idle_gt4h
job-2e89fc442c,LG-640,Print End,DUPLICATE_SUMMARY,17.145,14166.0,duplicate,
job-2e89fc442c,LG-640,Print End,DUPLICATE_SUMMARY,17.145,10656.0,duplicate,
job-cd2d832135,LG-640,Print End,DUPLICATE_SUMMARY,17.145,5789.0,duplicate,
job-cd2d832135,LG-640,Print End,DUPLICATE_SUMMARY,17.145,4595.0,duplicate,
job-cd2d832135,LG-640,Print End,DUPLICATE_SUMMARY,17.145,1272.0,duplicate,
job-2a4e04d3c7,LG-640,New Job(Queue A),OTHER_EVENT:New Job(Queue A),0.804,,bad_time_or_dims_or_event,missing_print_times
job-2e89fc442c,LG-640,Print Canceled,CANCELED,17.145,21475.0,canceled/failed,possible_idle_gt4h
job-2e89fc442c,LG-640,Print Canceled,CANCELED,17.145,21475.0,canceled/failed,possible_idle_gt4h
job-2e89fc442c,LG-640,Print Canceled,CANCELED,17.145,21475.0,canceled/failed,possible_idle_gt4h
job-2e89fc442c,LG-640,Print Canceled,CANCELED,17.145,21475.0,canceled/failed,possible_idle_gt4h
job-2e89fc442c,LG-640,Print Canceled,CANCELED,17.145,21475.0,canceled/failed,possible_idle_gt4h
job-2e89fc442c,LG-640,Print Canceled,CANCELED,17.145,21475.0,canceled/failed,possible_idle_gt4h
job-2e89fc442c,LG-640,Print Canceled,CANCELED,17.145,21475.0,canceled/failed,possible_idle_gt4h
job-2e89fc442c,LG-640,Print Canceled,CANCELED,17.145,21475.0,canceled/failed,possible_idle_gt4h
job-cd2d832135,LG-640,Print Canceled,CANCELED,17.145,25672.0,canceled/failed,possible_idle_gt4h
job-cd2d832135,LG-640,Print Canceled,CANCELED,17.145,25671.0,canceled/failed,possible_idle_gt4h
job-cd2d832135,LG-640,Print Canceled,CANCELED,17.145,25671.0,canceled/failed,possible_idle_gt4h
job-cd2d832135,LG-640,Print Error,FAILED,17.145,25671.0,canceled/failed,possible_idle_gt4h
job-cd2d832135,LG-640,Print End,LG640_GLOSS_ONLY,17.145,21850.0,bad_time_or_dims_or_event,possible_idle_gt4h
job-cd2d832135,LG-640,Print End,DUPLICATE_SUMMARY,17.145,18211.0,duplicate,possible_idle_gt4h
job-cd2d832135,LG-640,Print End,DUPLICATE_SUMMARY,17.145,16850.0,duplicate,possible_idle_gt4h
job-cd2d832135,LG-640,Print End,DUPLICATE_SUMMARY,17.145,13525.0,duplicate,
job-2e89fc442c,LG-640,New Job(Queue A),OTHER_EVENT:New Job(Queue A),1.057,,bad_time_or_dims_or_event,missing_print_times
job-cd2d832135,LG-640,New Job(Queue A),OTHER_EVENT:New Job(Queue A),1.057,,bad_time_or_dims_or_event,missing_print_times
job-deafd715c8,LG-640,New Job(Queue A),OTHER_EVENT:New Job(Queue A),7.544,,bad_time_or_dims_or_event,missing_print_times
job-beb9bcd942,LG-640,New Job(Queue A),OTHER_EVENT:New Job(Queue A),7.544,,bad_time_or_dims_or_event,missing_print_times
job-2d9668cabc,LG-640,Print End,LG640_GLOSS_ONLY,12.862,20044.0,bad_time_or_dims_or_event,possible_idle_gt4h
job-2d9668cabc,LG-640,Print End,LG640_CMYK_ONLY,12.862,14911.0,bad_time_or_dims_or_event,possible_idle_gt4h
job-2d9668cabc,LG-640,Print Canceled,CANCELED,12.862,26.0,canceled/failed,
job-b028f73024,LG-640,Print Canceled,CANCELED,19.32,33.0,canceled/failed,
job-b028f73024,LG-640,Print Canceled,CANCELED,19.32,29.0,canceled/failed,
job-2d9668cabc,LG-640,Print Canceled,CANCELED,12.862,1302.0,canceled/failed,
job-2d9668cabc,LG-640,Print Canceled,CANCELED,12.862,1313.0,canceled/failed,
job-b028f73024,LG-640,Print Canceled,CANCELED,19.32,1322.0,canceled/failed,
job-b028f73024,LG-640,Print Canceled,CANCELED,19.32,1318.0,canceled/failed,
job-e97a5bf517,LG-640,New Job(Queue A),OTHER_EVENT:New Job(Queue A),0.239,,bad_time_or_dims_or_event,missing_print_times
job-ed8feb05cf,LG-640,New Job(Queue A),OTHER_EVENT:New Job(Queue A),0.239,,bad_time_or_dims_or_event,missing_print_times
job-653b153074,LG-640,New Job(Queue A),OTHER_EVENT:New Job(Queue A),0.239,,bad_time_or_dims_or_event,missing_print_times
job-c1bbb84c8f,LG-640,New Job(Queue A),OTHER_EVENT:New Job(Queue A),0.239,,bad_time_or_dims_or_event,missing_print_times
job-d176564395,LG-640,New Job(Queue A),OTHER_EVENT:New Job(Queue A),0.239,,bad_time_or_dims_or_event,missing_print_times
job-d176564395,LG-640,New Job(Queue A),OTHER_EVENT:New Job(Queue A),0.239,,bad_time_or_dims_or_event,missing_print_times
job-3103fa2da4,LG-640,New Job(Queue A),OTHER_EVENT:New Job(Queue A),0.227,,bad_time_or_dims_or_event,missing_print_times
job-8fc3509b16,LG-640,New Job(Queue A),OTHER_EVENT:New Job(Queue A),0.227,,bad_time_or_dims_or_event,missing_print_times
job-e5e7f806eb,LG-640,New Job(Queue A),OTHER_EVENT:New Job(Queue A),0.227,,bad_time_or_dims_or_event,missing_print_times
job-94db3f3640,LG-640,New Job(Queue A),OTHER_EVENT:New Job(Queue A),0.227,,bad_time_or_dims_or_event,missing_print_times
job-f4e62e3810,LG-640,New Job(Queue A),OTHER_EVENT:New Job(Queue A),0.227,,bad_time_or_dims_or_event,missing_print_times
job-e62c0f2a1a,LG-640,New Job(Queue A),OTHER_EVENT:New Job(Queue A),0.305,,bad_time_or_dims_or_event,missing_print_times
job-bfe0a725f9,LG-640,New Job(Queue A),OTHER_EVENT:New Job(Queue A),0.285,,bad_time_or_dims_or_event,missing_print_times
job-5b7b608106,LG-640,New Job(Queue A),OTHER_EVENT:New Job(Queue A),0.305,,bad_time_or_dims_or_event,missing_print_times
job-875dce083b,LG-640,New Job(Queue A),OTHER_EVENT:New Job(Queue A),0.305,,bad_time_or_dims_or_event,missing_print_times
job-33e3440eb5,LG-640,Print End,LG640_GLOSS_ONLY,8.847,23002.0,bad_time_or_dims_or_event,possible_idle_gt4h
job-33e3440eb5,LG-640,Print End,LG640_CMYK_ONLY,8.847,21752.0,bad_time_or_dims_or_event,possible_idle_gt4h
job-33e3440eb5,LG-640,Print End,DUPLICATE_SUMMARY,8.847,20807.0,duplicate,possible_idle_gt4h
job-33e3440eb5,LG-640,Print End,DUPLICATE_SUMMARY,8.847,19422.0,duplicate,possible_idle_gt4h
job-33e3440eb5,LG-640,Print End,DUPLICATE_SUMMARY,8.847,18476.0,duplicate,possible_idle_gt4h
job-33e3440eb5,LG-640,Print End,DUPLICATE_SUMMARY,8.847,17224.0,duplicate,possible_idle_gt4h
job-33e3440eb5,LG-640,Print End,DUPLICATE_SUMMARY,8.847,16279.0,duplicate,possible_idle_gt4h
job-33e3440eb5,LG-640,Print End,DUPLICATE_SUMMARY,8.847,15024.0,duplicate,possible_idle_gt4h
job-33e3440eb5,LG-640,Print End,DUPLICATE_SUMMARY,8.847,14079.0,duplicate,
job-33e3440eb5,LG-640,Print End,DUPLICATE_SUMMARY,8.847,12477.0,duplicate,
job-33e3440eb5,LG-640,Print End,DUPLICATE_SUMMARY,8.847,11530.0,duplicate,
job-33e3440eb5,LG-640,Print End,DUPLICATE_SUMMARY,8.847,9966.0,duplicate,
job-33e3440eb5,LG-640,Print End,DUPLICATE_SUMMARY,8.847,9020.0,duplicate,
job-33e3440eb5,LG-640,Print End,DUPLICATE_SUMMARY,8.847,7635.0,duplicate,
job-33e3440eb5,LG-640,Print End,DUPLICATE_SUMMARY,8.847,6691.0,duplicate,
job-33e3440eb5,LG-640,Print End,DUPLICATE_SUMMARY,8.847,5439.0,duplicate,
job-33e3440eb5,LG-640,Print End,DUPLICATE_SUMMARY,8.847,4494.0,duplicate,
job-33e3440eb5,LG-640,Print End,DUPLICATE_SUMMARY,8.847,3241.0,duplicate,
job-33e3440eb5,LG-640,Print End,DUPLICATE_SUMMARY,8.847,2296.0,duplicate,
job-33e3440eb5,LG-640,Print End,DUPLICATE_SUMMARY,8.847,1045.0,duplicate,
job-33e3440eb5,LG-640,Print Canceled,CANCELED,17.694,3591.0,canceled/failed,
job-33e3440eb5,LG-640,Print Canceled,CANCELED,17.694,3591.0,canceled/failed,
job-33e3440eb5,LG-640,Print Canceled,CANCELED,17.694,3591.0,canceled/failed,
job-33e3440eb5,LG-640,Print Canceled,CANCELED,17.694,3591.0,canceled/failed,
job-33e3440eb5,LG-640,Print Canceled,CANCELED,17.694,3591.0,canceled/failed,
job-33e3440eb5,LG-640,Print Canceled,CANCELED,17.694,3591.0,canceled/failed,
job-33e3440eb5,LG-640,Print Canceled,CANCELED,17.694,3591.0,canceled/failed,
job-33e3440eb5,LG-640,Print Canceled,CANCELED,17.694,3591.0,canceled/failed,
job-33e3440eb5,LG-640,Print Canceled,CANCELED,17.694,3591.0,canceled/failed,
job-33e3440eb5,LG-640,Print Canceled,CANCELED,17.694,3594.0,canceled/failed,
job-33e3440eb5,LG-640,Print Canceled,CANCELED,17.694,3514.0,canceled/failed,
job-a80f4af4cc,LG-640,New Job(Queue A),OTHER_EVENT:New Job(Queue A),0.458,,bad_time_or_dims_or_event,missing_print_times
job-844a9ca4b6,LG-640,New Job(Queue A),OTHER_EVENT:New Job(Queue A),0.458,,bad_time_or_dims_or_event,missing_print_times
job-124b91c5a2,LG-640,New Job(Queue A),OTHER_EVENT:New Job(Queue A),0.458,,bad_time_or_dims_or_event,missing_print_times
job-58ad68a2b0,LG-640,New Job(Queue A),OTHER_EVENT:New Job(Queue A),0.458,,bad_time_or_dims_or_event,missing_print_times
job-2c987b5077,LG-640,New Job(Queue A),OTHER_EVENT:New Job(Queue A),0.458,,bad_time_or_dims_or_event,missing_print_times
job-33e3440eb5,LG-640,Print Canceled,CANCELED,17.694,15159.0,canceled/failed,possible_idle_gt4h
job-33e3440eb5,LG-640,Print Canceled,CANCELED,17.694,15159.0,canceled/failed,possible_idle_gt4h
job-33e3440eb5,LG-640,Print Canceled,CANCELED,17.694,15159.0,canceled/failed,possible_idle_gt4h
job-33e3440eb5,LG-640,Print Canceled,CANCELED,17.694,15159.0,canceled/failed,possible_idle_gt4h
job-33e3440eb5,LG-640,Print Canceled,CANCELED,17.694,15159.0,canceled/failed,possible_idle_gt4h
job-33e3440eb5,LG-640,Print Canceled,CANCELED,17.694,15159.0,canceled/failed,possible_idle_gt4h
job-33e3440eb5,LG-640,Print Canceled,CANCELED,17.694,15159.0,canceled/failed,possible_idle_gt4h
job-33e3440eb5,LG-640,Print Canceled,CANCELED,17.694,15159.0,canceled/failed,possible_idle_gt4h
job-33e3440eb5,LG-640,Print Canceled,CANCELED,17.694,15159.0,canceled/failed,possible_idle_gt4h
job-33e3440eb5,LG-640,Print Canceled,CANCELED,17.694,15159.0,canceled/failed,possible_idle_gt4h
job-33e3440eb5,LG-640,Print Canceled,CANCELED,17.694,15159.0,canceled/failed,possible_idle_gt4h
job-33e3440eb5,LG-640,Print Error,FAILED,17.694,15159.0,canceled/failed,possible_idle_gt4h
job-33e3440eb5,LG-640,Print End,DUPLICATE_SUMMARY,17.694,10935.0,duplicate,
job-33e3440eb5,LG-640,Print End,DUPLICATE_SUMMARY,17.694,8752.0,duplicate,
job-33e3440eb5,LG-640,Print End,DUPLICATE_SUMMARY,17.694,6483.0,duplicate,
job-33e3440eb5,LG-640,Print End,DUPLICATE_SUMMARY,17.694,4516.0,duplicate,
job-33e3440eb5,LG-640,Print End,DUPLICATE_SUMMARY,17.694,1933.0,duplicate,
job-33e3440eb5,LG-640,Print Canceled,CANCELED,17.694,175.0,canceled/failed,
job-33e3440eb5,LG-640,Print Canceled,CANCELED,17.694,175.0,canceled/failed,
job-33e3440eb5,LG-640,Print Canceled,CANCELED,17.694,175.0,canceled/failed,
job-33e3440eb5,LG-640,Print Canceled,CANCELED,17.694,175.0,canceled/failed,
job-33e3440eb5,LG-640,Print Canceled,CANCELED,17.694,174.0,canceled/failed,
job-33e3440eb5,LG-640,Print Canceled,CANCELED,17.694,174.0,canceled/failed,
job-33e3440eb5,LG-640,Print Canceled,CANCELED,17.694,174.0,canceled/failed,
job-33e3440eb5,LG-640,Print Canceled,CANCELED,17.694,174.0,canceled/failed,
job-33e3440eb5,LG-640,Print Canceled,CANCELED,17.694,174.0,canceled/failed,
job-33e3440eb5,LG-640,Print Canceled,CANCELED,17.694,175.0,canceled/failed,
job-33e3440eb5,LG-640,Print Canceled,CANCELED,17.694,175.0,canceled/failed,
job-33e3440eb5,LG-640,Print Canceled,CANCELED,17.694,175.0,canceled/failed,
job-33e3440eb5,LG-640,Print Canceled,CANCELED,17.694,175.0,canceled/failed,
job-33e3440eb5,LG-640,Print Canceled,CANCELED,17.694,175.0,canceled/failed,
job-33e3440eb5,LG-640,Print Canceled,CANCELED,17.694,175.0,canceled/failed,
job-33e3440eb5,LG-640,Print Canceled,CANCELED,17.694,175.0,canceled/failed,
job-33e3440eb5,LG-640,Print Canceled,CANCELED,17.694,175.0,canceled/failed,
job-33e3440eb5,LG-640,Print Error,FAILED,17.694,175.0,canceled/failed,
job-33e3440eb5,LG-640,Print Canceled,CANCELED,17.694,43.0,canceled/failed,
job-33e3440eb5,LG-640,Print Canceled,CANCELED,17.694,43.0,canceled/failed,
job-33e3440eb5,LG-640,Print Canceled,CANCELED,17.694,43.0,canceled/failed,
job-33e3440eb5,LG-640,Print Canceled,CANCELED,17.694,43.0,canceled/failed,
job-33e3440eb5,LG-640,Print Canceled,CANCELED,17.694,43.0,canceled/failed,
job-33e3440eb5,LG-640,Print Canceled,CANCELED,17.694,44.0,canceled/failed,
job-33e3440eb5,LG-640,Print Canceled,CANCELED,17.694,44.0,canceled/failed,
job-33e3440eb5,LG-640,Print Canceled,CANCELED,17.694,44.0,canceled/failed,
job-33e3440eb5,LG-640,Print Canceled,CANCELED,17.694,44.0,canceled/failed,
job-33e3440eb5,LG-640,Print Canceled,CANCELED,17.694,44.0,canceled/failed,
job-33e3440eb5,LG-640,Print Canceled,CANCELED,17.694,44.0,canceled/failed,
job-33e3440eb5,LG-640,Print Canceled,CANCELED,17.694,44.0,canceled/failed,
job-33e3440eb5,LG-640,Print Canceled,CANCELED,17.694,44.0,canceled/failed,
job-33e3440eb5,LG-640,Print Canceled,CANCELED,17.694,44.0,canceled/failed,
job-33e3440eb5,LG-640,Print Canceled,CANCELED,17.694,44.0,canceled/failed,
job-33e3440eb5,LG-640,Print Canceled,CANCELED,17.694,43.0,canceled/failed,
job-33e3440eb5,LG-640,Print Canceled,CANCELED,17.694,43.0,canceled/failed,
job-33e3440eb5,LG-640,Print Canceled,CANCELED,17.694,66.0,canceled/failed,
job-33e3440eb5,LG-640,New Job(Queue A),OTHER_EVENT:New Job(Queue A),0.445,,bad_time_or_dims_or_event,missing_print_times
job-cd2d832135,LG-640,New Job(Queue A),OTHER_EVENT:New Job(Queue A),1.266,,bad_time_or_dims_or_event,missing_print_times
job-2e89fc442c,LG-640,New Job(Queue A),OTHER_EVENT:New Job(Queue A),1.266,,bad_time_or_dims_or_event,missing_print_times
job-993745b7fb,LG-640,Print End,DUPLICATE_SUMMARY,11.566,7640.0,duplicate,
job-993745b7fb,LG-640,New Job(Queue A),OTHER_EVENT:New Job(Queue A),0.621,,bad_time_or_dims_or_event,missing_print_times
job-993745b7fb,LG-640,Print Canceled,CANCELED,11.566,34.0,canceled/failed,
job-993745b7fb,LG-640,Print Canceled,CANCELED,11.566,34.0,canceled/failed,
job-993745b7fb,LG-640,New Job(Queue A),OTHER_EVENT:New Job(Queue A),0.621,,bad_time_or_dims_or_event,missing_print_times
job-4ac1d2549f,LG-640,Print End,DUPLICATE_SUMMARY,11.549,4767.0,duplicate,
job-4ac1d2549f,LG-640,Print End,DUPLICATE_SUMMARY,11.549,3565.0,duplicate,
job-4ac1d2549f,LG-640,Print End,DUPLICATE_SUMMARY,11.549,1229.0,duplicate,
job-4ac1d2549f,LG-640,New Job(Queue A),OTHER_EVENT:New Job(Queue A),0.621,,bad_time_or_dims_or_event,missing_print_times
job-4ac1d2549f,LG-640,Print Canceled,CANCELED,11.52,16.0,canceled/failed,
job-4ac1d2549f,LG-640,Print Canceled,CANCELED,11.52,16.0,canceled/failed,
job-4ac1d2549f,LG-640,Print Canceled,CANCELED,11.52,16.0,canceled/failed,
job-4ac1d2549f,LG-640,Print Canceled,CANCELED,11.52,16.0,canceled/failed,
job-4ac1d2549f,LG-640,New Job(Queue A),OTHER_EVENT:New Job(Queue A),0.62,,bad_time_or_dims_or_event,missing_print_times
job-09604b6991,LG-640,Print End,DUPLICATE_SUMMARY,11.306,4772.0,duplicate,
job-09604b6991,LG-640,Print End,DUPLICATE_SUMMARY,11.306,3581.0,duplicate,
job-09604b6991,LG-640,Print End,DUPLICATE_SUMMARY,11.306,1280.0,duplicate,
job-09604b6991,LG-640,New Job(Queue A),OTHER_EVENT:New Job(Queue A),0.607,,bad_time_or_dims_or_event,missing_print_times
job-09604b6991,LG-640,New Job(Queue A),OTHER_EVENT:New Job(Queue A),0.607,,bad_time_or_dims_or_event,missing_print_times
job-09604b6991,LG-640,New Job(Queue A),OTHER_EVENT:New Job(Queue A),0.177,,bad_time_or_dims_or_event,missing_print_times
job-fced492e05,LG-640,Print Canceled,CANCELED,18.195,833.0,canceled/failed,
job-1b2a5e14e1,LG-640,Print Canceled,CANCELED,18.195,830.0,canceled/failed,
job-fced492e05,LG-640,New Job(Queue A),OTHER_EVENT:New Job(Queue A),0.801,,bad_time_or_dims_or_event,missing_print_times
job-1b2a5e14e1,LG-640,New Job(Queue A),OTHER_EVENT:New Job(Queue A),0.801,,bad_time_or_dims_or_event,missing_print_times
job-1f78a057c1,LG-640,New Job(Queue A),OTHER_EVENT:New Job(Queue A),0.801,,bad_time_or_dims_or_event,missing_print_times
job-e12b26f581,LG-640,New Job(Queue A),OTHER_EVENT:New Job(Queue A),0.801,,bad_time_or_dims_or_event,missing_print_times
job-1677ce123a,LG-640,New Job(Queue A),OTHER_EVENT:New Job(Queue A),0.801,,bad_time_or_dims_or_event,missing_print_times
job-02af13294c,LG-640,New Job(Queue A),OTHER_EVENT:New Job(Queue A),0.801,,bad_time_or_dims_or_event,missing_print_times
job-d88cc7febf,LG-640,New Job(Queue A),OTHER_EVENT:New Job(Queue A),0.801,,bad_time_or_dims_or_event,missing_print_times
job-b2e7aceca1,LG-640,New Job(Queue A),OTHER_EVENT:New Job(Queue A),0.801,,bad_time_or_dims_or_event,missing_print_times
job-0ecd7b546e,LG-640,Print End,LG640_GLOSS_ONLY,11.555,17247.0,bad_time_or_dims_or_event,possible_idle_gt4h
job-0ecd7b546e,LG-640,Print End,DUPLICATE_SUMMARY,11.555,16006.0,duplicate,possible_idle_gt4h
job-0ecd7b546e,LG-640,Print End,DUPLICATE_SUMMARY,11.555,14506.0,duplicate,possible_idle_gt4h
job-0ecd7b546e,LG-640,Print End,DUPLICATE_SUMMARY,11.555,13264.0,duplicate,
job-0ecd7b546e,LG-640,New Job(Queue A),OTHER_EVENT:New Job(Queue A),0.621,,bad_time_or_dims_or_event,missing_print_times
job-8907e57d64,LG-640,Print End,LG640_GLOSS_ONLY,11.562,42609.0,bad_time_or_dims_or_event,possible_idle_gt4h
job-8907e57d64,LG-640,Print End,DUPLICATE_SUMMARY,11.562,39951.0,duplicate,possible_idle_gt4h
job-8907e57d64,LG-640,Print End,DUPLICATE_SUMMARY,11.562,38763.0,duplicate,possible_idle_gt4h
job-8907e57d64,LG-640,Print End,DUPLICATE_SUMMARY,11.562,35926.0,duplicate,possible_idle_gt4h
job-24aa03d3c4,LG-640,Print End,LG640_GLOSS_ONLY,11.562,34751.0,bad_time_or_dims_or_event,possible_idle_gt4h
job-24aa03d3c4,LG-640,Print End,DUPLICATE_SUMMARY,11.562,32404.0,duplicate,possible_idle_gt4h
job-24aa03d3c4,LG-640,Print End,DUPLICATE_SUMMARY,11.562,31217.0,duplicate,possible_idle_gt4h
job-24aa03d3c4,LG-640,Print End,DUPLICATE_SUMMARY,11.562,27873.0,duplicate,possible_idle_gt4h
job-cb381f9b02,LG-640,Print End,LG640_GLOSS_ONLY,11.562,26685.0,bad_time_or_dims_or_event,possible_idle_gt4h
job-cb381f9b02,LG-640,Print End,DUPLICATE_SUMMARY,11.562,24345.0,duplicate,possible_idle_gt4h
job-cb381f9b02,LG-640,Print End,DUPLICATE_SUMMARY,11.562,23144.0,duplicate,possible_idle_gt4h
job-cb381f9b02,LG-640,Print End,DUPLICATE_SUMMARY,11.562,20805.0,duplicate,possible_idle_gt4h
job-d645e10b9c,LG-640,Print End,LG640_GLOSS_ONLY,11.562,19485.0,bad_time_or_dims_or_event,possible_idle_gt4h
job-d645e10b9c,LG-640,Print End,DUPLICATE_SUMMARY,11.562,16822.0,duplicate,possible_idle_gt4h
job-d645e10b9c,LG-640,Print End,DUPLICATE_SUMMARY,11.562,15638.0,duplicate,possible_idle_gt4h
job-d645e10b9c,LG-640,Print End,DUPLICATE_SUMMARY,11.562,12938.0,duplicate,
job-cb381f9b02,LG-640,New Job(Queue A),OTHER_EVENT:New Job(Queue A),0.621,,bad_time_or_dims_or_event,missing_print_times
job-d645e10b9c,LG-640,New Job(Queue A),OTHER_EVENT:New Job(Queue A),0.621,,bad_time_or_dims_or_event,missing_print_times
job-8907e57d64,LG-640,New Job(Queue A),OTHER_EVENT:New Job(Queue A),0.621,,bad_time_or_dims_or_event,missing_print_times
job-24aa03d3c4,LG-640,New Job(Queue A),OTHER_EVENT:New Job(Queue A),0.621,,bad_time_or_dims_or_event,missing_print_times
job-aa2360c821,LG-640,Print End,DUPLICATE_SUMMARY,11.562,10779.0,duplicate,
job-aa2360c821,LG-640,Print End,DUPLICATE_SUMMARY,11.562,9414.0,duplicate,
job-aa2360c821,LG-640,Print End,DUPLICATE_SUMMARY,11.562,7070.0,duplicate,
job-cb381f9b02,LG-640,New Job(Queue A),OTHER_EVENT:New Job(Queue A),0.429,,bad_time_or_dims_or_event,missing_print_times
job-d645e10b9c,LG-640,New Job(Queue A),OTHER_EVENT:New Job(Queue A),0.177,,bad_time_or_dims_or_event,missing_print_times
job-8907e57d64,LG-640,New Job(Queue A),OTHER_EVENT:New Job(Queue A),0.429,,bad_time_or_dims_or_event,missing_print_times
job-aa2360c821,LG-640,New Job(Queue A),OTHER_EVENT:New Job(Queue A),0.621,,bad_time_or_dims_or_event,missing_print_times
job-a3f3949255,LG-640,Print End,DUPLICATE_SUMMARY,11.566,11762.0,duplicate,
job-a3f3949255,LG-640,Print End,DUPLICATE_SUMMARY,11.566,10592.0,duplicate,
job-a3f3949255,LG-640,Print End,DUPLICATE_SUMMARY,11.566,8970.0,duplicate,
job-e3263571a8,LG-640,Print End,DUPLICATE_SUMMARY,11.566,5438.0,duplicate,
job-e3263571a8,LG-640,Print End,DUPLICATE_SUMMARY,11.566,4247.0,duplicate,
job-e3263571a8,LG-640,Print End,DUPLICATE_SUMMARY,11.566,1551.0,duplicate,
job-a3f3949255,LG-640,New Job(Queue A),OTHER_EVENT:New Job(Queue A),0.621,,bad_time_or_dims_or_event,missing_print_times
job-e3263571a8,LG-640,New Job(Queue A),OTHER_EVENT:New Job(Queue A),0.621,,bad_time_or_dims_or_event,missing_print_times
job-2a4e04d3c7,LG-640,Print End,DUPLICATE_SUMMARY,1.28,896.0,duplicate,
job-2a4e04d3c7,LG-640,Print End,DUPLICATE_SUMMARY,1.28,1373.0,duplicate,
job-2a4e04d3c7,LG-640,Print End,DUPLICATE_SUMMARY,1.28,436.0,duplicate,
job-2a4e04d3c7,LG-640,Print End,DUPLICATE_SUMMARY,1.28,684.0,duplicate,
job-2a4e04d3c7,LG-640,New Job(Queue A),OTHER_EVENT:New Job(Queue A),0.804,,bad_time_or_dims_or_event,missing_print_times
job-3340393ca5,LG-640,Print End,DUPLICATE_SUMMARY,1.278,638.0,duplicate,
job-3340393ca5,LG-640,Print End,DUPLICATE_SUMMARY,1.278,601.0,duplicate,
job-3340393ca5,LG-640,Print End,DUPLICATE_SUMMARY,1.278,834.0,duplicate,
job-3340393ca5,LG-640,Print Canceled,CANCELED,1.278,12.0,canceled/failed,
job-3340393ca5,LG-640,Print Canceled,CANCELED,1.278,1017.0,canceled/failed,
job-3340393ca5,LG-640,Print End,DUPLICATE_SUMMARY,1.278,774.0,duplicate,
job-3340393ca5,LG-640,Print End,DUPLICATE_SUMMARY,1.278,827.0,duplicate,
job-8b75bf7469,LG-640,Print End,LG640_CMYK_ONLY,18.182,21110.0,bad_time_or_dims_or_event,possible_idle_gt4h
job-f4de4687d2,LG-640,Print End,LG640_CMYK_ONLY,18.182,19520.0,bad_time_or_dims_or_event,possible_idle_gt4h
job-5aef1cf2c5,LG-640,Print End,LG640_GLOSS_ONLY,11.965,18522.0,bad_time_or_dims_or_event,possible_idle_gt4h
job-5aef1cf2c5,LG-640,Print End,DUPLICATE_SUMMARY,11.965,16046.0,duplicate,possible_idle_gt4h
job-5aef1cf2c5,LG-640,Print End,DUPLICATE_SUMMARY,11.965,14730.0,duplicate,possible_idle_gt4h
job-5aef1cf2c5,LG-640,Print End,DUPLICATE_SUMMARY,11.965,12254.0,duplicate,
job-5aef1cf2c5,LG-640,Print End,DUPLICATE_SUMMARY,11.965,11250.0,duplicate,
job-5aef1cf2c5,LG-640,Print End,DUPLICATE_SUMMARY,11.965,8419.0,duplicate,
job-5aef1cf2c5,LG-640,Print End,DUPLICATE_SUMMARY,11.965,7410.0,duplicate,
job-5aef1cf2c5,LG-640,Print End,DUPLICATE_SUMMARY,11.965,4940.0,duplicate,
job-5aef1cf2c5,LG-640,Print End,DUPLICATE_SUMMARY,11.965,3933.0,duplicate,
job-5aef1cf2c5,LG-640,Print End,DUPLICATE_SUMMARY,11.965,1150.0,duplicate,
job-8b75bf7469,LG-640,Print Canceled,CANCELED,18.182,7.0,canceled/failed,
job-f4de4687d2,LG-640,Print Canceled,CANCELED,18.182,7.0,canceled/failed,
job-5aef1cf2c5,LG-640,Print Canceled,CANCELED,11.965,42.0,canceled/failed,
job-5aef1cf2c5,LG-640,Print Canceled,CANCELED,11.965,42.0,canceled/failed,
job-5aef1cf2c5,LG-640,Print Canceled,CANCELED,11.965,42.0,canceled/failed,
job-5aef1cf2c5,LG-640,Print Canceled,CANCELED,11.965,42.0,canceled/failed,
job-5aef1cf2c5,LG-640,Print Canceled,CANCELED,11.965,42.0,canceled/failed,
job-5aef1cf2c5,LG-640,Print Canceled,CANCELED,11.965,42.0,canceled/failed,
job-5aef1cf2c5,LG-640,Print Canceled,CANCELED,11.965,42.0,canceled/failed,
job-5aef1cf2c5,LG-640,Print Canceled,CANCELED,11.965,42.0,canceled/failed,
job-5aef1cf2c5,LG-640,Print Canceled,CANCELED,11.965,42.0,canceled/failed,
job-5aef1cf2c5,LG-640,Print Canceled,CANCELED,11.965,42.0,canceled/failed,
job-2bad013002,LG-640,New Job(Queue A),OTHER_EVENT:New Job(Queue A),0.439,,bad_time_or_dims_or_event,missing_print_times
job-24a6c2760d,LG-640,New Job(Queue A),OTHER_EVENT:New Job(Queue A),3.458,,bad_time_or_dims_or_event,missing_print_times
job-b14da5a3bb,LG-640,New Job(Queue A),OTHER_EVENT:New Job(Queue A),3.458,,bad_time_or_dims_or_event,missing_print_times
job-e61e0a52d9,LG-640,New Job(Queue A),OTHER_EVENT:New Job(Queue A),0.801,,bad_time_or_dims_or_event,missing_print_times
job-448c7e5dde,LG-640,New Job(Queue A),OTHER_EVENT:New Job(Queue A),0.801,,bad_time_or_dims_or_event,missing_print_times
job-2a8c1d1121,LG-640,New Job(Queue A),OTHER_EVENT:New Job(Queue A),3.458,,bad_time_or_dims_or_event,missing_print_times
job-531d79afb9,LG-640,New Job(Queue A),OTHER_EVENT:New Job(Queue A),3.458,,bad_time_or_dims_or_event,missing_print_times
job-25656a9c3e,LG-640,Print End,LG640_CMYK_ONLY,20.392,17049.0,bad_time_or_dims_or_event,possible_idle_gt4h
job-322d3db53b,LG-640,Print End,LG640_CMYK_ONLY,25.49,15774.0,bad_time_or_dims_or_event,possible_idle_gt4h
job-5aef1cf2c5,LG-640,New Job(Queue A),OTHER_EVENT:New Job(Queue A),0.659,,bad_time_or_dims_or_event,missing_print_times
job-25656a9c3e,LG-640,Print Canceled,CANCELED,20.392,1930.0,canceled/failed,
job-322d3db53b,LG-640,Print Canceled,CANCELED,25.49,1930.0,canceled/failed,
job-29e7ab40a0,LG-640,Print Canceled,CANCELED,25.49,1930.0,canceled/failed,
job-37b30f77b4,LG-640,Print Canceled,CANCELED,25.49,1931.0,canceled/failed,
job-d3c4aa6ed8,LG-640,Print Canceled,CANCELED,25.49,1931.0,canceled/failed,
job-a0f71dbe8b,LG-640,Print Error,FAILED,18.182,22319.0,canceled/failed,possible_idle_gt4h
job-25656a9c3e,LG-640,Print Canceled,CANCELED,20.392,58069.0,canceled/failed,possible_idle_gt4h
job-322d3db53b,LG-640,Print Canceled,CANCELED,25.49,58069.0,canceled/failed,possible_idle_gt4h
job-29e7ab40a0,LG-640,Print Canceled,CANCELED,25.49,58068.0,canceled/failed,possible_idle_gt4h
job-37b30f77b4,LG-640,Print Canceled,CANCELED,25.49,58068.0,canceled/failed,possible_idle_gt4h
job-d3c4aa6ed8,LG-640,Print Canceled,CANCELED,25.49,58068.0,canceled/failed,possible_idle_gt4h
job-2a8c1d1121,LG-640,New Job(Queue A),OTHER_EVENT:New Job(Queue A),3.458,,bad_time_or_dims_or_event,missing_print_times
job-531d79afb9,LG-640,New Job(Queue A),OTHER_EVENT:New Job(Queue A),3.458,,bad_time_or_dims_or_event,missing_print_times
job-e9435fc7d2,LG-640,New Job(Queue A),OTHER_EVENT:New Job(Queue A),3.458,,bad_time_or_dims_or_event,missing_print_times
job-9ed56a27a1,LG-640,New Job(Queue A),OTHER_EVENT:New Job(Queue A),3.458,,bad_time_or_dims_or_event,missing_print_times
job-2419780d45,LG-640,New Job(Queue A),OTHER_EVENT:New Job(Queue A),3.458,,bad_time_or_dims_or_event,missing_print_times
job-fdabe68a64,LG-640,New Job(Queue A),OTHER_EVENT:New Job(Queue A),3.458,,bad_time_or_dims_or_event,missing_print_times
job-41b4d64cfe,LG-640,New Job(Queue A),OTHER_EVENT:New Job(Queue A),3.458,,bad_time_or_dims_or_event,missing_print_times
job-4537c47ce1,LG-640,New Job(Queue A),OTHER_EVENT:New Job(Queue A),3.458,,bad_time_or_dims_or_event,missing_print_times
job-939cd8daa2,LG-640,New Job(Queue A),OTHER_EVENT:New Job(Queue A),3.458,,bad_time_or_dims_or_event,missing_print_times
job-9f750f9bca,LG-640,New Job(Queue A),OTHER_EVENT:New Job(Queue A),3.458,,bad_time_or_dims_or_event,missing_print_times
job-944f5a63d1,LG-640,New Job(Queue A),OTHER_EVENT:New Job(Queue A),3.458,,bad_time_or_dims_or_event,missing_print_times
job-8d2df5ab02,LG-640,New Job(Queue A),OTHER_EVENT:New Job(Queue A),3.458,,bad_time_or_dims_or_event,missing_print_times
job-befbc4c9ed,LG-640,New Job(Queue A),OTHER_EVENT:New Job(Queue A),3.458,,bad_time_or_dims_or_event,missing_print_times
job-14596368ac,LG-640,New Job(Queue A),OTHER_EVENT:New Job(Queue A),3.458,,bad_time_or_dims_or_event,missing_print_times
job-54fe2e7dc2,LG-640,Print Canceled,CANCELED,18.182,59287.0,canceled/failed,possible_idle_gt4h
job-54fe2e7dc2,LG-640,New Job(Queue A),OTHER_EVENT:New Job(Queue A),0.801,,bad_time_or_dims_or_event,missing_print_times
job-7f6b1c4813,LG-640,Print Canceled,CANCELED,18.182,59721.0,canceled/failed,possible_idle_gt4h
job-40c21d234f,LG-640,Print Canceled,CANCELED,18.182,59721.0,canceled/failed,possible_idle_gt4h
job-a0f71dbe8b,LG-640,Print End,LG640_CMYK_ONLY,18.182,37402.0,bad_time_or_dims_or_event,possible_idle_gt4h
job-3d1158ef93,LG-640,Print End,LG640_CMYK_ONLY,18.182,33889.0,bad_time_or_dims_or_event,possible_idle_gt4h
job-325588e4bb,LG-640,Print End,LG640_CMYK_ONLY,18.182,30722.0,bad_time_or_dims_or_event,possible_idle_gt4h
job-8e1ef2970f,LG-640,Print End,LG640_CMYK_ONLY,18.182,27247.0,bad_time_or_dims_or_event,possible_idle_gt4h
job-e61e0a52d9,LG-640,Print End,LG640_CMYK_ONLY,18.182,24080.0,bad_time_or_dims_or_event,possible_idle_gt4h
job-448c7e5dde,LG-640,Print End,LG640_CMYK_ONLY,18.182,20913.0,bad_time_or_dims_or_event,possible_idle_gt4h
job-e2b063224c,LG-640,Print End,LG640_CMYK_ONLY,18.182,17612.0,bad_time_or_dims_or_event,possible_idle_gt4h
job-f683bdc3ed,LG-640,Print End,LG640_CMYK_ONLY,18.182,14442.0,bad_time_or_dims_or_event,possible_idle_gt4h
job-7f6b1c4813,LG-640,Print Canceled,CANCELED,18.182,538.0,canceled/failed,
job-40c21d234f,LG-640,Print Canceled,CANCELED,18.182,538.0,canceled/failed,
job-a0f71dbe8b,LG-640,Print Canceled,CANCELED,18.182,538.0,canceled/failed,
job-3d1158ef93,LG-640,Print Canceled,CANCELED,18.182,538.0,canceled/failed,
job-325588e4bb,LG-640,Print Canceled,CANCELED,18.182,538.0,canceled/failed,
job-8e1ef2970f,LG-640,Print Canceled,CANCELED,18.182,539.0,canceled/failed,
job-e61e0a52d9,LG-640,Print Canceled,CANCELED,18.182,539.0,canceled/failed,
job-448c7e5dde,LG-640,Print Canceled,CANCELED,18.182,539.0,canceled/failed,
job-e2b063224c,LG-640,Print Canceled,CANCELED,18.182,670.0,canceled/failed,
job-f683bdc3ed,LG-640,Print Canceled,CANCELED,18.182,673.0,canceled/failed,
job-fced492e05,LG-640,Print Canceled,CANCELED,18.182,676.0,canceled/failed,
job-1b2a5e14e1,LG-640,Print Canceled,CANCELED,18.182,682.0,canceled/failed,
job-f4de4687d2,LG-640,Print Canceled,CANCELED,18.182,687.0,canceled/failed,
job-7f6b1c4813,LG-640,New Job(Queue A),OTHER_EVENT:New Job(Queue A),0.801,,bad_time_or_dims_or_event,missing_print_times
job-40c21d234f,LG-640,New Job(Queue A),OTHER_EVENT:New Job(Queue A),0.801,,bad_time_or_dims_or_event,missing_print_times
job-a0f71dbe8b,LG-640,New Job(Queue A),OTHER_EVENT:New Job(Queue A),0.801,,bad_time_or_dims_or_event,missing_print_times
job-3d1158ef93,LG-640,New Job(Queue A),OTHER_EVENT:New Job(Queue A),0.801,,bad_time_or_dims_or_event,missing_print_times
job-325588e4bb,LG-640,New Job(Queue A),OTHER_EVENT:New Job(Queue A),0.801,,bad_time_or_dims_or_event,missing_print_times
job-8e1ef2970f,LG-640,New Job(Queue A),OTHER_EVENT:New Job(Queue A),0.801,,bad_time_or_dims_or_event,missing_print_times
job-e61e0a52d9,LG-640,New Job(Queue A),OTHER_EVENT:New Job(Queue A),0.801,,bad_time_or_dims_or_event,missing_print_times
job-448c7e5dde,LG-640,New Job(Queue A),OTHER_EVENT:New Job(Queue A),0.801,,bad_time_or_dims_or_event,missing_print_times
job-e2b063224c,LG-640,Print Canceled,CANCELED,18.182,3889.0,canceled/failed,
job-f683bdc3ed,LG-640,Print Canceled,CANCELED,18.182,3889.0,canceled/failed,
job-e2b063224c,LG-640,New Job(Queue A),OTHER_EVENT:New Job(Queue A),0.801,,bad_time_or_dims_or_event,missing_print_times
job-f683bdc3ed,LG-640,New Job(Queue A),OTHER_EVENT:New Job(Queue A),0.801,,bad_time_or_dims_or_event,missing_print_times
job-fced492e05,LG-640,Print Canceled,CANCELED,18.182,4335.0,canceled/failed,
job-1b2a5e14e1,LG-640,Print Canceled,CANCELED,18.182,4335.0,canceled/failed,
job-8b75bf7469,LG-640,Print Error,FAILED,18.182,5027.0,canceled/failed,
job-f4de4687d2,LG-640,Print Canceled,CANCELED,18.182,4324.0,canceled/failed,
job-c276f6dd29,LG-640,Print Canceled,CANCELED,18.182,4275.0,canceled/failed,
job-fced492e05,LG-640,New Job(Queue A),OTHER_EVENT:New Job(Queue A),0.801,,bad_time_or_dims_or_event,missing_print_times
job-1b2a5e14e1,LG-640,New Job(Queue A),OTHER_EVENT:New Job(Queue A),0.801,,bad_time_or_dims_or_event,missing_print_times
job-8b75bf7469,LG-640,New Job(Queue A),OTHER_EVENT:New Job(Queue A),0.801,,bad_time_or_dims_or_event,missing_print_times
job-f4de4687d2,LG-640,New Job(Queue A),OTHER_EVENT:New Job(Queue A),0.801,,bad_time_or_dims_or_event,missing_print_times
job-c276f6dd29,LG-640,New Job(Queue A),OTHER_EVENT:New Job(Queue A),0.801,,bad_time_or_dims_or_event,missing_print_times
job-54fe2e7dc2,LG-640,New Job(Queue A),OTHER_EVENT:New Job(Queue A),0.801,,bad_time_or_dims_or_event,missing_print_times
job-3c4741f6dc,LG-640,Print End,LG640_GLOSS_ONLY,5.521,18962.0,bad_time_or_dims_or_event,possible_idle_gt4h
job-3c4741f6dc,LG-640,Print End,DUPLICATE_SUMMARY,5.521,18127.0,duplicate,possible_idle_gt4h
job-3c4741f6dc,LG-640,Print End,DUPLICATE_SUMMARY,5.521,17330.0,duplicate,possible_idle_gt4h
job-3c4741f6dc,LG-640,Print End,DUPLICATE_SUMMARY,5.521,16497.0,duplicate,possible_idle_gt4h
job-f100463c1c,LG-640,Print End,LG640_GLOSS_ONLY,11.421,15886.0,bad_time_or_dims_or_event,possible_idle_gt4h
job-f100463c1c,LG-640,Print End,DUPLICATE_SUMMARY,11.421,14406.0,duplicate,possible_idle_gt4h
job-f100463c1c,LG-640,Print End,DUPLICATE_SUMMARY,11.421,13296.0,duplicate,
job-f100463c1c,LG-640,Print End,DUPLICATE_SUMMARY,11.421,11503.0,duplicate,
job-f100463c1c,LG-640,Print End,DUPLICATE_SUMMARY,11.421,10384.0,duplicate,
job-f100463c1c,LG-640,Print End,DUPLICATE_SUMMARY,11.421,8904.0,duplicate,
job-339376879a,LG-640,Print End,DUPLICATE_SUMMARY,5.521,6964.0,duplicate,
job-339376879a,LG-640,Print End,DUPLICATE_SUMMARY,5.521,6343.0,duplicate,
job-339376879a,LG-640,Print End,DUPLICATE_SUMMARY,5.521,5517.0,duplicate,
job-a62143e834,LG-640,Print End,LG640_GLOSS_ONLY,5.521,18993.0,bad_time_or_dims_or_event,possible_idle_gt4h
job-a62143e834,LG-640,Print End,DUPLICATE_SUMMARY,5.521,18170.0,duplicate,possible_idle_gt4h
job-a62143e834,LG-640,Print End,DUPLICATE_SUMMARY,5.521,17378.0,duplicate,possible_idle_gt4h
job-a62143e834,LG-640,Print End,DUPLICATE_SUMMARY,5.521,16483.0,duplicate,possible_idle_gt4h
job-339376879a,LG-640,Print Canceled,CANCELED,5.521,14105.0,canceled/failed,
job-339376879a,LG-640,Print Canceled,CANCELED,5.521,14105.0,canceled/failed,
job-339376879a,LG-640,Print Canceled,CANCELED,5.521,14105.0,canceled/failed,
job-339376879a,LG-640,Print Canceled,CANCELED,5.521,14105.0,canceled/failed,
job-3c4741f6dc,LG-640,Print Canceled,CANCELED,5.521,14375.0,canceled/failed,
job-3c4741f6dc,LG-640,Print Canceled,CANCELED,5.521,14375.0,canceled/failed,
job-3c4741f6dc,LG-640,Print Canceled,CANCELED,5.521,14375.0,canceled/failed,
job-3c4741f6dc,LG-640,Print Canceled,CANCELED,5.521,14375.0,canceled/failed,
job-f100463c1c,LG-640,Print Canceled,CANCELED,11.421,14388.0,canceled/failed,
job-f100463c1c,LG-640,Print Canceled,CANCELED,11.421,14388.0,canceled/failed,
job-f100463c1c,LG-640,Print Canceled,CANCELED,11.421,14388.0,canceled/failed,
job-f100463c1c,LG-640,Print Canceled,CANCELED,11.421,14388.0,canceled/failed,
job-f100463c1c,LG-640,Print Canceled,CANCELED,11.421,14388.0,canceled/failed,
job-f100463c1c,LG-640,Print Canceled,CANCELED,11.421,14388.0,canceled/failed,
job-8e3bbd99a6,LG-640,Print End,LG640_GLOSS_ONLY,10.485,16170.0,bad_time_or_dims_or_event,possible_idle_gt4h
job-8e3bbd99a6,LG-640,Print End,DUPLICATE_SUMMARY,10.485,14777.0,duplicate,possible_idle_gt4h
job-8e3bbd99a6,LG-640,Print End,DUPLICATE_SUMMARY,10.485,13706.0,duplicate,
job-8e3bbd99a6,LG-640,Print End,DUPLICATE_SUMMARY,10.485,11530.0,duplicate,
job-8e3bbd99a6,LG-640,Print End,DUPLICATE_SUMMARY,10.485,10460.0,duplicate,
job-8e3bbd99a6,LG-640,Print End,DUPLICATE_SUMMARY,10.485,9069.0,duplicate,
job-d1205ff3ed,LG-640,Print End,DUPLICATE_SUMMARY,11.421,6408.0,duplicate,
job-d1205ff3ed,LG-640,Print End,DUPLICATE_SUMMARY,11.421,5298.0,duplicate,
job-d1205ff3ed,LG-640,Print End,DUPLICATE_SUMMARY,11.421,3818.0,duplicate,
job-d1205ff3ed,LG-640,Print End,DUPLICATE_SUMMARY,11.421,2708.0,duplicate,
job-d1205ff3ed,LG-640,Print End,DUPLICATE_SUMMARY,11.421,1228.0,duplicate,
job-8e3bbd99a6,LG-640,New Job(Queue A),OTHER_EVENT:New Job(Queue A),0.325,,bad_time_or_dims_or_event,missing_print_times
job-d1205ff3ed,LG-640,New Job(Queue A),OTHER_EVENT:New Job(Queue A),0.352,,bad_time_or_dims_or_event,missing_print_times
job-f100463c1c,LG-640,New Job(Queue A),OTHER_EVENT:New Job(Queue A),0.352,,bad_time_or_dims_or_event,missing_print_times
job-3c4741f6dc,LG-640,New Job(Queue A),OTHER_EVENT:New Job(Queue A),0.414,,bad_time_or_dims_or_event,missing_print_times
job-a62143e834,LG-640,New Job(Queue A),OTHER_EVENT:New Job(Queue A),0.414,,bad_time_or_dims_or_event,missing_print_times
job-339376879a,LG-640,New Job(Queue A),OTHER_EVENT:New Job(Queue A),0.414,,bad_time_or_dims_or_event,missing_print_times
job-2c85eb2d5c,LG-640,New Job(Queue A),OTHER_EVENT:New Job(Queue A),0.649,,bad_time_or_dims_or_event,missing_print_times
job-3340393ca5,LG-640,Print End,DUPLICATE_SUMMARY,1.278,107.0,duplicate,
job-3340393ca5,LG-640,Print Canceled,CANCELED,1.278,140.0,canceled/failed,
job-3340393ca5,LG-640,Print Canceled,CANCELED,1.278,62.0,canceled/failed,
job-3340393ca5,LG-640,Print Canceled,CANCELED,1.278,46.0,canceled/failed,
job-3340393ca5,LG-640,Print Canceled,CANCELED,1.229,509.0,canceled/failed,
job-3340393ca5,LG-640,Print End,DUPLICATE_SUMMARY,1.278,84.0,duplicate,
job-6f10572c9b,LG-640,Print End,LG640_GLOSS_ONLY,2.702,33935.0,bad_time_or_dims_or_event,possible_idle_gt4h
job-6f10572c9b,LG-640,Print End,DUPLICATE_SUMMARY,2.702,30437.0,duplicate,possible_idle_gt4h
job-8febd03540,LG-640,Print End,LG640_GLOSS_ONLY,14.374,29745.0,bad_time_or_dims_or_event,possible_idle_gt4h
job-8febd03540,LG-640,Print End,DUPLICATE_SUMMARY,14.374,25462.0,duplicate,possible_idle_gt4h
job-8febd03540,LG-640,Print End,DUPLICATE_SUMMARY,14.374,24142.0,duplicate,possible_idle_gt4h
job-8febd03540,LG-640,Print End,DUPLICATE_SUMMARY,14.374,19899.0,duplicate,possible_idle_gt4h
job-6894faf5b7,LG-640,Print End,LG640_GLOSS_ONLY,11.761,18455.0,bad_time_or_dims_or_event,possible_idle_gt4h
job-6894faf5b7,LG-640,Print End,DUPLICATE_SUMMARY,11.761,15158.0,duplicate,possible_idle_gt4h
job-6894faf5b7,LG-640,Print End,DUPLICATE_SUMMARY,11.761,14068.0,duplicate,
job-6894faf5b7,LG-640,Print End,DUPLICATE_SUMMARY,11.761,10457.0,duplicate,
job-e91154e9eb,LG-640,Print End,DUPLICATE_SUMMARY,11.761,6069.0,duplicate,
job-e91154e9eb,LG-640,Print End,DUPLICATE_SUMMARY,11.761,4628.0,duplicate,
job-e91154e9eb,LG-640,Print End,DUPLICATE_SUMMARY,11.761,1021.0,duplicate,
job-6894faf5b7,LG-640,Print Canceled,CANCELED,11.761,37.0,canceled/failed,
job-6894faf5b7,LG-640,Print Canceled,CANCELED,11.761,37.0,canceled/failed,
job-6894faf5b7,LG-640,Print Canceled,CANCELED,11.761,37.0,canceled/failed,
job-6894faf5b7,LG-640,Print Canceled,CANCELED,11.761,37.0,canceled/failed,
job-e91154e9eb,LG-640,Print Canceled,CANCELED,11.761,50.0,canceled/failed,
job-e91154e9eb,LG-640,Print Canceled,CANCELED,11.761,50.0,canceled/failed,
job-e91154e9eb,LG-640,Print Canceled,CANCELED,11.761,50.0,canceled/failed,
job-e91154e9eb,LG-640,Print Canceled,CANCELED,11.761,114.0,canceled/failed,
job-3340393ca5,LG-640,Print End,DUPLICATE_SUMMARY,1.229,268.0,duplicate,
job-8febd03540,LG-640,New Job(Queue A),OTHER_EVENT:New Job(Queue A),0.797,,bad_time_or_dims_or_event,missing_print_times
job-3340393ca5,LG-640,Print End,DUPLICATE_SUMMARY,1.229,388.0,duplicate,
job-3340393ca5,LG-640,New Job(Queue A),OTHER_EVENT:New Job(Queue A),0.804,,bad_time_or_dims_or_event,missing_print_times
job-6f10572c9b,LG-640,Print Canceled,CANCELED,2.702,1155.0,canceled/failed,
job-6f10572c9b,LG-640,Print Canceled,CANCELED,2.702,1159.0,canceled/failed,
job-6fa0f4f9c9,LG-640,New Job(Queue A),OTHER_EVENT:New Job(Queue A),0.244,,bad_time_or_dims_or_event,missing_print_times
job-6c3dfed858,LG-640,New Job(Queue A),OTHER_EVENT:New Job(Queue A),0.244,,bad_time_or_dims_or_event,missing_print_times
job-809dd45314,LG-640,New Job(Queue A),OTHER_EVENT:New Job(Queue A),0.244,,bad_time_or_dims_or_event,missing_print_times
job-3b40f1ff61,LG-640,New Job(Queue A),OTHER_EVENT:New Job(Queue A),0.244,,bad_time_or_dims_or_event,missing_print_times
job-f1d92dde96,LG-640,New Job(Queue A),OTHER_EVENT:New Job(Queue A),0.244,,bad_time_or_dims_or_event,missing_print_times
job-5757f0f80a,LG-640,New Job(Queue A),OTHER_EVENT:New Job(Queue A),0.244,,bad_time_or_dims_or_event,missing_print_times
job-6894faf5b7,LG-640,Print Canceled,CANCELED,11.761,9371.0,canceled/failed,
job-6894faf5b7,LG-640,Print Canceled,CANCELED,11.761,9371.0,canceled/failed,
job-6894faf5b7,LG-640,Print Canceled,CANCELED,11.761,9371.0,canceled/failed,
job-6894faf5b7,LG-640,Print Canceled,CANCELED,11.761,9371.0,canceled/failed,
job-e91154e9eb,LG-640,Print Canceled,CANCELED,11.761,9371.0,canceled/failed,
job-e91154e9eb,LG-640,Print Canceled,CANCELED,11.761,9371.0,canceled/failed,
job-e91154e9eb,LG-640,Print Canceled,CANCELED,11.761,9374.0,canceled/failed,
job-8febd03540,LG-640,Print End,DUPLICATE_SUMMARY,11.761,4919.0,duplicate,
job-8febd03540,LG-640,Print End,DUPLICATE_SUMMARY,11.761,4215.0,duplicate,
job-8febd03540,LG-640,Print End,DUPLICATE_SUMMARY,11.761,919.0,duplicate,
job-6894faf5b7,LG-640,Print Canceled,CANCELED,11.761,29.0,canceled/failed,
job-6894faf5b7,LG-640,Print Canceled,CANCELED,11.761,29.0,canceled/failed,
job-e91154e9eb,LG-640,Print Canceled,CANCELED,11.761,60.0,canceled/failed,
job-e91154e9eb,LG-640,Print Canceled,CANCELED,11.761,60.0,canceled/failed,
job-8febd03540,LG-640,Print Canceled,CANCELED,11.761,75.0,canceled/failed,
job-8febd03540,LG-640,Print Canceled,CANCELED,11.761,75.0,canceled/failed,
job-24c62045c6,LG-640,Print End,DUPLICATE_SUMMARY,10.144,1169.0,duplicate,
job-6894faf5b7,LG-640,Print Canceled,CANCELED,11.761,98.0,canceled/failed,
job-6894faf5b7,LG-640,Print Canceled,CANCELED,11.761,97.0,canceled/failed,
job-6894faf5b7,LG-640,Print Canceled,CANCELED,11.761,97.0,canceled/failed,
job-6894faf5b7,LG-640,Print Canceled,CANCELED,11.761,105.0,canceled/failed,
job-e91154e9eb,LG-640,Print Canceled,CANCELED,11.761,76.0,canceled/failed,
job-e91154e9eb,LG-640,Print Canceled,CANCELED,11.761,76.0,canceled/failed,
job-e91154e9eb,LG-640,Print Canceled,CANCELED,11.761,76.0,canceled/failed,
job-e91154e9eb,LG-640,Print Canceled,CANCELED,11.761,76.0,canceled/failed,
job-8febd03540,LG-640,Print Canceled,CANCELED,11.761,76.0,canceled/failed,
job-8febd03540,LG-640,Print Canceled,CANCELED,11.761,76.0,canceled/failed,
job-8febd03540,LG-640,Print Canceled,CANCELED,11.761,76.0,canceled/failed,
job-8febd03540,LG-640,Print Canceled,CANCELED,11.761,76.0,canceled/failed,
job-e91154e9eb,LG-640,New Job(Queue A),OTHER_EVENT:New Job(Queue A),0.797,,bad_time_or_dims_or_event,missing_print_times
job-8febd03540,LG-640,New Job(Queue A),OTHER_EVENT:New Job(Queue A),0.797,,bad_time_or_dims_or_event,missing_print_times
job-6894faf5b7,LG-640,New Job(Queue A),OTHER_EVENT:New Job(Queue A),0.797,,bad_time_or_dims_or_event,missing_print_times
job-24c62045c6,LG-640,Print Canceled,CANCELED,10.144,3262.0,canceled/failed,
job-24c62045c6,LG-640,Print Canceled,CANCELED,10.144,3265.0,canceled/failed,
job-24c62045c6,LG-640,Print End,DUPLICATE_SUMMARY,10.144,1025.0,duplicate,
job-24c62045c6,LG-640,New Job(Queue A),OTHER_EVENT:New Job(Queue A),0.547,,bad_time_or_dims_or_event,missing_print_times
job-24c62045c6,LG-640,New Job(Queue A),OTHER_EVENT:New Job(Queue A),0.531,,bad_time_or_dims_or_event,missing_print_times
job-350bb89581,LG-640,Print End,DUPLICATE_SUMMARY,9.742,7258.0,duplicate,
job-12597301a7,LG-640,Print End,DUPLICATE_SUMMARY,9.742,4174.0,duplicate,
job-443b710bd3,LG-640,Print End,DUPLICATE_SUMMARY,9.742,1091.0,duplicate,
job-443b710bd3,LG-640,New Job(Queue A),OTHER_EVENT:New Job(Queue A),0.467,,bad_time_or_dims_or_event,missing_print_times
job-350bb89581,LG-640,New Job(Queue A),OTHER_EVENT:New Job(Queue A),0.467,,bad_time_or_dims_or_event,missing_print_times
job-12597301a7,LG-640,New Job(Queue A),OTHER_EVENT:New Job(Queue A),0.467,,bad_time_or_dims_or_event,missing_print_times
job-329e5802eb,LG-640,New Job(Queue A),OTHER_EVENT:New Job(Queue A),0.413,,bad_time_or_dims_or_event,missing_print_times
job-12597301a7,LG-640,New Job(Queue A),OTHER_EVENT:New Job(Queue A),0.413,,bad_time_or_dims_or_event,missing_print_times
job-443b710bd3,LG-640,New Job(Queue A),OTHER_EVENT:New Job(Queue A),0.413,,bad_time_or_dims_or_event,missing_print_times
job-f353058a2d,LG-640,Print End,DUPLICATE_SUMMARY,10.144,853.0,duplicate,
job-f353058a2d,LG-640,Print Canceled,CANCELED,10.144,1139.0,canceled/failed,
job-f353058a2d,LG-640,Print End,DUPLICATE_SUMMARY,10.128,4008.0,duplicate,
job-f353058a2d,LG-640,Print End,DUPLICATE_SUMMARY,10.128,3091.0,duplicate,
job-f353058a2d,LG-640,Print End,DUPLICATE_SUMMARY,10.128,986.0,duplicate,
job-f353058a2d,LG-640,Print Canceled,CANCELED,10.128,2027.0,canceled/failed,
job-f353058a2d,LG-640,Print Canceled,CANCELED,10.128,2027.0,canceled/failed,
job-f353058a2d,LG-640,Print Canceled,CANCELED,10.128,2027.0,canceled/failed,
job-f353058a2d,LG-640,Print Canceled,CANCELED,10.128,2041.0,canceled/failed,
job-f353058a2d,LG-640,New Job(Queue A),OTHER_EVENT:New Job(Queue A),0.547,,bad_time_or_dims_or_event,missing_print_times
job-eb93ce9f85,LG-640,Print End,DUPLICATE_SUMMARY,10.128,4224.0,duplicate,
job-eb93ce9f85,LG-640,Print End,DUPLICATE_SUMMARY,10.128,3307.0,duplicate,
job-eb93ce9f85,LG-640,Print End,DUPLICATE_SUMMARY,10.128,1120.0,duplicate,
job-eb93ce9f85,LG-640,New Job(Queue A),OTHER_EVENT:New Job(Queue A),0.547,,bad_time_or_dims_or_event,missing_print_times
job-e6526e466f,LG-640,New Job(Queue A),OTHER_EVENT:New Job(Queue A),0.801,,bad_time_or_dims_or_event,missing_print_times
job-49f81a0975,LG-640,New Job(Queue A),OTHER_EVENT:New Job(Queue A),0.801,,bad_time_or_dims_or_event,missing_print_times
job-0e3805a3b8,LG-640,New Job(Queue A),OTHER_EVENT:New Job(Queue A),0.801,,bad_time_or_dims_or_event,missing_print_times
job-d404ab20b2,LG-640,New Job(Queue A),OTHER_EVENT:New Job(Queue A),0.801,,bad_time_or_dims_or_event,missing_print_times
job-3513c8864b,LG-640,New Job(Queue A),OTHER_EVENT:New Job(Queue A),0.801,,bad_time_or_dims_or_event,missing_print_times
job-79f00d3a55,LG-640,New Job(Queue A),OTHER_EVENT:New Job(Queue A),0.801,,bad_time_or_dims_or_event,missing_print_times
job-7c87c39145,LG-640,Print End,LG640_GLOSS_ONLY,10.128,14895.0,bad_time_or_dims_or_event,possible_idle_gt4h
job-7c87c39145,LG-640,Print End,DUPLICATE_SUMMARY,10.128,12772.0,duplicate,
job-7c87c39145,LG-640,Print End,DUPLICATE_SUMMARY,10.128,11542.0,duplicate,
job-7c87c39145,LG-640,Print End,DUPLICATE_SUMMARY,10.128,9283.0,duplicate,
job-7c87c39145,LG-640,Print End,DUPLICATE_SUMMARY,10.128,8366.0,duplicate,
job-7c87c39145,LG-640,Print End,DUPLICATE_SUMMARY,10.128,6241.0,duplicate,
job-7c87c39145,LG-640,Print End,DUPLICATE_SUMMARY,10.128,5323.0,duplicate,
job-7c87c39145,LG-640,Print End,DUPLICATE_SUMMARY,10.128,3201.0,duplicate,
job-4ac6558311,LG-640,Print End,DUPLICATE_SUMMARY,7.883,894.0,duplicate,
job-7c87c39145,LG-640,New Job(Queue A),OTHER_EVENT:New Job(Queue A),0.547,,bad_time_or_dims_or_event,missing_print_times
job-4ac6558311,LG-640,New Job(Queue A),OTHER_EVENT:New Job(Queue A),0.642,,bad_time_or_dims_or_event,missing_print_times
job-4ac6558311,LG-640,Print Canceled,CANCELED,7.883,1054.0,canceled/failed,
job-4ac6558311,LG-640,New Job(Queue A),OTHER_EVENT:New Job(Queue A),0.642,,bad_time_or_dims_or_event,missing_print_times
job-4ac6558311,LG-640,Print Canceled,CANCELED,7.883,2005.0,canceled/failed,
job-4ac6558311,LG-640,New Job(Queue A),OTHER_EVENT:New Job(Queue A),0.642,,bad_time_or_dims_or_event,missing_print_times
job-a1b8d488cc,LG-640,Print End,DUPLICATE_SUMMARY,7.873,904.0,duplicate,
job-a1b8d488cc,LG-640,New Job(Queue A),OTHER_EVENT:New Job(Queue A),0.641,,bad_time_or_dims_or_event,missing_print_times
job-b4ba2d12a6,LG-640,New Job(Queue A),OTHER_EVENT:New Job(Queue A),0.437,,bad_time_or_dims_or_event,missing_print_times
job-1ed2bc419c,LG-640,Print End,LG640_NO_INK,0.641,103.0,no_ink,
job-1ed2bc419c,LG-640,New Job(Queue A),OTHER_EVENT:New Job(Queue A),0.641,,bad_time_or_dims_or_event,missing_print_times
job-1ed2bc419c,LG-640,Print End,LG640_NO_INK,0.642,159.0,no_ink,
job-1ed2bc419c,LG-640,New Job(Queue A),OTHER_EVENT:New Job(Queue A),0.64,,bad_time_or_dims_or_event,missing_print_times
job-617962c6d0,LG-640,New Job(Queue A),OTHER_EVENT:New Job(Queue A),0.166,,bad_time_or_dims_or_event,missing_print_times
job-617962c6d0,LG-640,New Job(Queue A),OTHER_EVENT:New Job(Queue A),0.166,,bad_time_or_dims_or_event,missing_print_times
job-617962c6d0,LG-640,New Job(Queue A),OTHER_EVENT:New Job(Queue A),0.166,,bad_time_or_dims_or_event,missing_print_times
job-8aeb1587b2,LG-640,Print Canceled,CANCELED,16.666,292.0,canceled/failed,
job-dda9f47510,LG-640,Print Canceled,CANCELED,16.666,282.0,canceled/failed,
job-8aeb1587b2,LG-640,Print Canceled,CANCELED,16.666,167.0,canceled/failed,
job-dda9f47510,LG-640,Print Canceled,CANCELED,16.666,177.0,canceled/failed,
job-617962c6d0,LG-640,Print Error,FAILED,0.276,208.0,canceled/failed,
job-617962c6d0,LG-640,New Job(Queue A),OTHER_EVENT:New Job(Queue A),0.166,,bad_time_or_dims_or_event,missing_print_times
job-dda9f47510,LG-640,Print Canceled,CANCELED,16.666,876.0,canceled/failed,
job-8aeb1587b2,LG-640,Print Canceled,CANCELED,16.666,7263.0,canceled/failed,
job-8aeb1587b2,LG-640,New Job(Queue A),OTHER_EVENT:New Job(Queue A),0.437,,bad_time_or_dims_or_event,missing_print_times
job-dda9f47510,LG-640,New Job(Queue A),OTHER_EVENT:New Job(Queue A),0.437,,bad_time_or_dims_or_event,missing_print_times
job-31dc268e59,LG-640,New Job(Queue A),OTHER_EVENT:New Job(Queue A),0.437,,bad_time_or_dims_or_event,missing_print_times
job-617962c6d0,LG-640,New Job(Queue A),OTHER_EVENT:New Job(Queue A),0.14,,bad_time_or_dims_or_event,missing_print_times
job-767256d3e1,LG-640,New Job(Queue A),OTHER_EVENT:New Job(Queue A),0.437,,bad_time_or_dims_or_event,missing_print_times
job-767256d3e1,LG-640,Print Canceled,CANCELED,16.666,166.0,canceled/failed,
job-767256d3e1,LG-640,New Job(Queue A),OTHER_EVENT:New Job(Queue A),0.437,,bad_time_or_dims_or_event,missing_print_times
job-241e8809fe,LG-640,New Job(Queue A),OTHER_EVENT:New Job(Queue A),3.458,,bad_time_or_dims_or_event,missing_print_times
job-cb60c69388,LG-640,New Job(Queue A),OTHER_EVENT:New Job(Queue A),3.458,,bad_time_or_dims_or_event,missing_print_times
job-897b8071c7,LG-640,New Job(Queue A),OTHER_EVENT:New Job(Queue A),3.458,,bad_time_or_dims_or_event,missing_print_times
job-05699c13ff,LG-640,New Job(Queue A),OTHER_EVENT:New Job(Queue A),3.458,,bad_time_or_dims_or_event,missing_print_times
job-41dbf082ef,LG-640,New Job(Queue A),OTHER_EVENT:New Job(Queue A),3.458,,bad_time_or_dims_or_event,missing_print_times
job-d2e1f1a71a,LG-640,New Job(Queue A),OTHER_EVENT:New Job(Queue A),3.458,,bad_time_or_dims_or_event,missing_print_times
job-b4bdac204d,LG-640,New Job(Queue A),OTHER_EVENT:New Job(Queue A),3.458,,bad_time_or_dims_or_event,missing_print_times
job-e3b4d1ac27,LG-640,New Job(Queue A),OTHER_EVENT:New Job(Queue A),3.458,,bad_time_or_dims_or_event,missing_print_times
job-e34e489b2e,LG-640,New Job(Queue A),OTHER_EVENT:New Job(Queue A),3.458,,bad_time_or_dims_or_event,missing_print_times
job-c91e9df934,LG-640,New Job(Queue A),OTHER_EVENT:New Job(Queue A),3.458,,bad_time_or_dims_or_event,missing_print_times
job-49bc5ea013,LG-640,New Job(Queue A),OTHER_EVENT:New Job(Queue A),3.458,,bad_time_or_dims_or_event,missing_print_times
job-ec3e8a4985,LG-640,New Job(Queue A),OTHER_EVENT:New Job(Queue A),3.458,,bad_time_or_dims_or_event,missing_print_times
job-241e8809fe,LG-640,New Job(Queue A),OTHER_EVENT:New Job(Queue A),3.458,,bad_time_or_dims_or_event,missing_print_times
job-cb60c69388,LG-640,New Job(Queue A),OTHER_EVENT:New Job(Queue A),3.458,,bad_time_or_dims_or_event,missing_print_times
job-830ce470cf,LG-640,New Job(Queue A),OTHER_EVENT:New Job(Queue A),0.801,,bad_time_or_dims_or_event,missing_print_times
job-1e57bb9a99,LG-640,New Job(Queue A),OTHER_EVENT:New Job(Queue A),3.458,,bad_time_or_dims_or_event,missing_print_times
job-f39e78190c,LG-640,New Job(Queue A),OTHER_EVENT:New Job(Queue A),3.458,,bad_time_or_dims_or_event,missing_print_times
job-320c754fe5,LG-640,New Job(Queue A),OTHER_EVENT:New Job(Queue A),3.458,,bad_time_or_dims_or_event,missing_print_times
job-7c97de06c8,LG-640,New Job(Queue A),OTHER_EVENT:New Job(Queue A),3.458,,bad_time_or_dims_or_event,missing_print_times
job-830ce470cf,LG-640,Print End,DUPLICATE_SUMMARY,18.175,1389.0,duplicate,
job-830ce470cf,LG-640,New Job(Queue A),OTHER_EVENT:New Job(Queue A),0.801,,bad_time_or_dims_or_event,missing_print_times
job-c36b7a4a9d,LG-640,Print End,DUPLICATE_SUMMARY,18.175,6527.0,duplicate,
job-f2bd856616,LG-640,Print End,DUPLICATE_SUMMARY,18.175,1530.0,duplicate,
job-c36b7a4a9d,LG-640,Print Canceled,CANCELED,18.175,2548.0,canceled/failed,
job-c36b7a4a9d,LG-640,Print Canceled,CANCELED,18.175,2548.0,canceled/failed,
job-f2bd856616,LG-640,Print Canceled,CANCELED,18.175,2548.0,canceled/failed,
job-f2bd856616,LG-640,Print Error,FAILED,18.175,2548.0,canceled/failed,
job-c36b7a4a9d,LG-640,Print Canceled,CANCELED,18.175,48077.0,canceled/failed,possible_idle_gt4h
job-c36b7a4a9d,LG-640,Print Canceled,CANCELED,18.175,48088.0,canceled/failed,possible_idle_gt4h
job-f2bd856616,LG-640,Print Canceled,CANCELED,18.175,48079.0,canceled/failed,possible_idle_gt4h
job-f2bd856616,LG-640,Print Error,FAILED,18.175,48079.0,canceled/failed,possible_idle_gt4h
job-195a408908,LG-640,Print End,LG640_GLOSS_ONLY,18.175,17809.0,bad_time_or_dims_or_event,possible_idle_gt4h
job-195a408908,LG-640,Print End,DUPLICATE_SUMMARY,18.175,14277.0,duplicate,
job-1e57bb9a99,LG-640,New Job(Queue A),OTHER_EVENT:New Job(Queue A),3.466,,bad_time_or_dims_or_event,missing_print_times
job-f39e78190c,LG-640,New Job(Queue A),OTHER_EVENT:New Job(Queue A),3.466,,bad_time_or_dims_or_event,missing_print_times
job-320c754fe5,LG-640,New Job(Queue A),OTHER_EVENT:New Job(Queue A),3.466,,bad_time_or_dims_or_event,missing_print_times
job-7c97de06c8,LG-640,New Job(Queue A),OTHER_EVENT:New Job(Queue A),3.466,,bad_time_or_dims_or_event,missing_print_times
job-897b8071c7,LG-640,New Job(Queue A),OTHER_EVENT:New Job(Queue A),3.466,,bad_time_or_dims_or_event,missing_print_times
job-05699c13ff,LG-640,New Job(Queue A),OTHER_EVENT:New Job(Queue A),3.466,,bad_time_or_dims_or_event,missing_print_times
job-41dbf082ef,LG-640,New Job(Queue A),OTHER_EVENT:New Job(Queue A),3.466,,bad_time_or_dims_or_event,missing_print_times
job-d2e1f1a71a,LG-640,New Job(Queue A),OTHER_EVENT:New Job(Queue A),3.466,,bad_time_or_dims_or_event,missing_print_times
job-b4bdac204d,LG-640,New Job(Queue A),OTHER_EVENT:New Job(Queue A),3.466,,bad_time_or_dims_or_event,missing_print_times
job-e3b4d1ac27,LG-640,New Job(Queue A),OTHER_EVENT:New Job(Queue A),3.466,,bad_time_or_dims_or_event,missing_print_times
job-e34e489b2e,LG-640,New Job(Queue A),OTHER_EVENT:New Job(Queue A),3.466,,bad_time_or_dims_or_event,missing_print_times
job-c91e9df934,LG-640,New Job(Queue A),OTHER_EVENT:New Job(Queue A),3.466,,bad_time_or_dims_or_event,missing_print_times
job-49bc5ea013,LG-640,New Job(Queue A),OTHER_EVENT:New Job(Queue A),3.466,,bad_time_or_dims_or_event,missing_print_times
job-ec3e8a4985,LG-640,New Job(Queue A),OTHER_EVENT:New Job(Queue A),3.466,,bad_time_or_dims_or_event,missing_print_times
job-241e8809fe,LG-640,New Job(Queue A),OTHER_EVENT:New Job(Queue A),3.466,,bad_time_or_dims_or_event,missing_print_times
job-cb60c69388,LG-640,New Job(Queue A),OTHER_EVENT:New Job(Queue A),3.466,,bad_time_or_dims_or_event,missing_print_times
job-b43df7ac7f,LG-640,Print End,DUPLICATE_SUMMARY,18.175,10378.0,duplicate,
job-cd0737fa04,LG-640,Print End,DUPLICATE_SUMMARY,18.175,7646.0,duplicate,
job-125bcbdf9e,LG-640,Print End,DUPLICATE_SUMMARY,18.175,4886.0,duplicate,
job-830ce470cf,LG-640,Print End,DUPLICATE_SUMMARY,18.175,2370.0,duplicate,
job-b43df7ac7f,LG-640,New Job(Queue A),OTHER_EVENT:New Job(Queue A),0.803,,bad_time_or_dims_or_event,missing_print_times
job-cd0737fa04,LG-640,New Job(Queue A),OTHER_EVENT:New Job(Queue A),0.803,,bad_time_or_dims_or_event,missing_print_times
job-125bcbdf9e,LG-640,New Job(Queue A),OTHER_EVENT:New Job(Queue A),0.803,,bad_time_or_dims_or_event,missing_print_times
job-830ce470cf,LG-640,New Job(Queue A),OTHER_EVENT:New Job(Queue A),0.803,,bad_time_or_dims_or_event,missing_print_times
job-c36b7a4a9d,LG-640,Print Canceled,CANCELED,18.175,2800.0,canceled/failed,
job-c36b7a4a9d,LG-640,Print Canceled,CANCELED,18.175,2800.0,canceled/failed,
job-f2bd856616,LG-640,Print Canceled,CANCELED,18.175,2800.0,canceled/failed,
job-f2bd856616,LG-640,Print Canceled,CANCELED,18.175,2800.0,canceled/failed,
job-c36b7a4a9d,LG-640,New Job(Queue A),OTHER_EVENT:New Job(Queue A),0.803,,bad_time_or_dims_or_event,missing_print_times
job-f2bd856616,LG-640,New Job(Queue A),OTHER_EVENT:New Job(Queue A),0.803,,bad_time_or_dims_or_event,missing_print_times
job-195a408908,LG-640,Print Canceled,CANCELED,18.175,5321.0,canceled/failed,
job-195a408908,LG-640,Print Canceled,CANCELED,18.175,5321.0,canceled/failed,
job-3c4741f6dc,LG-640,Print End,DUPLICATE_SUMMARY,4.73,5427.0,duplicate,
job-3c4741f6dc,LG-640,New Job(Queue A),OTHER_EVENT:New Job(Queue A),0.415,,bad_time_or_dims_or_event,missing_print_times
job-195a408908,LG-640,Print Canceled,CANCELED,18.175,75.0,canceled/failed,
job-195a408908,LG-640,Print Canceled,CANCELED,18.175,75.0,canceled/failed,
job-195a408908,LG-640,New Job(Queue A),OTHER_EVENT:New Job(Queue A),0.803,,bad_time_or_dims_or_event,missing_print_times
job-35e7223172,LG-640,Print End,DUPLICATE_SUMMARY,18.175,1412.0,duplicate,
job-35e7223172,LG-640,Print Canceled,CANCELED,18.175,2202.0,canceled/failed,
job-35e7223172,LG-640,Print Canceled,CANCELED,18.175,2202.0,canceled/failed,
job-35e7223172,LG-640,New Job(Queue A),OTHER_EVENT:New Job(Queue A),0.803,,bad_time_or_dims_or_event,missing_print_times
job-195a408908,LG-640,Print Canceled,CANCELED,18.175,18850.0,canceled/failed,possible_idle_gt4h
job-195a408908,LG-640,Print Canceled,CANCELED,18.175,18838.0,canceled/failed,possible_idle_gt4h
job-195a408908,LG-640,New Job(Queue A),OTHER_EVENT:New Job(Queue A),0.803,,bad_time_or_dims_or_event,missing_print_times
job-2cdce54bbb,LG-640,Print End,LG640_GLOSS_ONLY,18.175,20043.0,bad_time_or_dims_or_event,possible_idle_gt4h
job-2cdce54bbb,LG-640,Print End,DUPLICATE_SUMMARY,18.175,16522.0,duplicate,possible_idle_gt4h
job-2271a5a753,LG-640,Print End,LG640_GLOSS_ONLY,18.175,15179.0,bad_time_or_dims_or_event,possible_idle_gt4h
job-2271a5a753,LG-640,Print End,DUPLICATE_SUMMARY,18.175,11489.0,duplicate,
job-5cbfa834e3,LG-640,Print End,DUPLICATE_SUMMARY,11.26,8477.0,duplicate,
job-5cbfa834e3,LG-640,Print End,DUPLICATE_SUMMARY,11.26,7321.0,duplicate,
job-5cbfa834e3,LG-640,Print End,DUPLICATE_SUMMARY,11.26,6024.0,duplicate,
job-5cbfa834e3,LG-640,Print End,DUPLICATE_SUMMARY,11.26,4867.0,duplicate,
job-5cbfa834e3,LG-640,Print End,DUPLICATE_SUMMARY,11.26,3646.0,duplicate,
job-5cbfa834e3,LG-640,Print End,DUPLICATE_SUMMARY,11.26,2491.0,duplicate,
job-5cbfa834e3,LG-640,Print End,DUPLICATE_SUMMARY,11.26,1264.0,duplicate,
job-2cdce54bbb,LG-640,New Job(Queue A),OTHER_EVENT:New Job(Queue A),0.803,,bad_time_or_dims_or_event,missing_print_times
job-2271a5a753,LG-640,New Job(Queue A),OTHER_EVENT:New Job(Queue A),0.803,,bad_time_or_dims_or_event,missing_print_times
job-5ebe9e5586,LG-640,New Job(Queue A),OTHER_EVENT:New Job(Queue A),0.803,,bad_time_or_dims_or_event,missing_print_times
job-281a22b765,LG-640,New Job(Queue A),OTHER_EVENT:New Job(Queue A),0.803,,bad_time_or_dims_or_event,missing_print_times
job-5cbfa834e3,LG-640,Print Canceled,CANCELED,11.26,1677.0,canceled/failed,
job-5cbfa834e3,LG-640,Print Canceled,CANCELED,11.26,1677.0,canceled/failed,
job-5cbfa834e3,LG-640,Print Canceled,CANCELED,11.26,1677.0,canceled/failed,
job-5cbfa834e3,LG-640,Print Canceled,CANCELED,11.26,1677.0,canceled/failed,
job-5cbfa834e3,LG-640,Print Canceled,CANCELED,11.26,1677.0,canceled/failed,
job-5cbfa834e3,LG-640,Print Canceled,CANCELED,11.26,1677.0,canceled/failed,
job-5cbfa834e3,LG-640,Print Canceled,CANCELED,11.26,1677.0,canceled/failed,
job-5cbfa834e3,LG-640,Print Canceled,CANCELED,11.26,1677.0,canceled/failed,
job-5cbfa834e3,LG-640,Print End,DUPLICATE_SUMMARY,11.26,594.0,duplicate,
job-5cbfa834e3,LG-640,Print Canceled,CANCELED,11.26,9.0,canceled/failed,
job-5cbfa834e3,LG-640,Print Canceled,CANCELED,11.26,9.0,canceled/failed,
job-5cbfa834e3,LG-640,Print Canceled,CANCELED,11.26,9.0,canceled/failed,
job-5cbfa834e3,LG-640,Print Canceled,CANCELED,11.26,9.0,canceled/failed,
job-5cbfa834e3,LG-640,Print Canceled,CANCELED,11.26,9.0,canceled/failed,
job-5cbfa834e3,LG-640,Print Canceled,CANCELED,11.26,9.0,canceled/failed,
job-5cbfa834e3,LG-640,Print Canceled,CANCELED,11.26,9.0,canceled/failed,
job-5cbfa834e3,LG-640,Print Canceled,CANCELED,11.26,9.0,canceled/failed,
job-5cbfa834e3,LG-640,Print Canceled,CANCELED,11.26,9.0,canceled/failed,
job-5cbfa834e3,LG-640,Print Canceled,CANCELED,11.26,9.0,canceled/failed,
job-5cbfa834e3,LG-640,New Job(Queue A),OTHER_EVENT:New Job(Queue A),0.661,,bad_time_or_dims_or_event,missing_print_times
job-5cbfa834e3,LG-640,Print Canceled,CANCELED,11.26,352.0,canceled/failed,
job-5cbfa834e3,LG-640,Print Canceled,CANCELED,11.26,352.0,canceled/failed,
job-5cbfa834e3,LG-640,Print Canceled,CANCELED,11.26,352.0,canceled/failed,
job-5cbfa834e3,LG-640,Print Canceled,CANCELED,11.26,352.0,canceled/failed,
job-5cbfa834e3,LG-640,Print Canceled,CANCELED,11.26,352.0,canceled/failed,
job-5cbfa834e3,LG-640,Print Canceled,CANCELED,11.26,352.0,canceled/failed,
job-5cbfa834e3,LG-640,Print Canceled,CANCELED,11.26,352.0,canceled/failed,
job-5cbfa834e3,LG-640,Print Canceled,CANCELED,11.26,355.0,canceled/failed,
job-5cbfa834e3,LG-640,Print Canceled,CANCELED,11.26,345.0,canceled/failed,
job-5cbfa834e3,LG-640,Print Canceled,CANCELED,11.26,328.0,canceled/failed,
job-5cbfa834e3,LG-640,New Job(Queue A),OTHER_EVENT:New Job(Queue A),0.661,,bad_time_or_dims_or_event,missing_print_times
job-2c85eb2d5c,LG-640,Print End,DUPLICATE_SUMMARY,4.42,430.0,duplicate,
job-2c85eb2d5c,LG-640,Print Error,FAILED,4.42,963.0,canceled/failed,
job-2c85eb2d5c,LG-640,New Job(Queue A),OTHER_EVENT:New Job(Queue A),0.651,,bad_time_or_dims_or_event,missing_print_times
job-872407a811,LG-640,Print End,DUPLICATE_SUMMARY,18.202,1351.0,duplicate,
job-b3f3e8173f,LG-640,Print End,DUPLICATE_SUMMARY,18.202,993.0,duplicate,
job-872407a811,LG-640,Print Canceled,CANCELED,18.202,1225.0,canceled/failed,
job-872407a811,LG-640,Print Canceled,CANCELED,18.202,1225.0,canceled/failed,
job-b3f3e8173f,LG-640,Print Canceled,CANCELED,18.202,1227.0,canceled/failed,
job-b3f3e8173f,LG-640,Print Error,FAILED,18.202,1227.0,canceled/failed,
job-872407a811,LG-640,Print Canceled,CANCELED,18.202,4561.0,canceled/failed,
job-872407a811,LG-640,Print Canceled,CANCELED,18.202,4561.0,canceled/failed,
job-b3f3e8173f,LG-640,Print Canceled,CANCELED,18.202,4579.0,canceled/failed,
job-b3f3e8173f,LG-640,Print Error,FAILED,18.202,4579.0,canceled/failed,
job-872407a811,LG-640,Print Canceled,CANCELED,18.202,48786.0,canceled/failed,possible_idle_gt4h
job-872407a811,LG-640,Print Canceled,CANCELED,18.202,48789.0,canceled/failed,possible_idle_gt4h
job-b3f3e8173f,LG-640,Print Error,FAILED,18.202,48772.0,canceled/failed,possible_idle_gt4h
job-b3f3e8173f,LG-640,Print End,LG640_CMYK_ONLY,18.202,16841.0,bad_time_or_dims_or_event,possible_idle_gt4h
job-b98f282aa4,LG-640,Print End,LG640_GLOSS_ONLY,18.202,15159.0,bad_time_or_dims_or_event,possible_idle_gt4h
job-b98f282aa4,LG-640,Print End,DUPLICATE_SUMMARY,18.202,14156.0,duplicate,
job-0cc0bb89c6,LG-640,Print End,DUPLICATE_SUMMARY,18.202,11475.0,duplicate,
job-dd3cd1875e,LG-640,Print End,DUPLICATE_SUMMARY,18.202,8935.0,duplicate,
job-c505ff9117,LG-640,Print End,DUPLICATE_SUMMARY,18.202,6428.0,duplicate,
job-f2cc95c6fe,LG-640,Print End,DUPLICATE_SUMMARY,18.202,3888.0,duplicate,
job-fd7f077712,LG-640,Print End,DUPLICATE_SUMMARY,18.202,1381.0,duplicate,
job-872407a811,LG-640,New Job(Queue A),OTHER_EVENT:New Job(Queue A),0.749,,bad_time_or_dims_or_event,missing_print_times
job-b3f3e8173f,LG-640,New Job(Queue A),OTHER_EVENT:New Job(Queue A),0.749,,bad_time_or_dims_or_event,missing_print_times
job-b98f282aa4,LG-640,New Job(Queue A),OTHER_EVENT:New Job(Queue A),0.749,,bad_time_or_dims_or_event,missing_print_times
job-0cc0bb89c6,LG-640,New Job(Queue A),OTHER_EVENT:New Job(Queue A),0.749,,bad_time_or_dims_or_event,missing_print_times
job-dd3cd1875e,LG-640,New Job(Queue A),OTHER_EVENT:New Job(Queue A),0.749,,bad_time_or_dims_or_event,missing_print_times
job-c505ff9117,LG-640,New Job(Queue A),OTHER_EVENT:New Job(Queue A),0.749,,bad_time_or_dims_or_event,missing_print_times
job-f2cc95c6fe,LG-640,New Job(Queue A),OTHER_EVENT:New Job(Queue A),0.749,,bad_time_or_dims_or_event,missing_print_times
job-fd7f077712,LG-640,New Job(Queue A),OTHER_EVENT:New Job(Queue A),0.749,,bad_time_or_dims_or_event,missing_print_times
job-1e52dab2aa,LG-640,Print End,LG640_GLOSS_ONLY,17.18,20429.0,bad_time_or_dims_or_event,possible_idle_gt4h
job-1e52dab2aa,LG-640,Print End,DUPLICATE_SUMMARY,17.18,19471.0,duplicate,possible_idle_gt4h
job-1e52dab2aa,LG-640,Print End,LG640_GLOSS_ONLY,17.18,15272.0,bad_time_or_dims_or_event,possible_idle_gt4h
job-1e52dab2aa,LG-640,Print End,DUPLICATE_SUMMARY,17.18,14242.0,duplicate,
job-1e52dab2aa,LG-640,Print End,DUPLICATE_SUMMARY,17.18,10227.0,duplicate,
job-1e52dab2aa,LG-640,Print End,DUPLICATE_SUMMARY,17.18,9195.0,duplicate,
job-1e52dab2aa,LG-640,Print End,DUPLICATE_SUMMARY,17.18,5181.0,duplicate,
job-1e52dab2aa,LG-640,Print End,DUPLICATE_SUMMARY,17.18,4149.0,duplicate,
job-1e52dab2aa,LG-640,Print Canceled,CANCELED,17.18,85837.0,canceled/failed,possible_idle_gt4h
job-1e52dab2aa,LG-640,Print Canceled,CANCELED,17.18,85837.0,canceled/failed,possible_idle_gt4h
job-1e52dab2aa,LG-640,Print Canceled,CANCELED,17.18,85837.0,canceled/failed,possible_idle_gt4h
job-1e52dab2aa,LG-640,Print Canceled,CANCELED,17.18,85837.0,canceled/failed,possible_idle_gt4h
job-1e52dab2aa,LG-640,Print Canceled,CANCELED,17.18,85837.0,canceled/failed,possible_idle_gt4h
job-1e52dab2aa,LG-640,Print Canceled,CANCELED,17.18,85837.0,canceled/failed,possible_idle_gt4h
job-1e52dab2aa,LG-640,Print Canceled,CANCELED,17.18,85837.0,canceled/failed,possible_idle_gt4h
job-1e52dab2aa,LG-640,Print Canceled,CANCELED,17.18,85837.0,canceled/failed,possible_idle_gt4h
job-1e52dab2aa,LG-640,Print Canceled,CANCELED,17.18,85837.0,canceled/failed,possible_idle_gt4h
job-1e52dab2aa,LG-640,Print Canceled,CANCELED,17.18,85837.0,canceled/failed,possible_idle_gt4h
job-1e52dab2aa,LG-640,Print Canceled,CANCELED,17.18,85837.0,canceled/failed,possible_idle_gt4h
job-1e52dab2aa,LG-640,Print Canceled,CANCELED,17.18,85837.0,canceled/failed,possible_idle_gt4h
job-1e52dab2aa,LG-640,Print Canceled,CANCELED,17.18,85837.0,canceled/failed,possible_idle_gt4h
job-1e52dab2aa,LG-640,Print Canceled,CANCELED,17.18,85837.0,canceled/failed,possible_idle_gt4h
job-1e52dab2aa,LG-640,Print Error,FAILED,17.18,85837.0,canceled/failed,possible_idle_gt4h
job-1e52dab2aa,LG-640,Print End,LG640_CMYK_ONLY,17.18,65212.0,bad_time_or_dims_or_event,possible_idle_gt4h
job-1e52dab2aa,LG-640,Print End,DUPLICATE_SUMMARY,17.18,60983.0,duplicate,possible_idle_gt4h
job-1e52dab2aa,LG-640,Print End,DUPLICATE_SUMMARY,17.18,60022.0,duplicate,possible_idle_gt4h
job-1e52dab2aa,LG-640,Print End,DUPLICATE_SUMMARY,17.18,56004.0,duplicate,possible_idle_gt4h
job-1e52dab2aa,LG-640,Print End,DUPLICATE_SUMMARY,17.18,55046.0,duplicate,possible_idle_gt4h
job-1e52dab2aa,LG-640,Print End,LG640_GLOSS_ONLY,17.18,50855.0,bad_time_or_dims_or_event,possible_idle_gt4h
job-1e52dab2aa,LG-640,Print End,DUPLICATE_SUMMARY,17.18,49826.0,duplicate,possible_idle_gt4h
job-1e52dab2aa,LG-640,Print End,DUPLICATE_SUMMARY,17.18,45814.0,duplicate,possible_idle_gt4h
job-1e52dab2aa,LG-640,Print End,DUPLICATE_SUMMARY,17.18,44781.0,duplicate,possible_idle_gt4h
job-1e52dab2aa,LG-640,Print End,DUPLICATE_SUMMARY,17.18,40767.0,duplicate,possible_idle_gt4h
job-1e52dab2aa,LG-640,Print End,DUPLICATE_SUMMARY,17.18,39736.0,duplicate,possible_idle_gt4h
job-1e52dab2aa,LG-640,Print End,DUPLICATE_SUMMARY,17.18,35507.0,duplicate,possible_idle_gt4h
job-1e52dab2aa,LG-640,Print End,DUPLICATE_SUMMARY,17.18,34544.0,duplicate,possible_idle_gt4h
job-1e52dab2aa,LG-640,Print End,DUPLICATE_SUMMARY,17.18,30527.0,duplicate,possible_idle_gt4h
job-1e52dab2aa,LG-640,Print End,DUPLICATE_SUMMARY,17.18,29568.0,duplicate,possible_idle_gt4h
job-1e52dab2aa,LG-640,Print End,DUPLICATE_SUMMARY,17.18,25380.0,duplicate,possible_idle_gt4h
job-1e52dab2aa,LG-640,Print End,DUPLICATE_SUMMARY,17.18,24351.0,duplicate,possible_idle_gt4h
job-1e52dab2aa,LG-640,Print End,DUPLICATE_SUMMARY,17.18,20335.0,duplicate,possible_idle_gt4h
job-1e52dab2aa,LG-640,Print End,DUPLICATE_SUMMARY,17.18,19306.0,duplicate,possible_idle_gt4h
job-1e52dab2aa,LG-640,Print End,DUPLICATE_SUMMARY,17.18,15292.0,duplicate,possible_idle_gt4h
job-1e52dab2aa,LG-640,Print End,DUPLICATE_SUMMARY,17.18,14260.0,duplicate,
job-1e52dab2aa,LG-640,Print End,DUPLICATE_SUMMARY,17.18,10026.0,duplicate,
job-1e52dab2aa,LG-640,Print End,DUPLICATE_SUMMARY,17.18,8998.0,duplicate,
job-1e52dab2aa,LG-640,Print End,DUPLICATE_SUMMARY,17.18,4981.0,duplicate,
job-1e52dab2aa,LG-640,Print End,DUPLICATE_SUMMARY,17.18,3954.0,duplicate,
job-1e52dab2aa,LG-640,New Job(Queue A),OTHER_EVENT:New Job(Queue A),0.519,,bad_time_or_dims_or_event,missing_print_times
job-125bcbdf9e,LG-640,Print End,LG640_GLOSS_ONLY,18.209,16731.0,bad_time_or_dims_or_event,possible_idle_gt4h
job-125bcbdf9e,LG-640,Print End,DUPLICATE_SUMMARY,18.209,15719.0,duplicate,possible_idle_gt4h
job-830ce470cf,LG-640,Print End,DUPLICATE_SUMMARY,18.209,13296.0,duplicate,
job-125bcbdf9e,LG-640,New Job(Queue A),OTHER_EVENT:New Job(Queue A),0.749,,bad_time_or_dims_or_event,missing_print_times
job-830ce470cf,LG-640,New Job(Queue A),OTHER_EVENT:New Job(Queue A),0.749,,bad_time_or_dims_or_event,missing_print_times
job-ef0be0513f,LG-640,Print End,DUPLICATE_SUMMARY,18.209,11807.0,duplicate,
job-8da483c7fd,LG-640,Print End,DUPLICATE_SUMMARY,18.209,9050.0,duplicate,
job-ef0be0513f,LG-640,New Job(Queue A),OTHER_EVENT:New Job(Queue A),0.749,,bad_time_or_dims_or_event,missing_print_times
job-8da483c7fd,LG-640,New Job(Queue A),OTHER_EVENT:New Job(Queue A),0.749,,bad_time_or_dims_or_event,missing_print_times
job-f835a64b8a,LG-640,Print End,DUPLICATE_SUMMARY,18.209,8686.0,duplicate,
job-0868190ee7,LG-640,Print End,DUPLICATE_SUMMARY,18.209,6073.0,duplicate,
job-cd0737fa04,LG-640,Print End,DUPLICATE_SUMMARY,18.209,3341.0,duplicate,
job-b43df7ac7f,LG-640,Print End,DUPLICATE_SUMMARY,18.209,1194.0,duplicate,
job-f835a64b8a,LG-640,New Job(Queue A),OTHER_EVENT:New Job(Queue A),0.749,,bad_time_or_dims_or_event,missing_print_times
job-0868190ee7,LG-640,New Job(Queue A),OTHER_EVENT:New Job(Queue A),0.749,,bad_time_or_dims_or_event,missing_print_times
job-cd0737fa04,LG-640,New Job(Queue A),OTHER_EVENT:New Job(Queue A),0.749,,bad_time_or_dims_or_event,missing_print_times
job-b43df7ac7f,LG-640,Print Canceled,CANCELED,18.209,71.0,canceled/failed,
job-b43df7ac7f,LG-640,Print Canceled,CANCELED,18.209,179.0,canceled/failed,
job-b43df7ac7f,LG-640,New Job(Queue A),OTHER_EVENT:New Job(Queue A),0.749,,bad_time_or_dims_or_event,missing_print_times
job-30d2812c50,LG-640,New Job(Queue A),OTHER_EVENT:New Job(Queue A),0.749,,bad_time_or_dims_or_event,missing_print_times
job-853610eb79,LG-640,New Job(Queue A),OTHER_EVENT:New Job(Queue A),0.749,,bad_time_or_dims_or_event,missing_print_times
job-b52ab3facd,LG-640,New Job(Queue A),OTHER_EVENT:New Job(Queue A),0.749,,bad_time_or_dims_or_event,missing_print_times
job-3cf415d57d,LG-640,New Job(Queue A),OTHER_EVENT:New Job(Queue A),0.749,,bad_time_or_dims_or_event,missing_print_times
job-006864a1d2,LG-640,New Job(Queue A),OTHER_EVENT:New Job(Queue A),0.749,,bad_time_or_dims_or_event,missing_print_times
job-f7f0a5a4ea,LG-640,New Job(Queue A),OTHER_EVENT:New Job(Queue A),0.749,,bad_time_or_dims_or_event,missing_print_times
job-e93b020130,LG-640,New Job(Queue A),OTHER_EVENT:New Job(Queue A),0.749,,bad_time_or_dims_or_event,missing_print_times
job-86834a0273,LG-640,New Job(Queue A),OTHER_EVENT:New Job(Queue A),0.749,,bad_time_or_dims_or_event,missing_print_times
job-b00d7e19e9,LG-640,New Job(Queue A),OTHER_EVENT:New Job(Queue A),0.749,,bad_time_or_dims_or_event,missing_print_times
job-0db0706d99,LG-640,New Job(Queue A),OTHER_EVENT:New Job(Queue A),0.749,,bad_time_or_dims_or_event,missing_print_times
job-00bf0a2a73,LG-640,New Job(Queue A),OTHER_EVENT:New Job(Queue A),0.749,,bad_time_or_dims_or_event,missing_print_times
job-0435c66ebf,LG-640,New Job(Queue A),OTHER_EVENT:New Job(Queue A),0.749,,bad_time_or_dims_or_event,missing_print_times
job-3a7693d342,LG-640,New Job(Queue A),OTHER_EVENT:New Job(Queue A),0.749,,bad_time_or_dims_or_event,missing_print_times
job-b29e942da8,LG-640,New Job(Queue A),OTHER_EVENT:New Job(Queue A),0.749,,bad_time_or_dims_or_event,missing_print_times
job-c9ca53fec3,LG-640,New Job(Queue A),OTHER_EVENT:New Job(Queue A),0.749,,bad_time_or_dims_or_event,missing_print_times
job-1ed757b481,LG-640,New Job(Queue A),OTHER_EVENT:New Job(Queue A),0.749,,bad_time_or_dims_or_event,missing_print_times
job-5d26358599,LG-640,New Job(Queue A),OTHER_EVENT:New Job(Queue A),0.749,,bad_time_or_dims_or_event,missing_print_times
job-7a68b6576e,LG-640,New Job(Queue A),OTHER_EVENT:New Job(Queue A),0.749,,bad_time_or_dims_or_event,missing_print_times
job-e2841dcae8,LG-640,New Job(Queue A),OTHER_EVENT:New Job(Queue A),0.749,,bad_time_or_dims_or_event,missing_print_times
job-4e29bd2574,LG-640,New Job(Queue A),OTHER_EVENT:New Job(Queue A),0.749,,bad_time_or_dims_or_event,missing_print_times
job-79a3d91081,LG-640,New Job(Queue A),OTHER_EVENT:New Job(Queue A),0.749,,bad_time_or_dims_or_event,missing_print_times
job-cfbe5f8ade,LG-640,New Job(Queue A),OTHER_EVENT:New Job(Queue A),0.749,,bad_time_or_dims_or_event,missing_print_times
job-7e66f82494,LG-640,New Job(Queue A),OTHER_EVENT:New Job(Queue A),0.749,,bad_time_or_dims_or_event,missing_print_times
job-c10e3b4526,LG-640,New Job(Queue A),OTHER_EVENT:New Job(Queue A),0.749,,bad_time_or_dims_or_event,missing_print_times
job-aebed6398e,LG-640,New Job(Queue A),OTHER_EVENT:New Job(Queue A),0.749,,bad_time_or_dims_or_event,missing_print_times
job-7480b23e78,LG-640,New Job(Queue A),OTHER_EVENT:New Job(Queue A),0.749,,bad_time_or_dims_or_event,missing_print_times
job-31599250e7,LG-640,New Job(Queue A),OTHER_EVENT:New Job(Queue A),0.749,,bad_time_or_dims_or_event,missing_print_times
job-624afbca92,LG-640,New Job(Queue A),OTHER_EVENT:New Job(Queue A),0.749,,bad_time_or_dims_or_event,missing_print_times
job-e6529f6f45,LG-640,New Job(Queue A),OTHER_EVENT:New Job(Queue A),0.749,,bad_time_or_dims_or_event,missing_print_times
job-4dcc680b40,LG-640,New Job(Queue A),OTHER_EVENT:New Job(Queue A),0.749,,bad_time_or_dims_or_event,missing_print_times
job-9f65f52ed4,LG-640,New Job(Queue A),OTHER_EVENT:New Job(Queue A),0.749,,bad_time_or_dims_or_event,missing_print_times
job-d5199a7a35,LG-640,New Job(Queue A),OTHER_EVENT:New Job(Queue A),0.749,,bad_time_or_dims_or_event,missing_print_times
job-e3eef61f05,LG-640,New Job(Queue A),OTHER_EVENT:New Job(Queue A),0.248,,bad_time_or_dims_or_event,missing_print_times
job-e3eef61f05,LG-640,New Job(Queue A),OTHER_EVENT:New Job(Queue A),0.248,,bad_time_or_dims_or_event,missing_print_times
job-58480ca935,LG-640,Print Canceled,CANCELED,11.912,200.0,canceled/failed,
job-58480ca935,LG-640,Print Canceled,CANCELED,11.912,213.0,canceled/failed,
job-c06650874e,LG-640,Print Canceled,CANCELED,12.089,437.0,canceled/failed,
job-6df3eb4ba4,LG-640,Print End,LG640_GLOSS_ONLY,14.053,42175.0,bad_time_or_dims_or_event,possible_idle_gt4h
job-6df3eb4ba4,LG-640,Print End,DUPLICATE_SUMMARY,14.053,40479.0,duplicate,possible_idle_gt4h
job-6df3eb4ba4,LG-640,Print End,DUPLICATE_SUMMARY,14.053,39009.0,duplicate,possible_idle_gt4h
job-6df3eb4ba4,LG-640,Print End,DUPLICATE_SUMMARY,14.053,37061.0,duplicate,possible_idle_gt4h
job-6df3eb4ba4,LG-640,Print End,DUPLICATE_SUMMARY,14.053,35805.0,duplicate,possible_idle_gt4h
job-6df3eb4ba4,LG-640,Print End,DUPLICATE_SUMMARY,14.053,33972.0,duplicate,possible_idle_gt4h
job-6df3eb4ba4,LG-640,Print End,DUPLICATE_SUMMARY,14.053,32721.0,duplicate,possible_idle_gt4h
job-6df3eb4ba4,LG-640,Print End,DUPLICATE_SUMMARY,14.053,31026.0,duplicate,possible_idle_gt4h
job-6df3eb4ba4,LG-640,Print End,DUPLICATE_SUMMARY,14.053,29835.0,duplicate,possible_idle_gt4h
job-6df3eb4ba4,LG-640,Print End,DUPLICATE_SUMMARY,14.053,28142.0,duplicate,possible_idle_gt4h
job-6df3eb4ba4,LG-640,Print End,DUPLICATE_SUMMARY,14.053,26960.0,duplicate,possible_idle_gt4h
job-6df3eb4ba4,LG-640,Print End,DUPLICATE_SUMMARY,14.053,25267.0,duplicate,possible_idle_gt4h
job-6df3eb4ba4,LG-640,Print End,DUPLICATE_SUMMARY,14.053,23837.0,duplicate,possible_idle_gt4h
job-6df3eb4ba4,LG-640,Print End,DUPLICATE_SUMMARY,14.053,22001.0,duplicate,possible_idle_gt4h
job-6df3eb4ba4,LG-640,Print End,DUPLICATE_SUMMARY,14.053,20748.0,duplicate,possible_idle_gt4h
job-6df3eb4ba4,LG-640,Print End,DUPLICATE_SUMMARY,14.053,18983.0,duplicate,possible_idle_gt4h
job-6df3eb4ba4,LG-640,Print End,DUPLICATE_SUMMARY,14.053,17695.0,duplicate,possible_idle_gt4h
job-6df3eb4ba4,LG-640,Print End,LG640_CMYK_ONLY,14.053,15714.0,bad_time_or_dims_or_event,possible_idle_gt4h
job-6df3eb4ba4,LG-640,Print End,DUPLICATE_SUMMARY,14.053,14531.0,duplicate,possible_idle_gt4h
job-6df3eb4ba4,LG-640,Print End,DUPLICATE_SUMMARY,14.053,12837.0,duplicate,
job-e65f621cab,LG-640,Print End,DUPLICATE_SUMMARY,14.053,9504.0,duplicate,
job-e65f621cab,LG-640,Print End,DUPLICATE_SUMMARY,14.053,8252.0,duplicate,
job-e65f621cab,LG-640,Print End,DUPLICATE_SUMMARY,14.053,6434.0,duplicate,
job-e65f621cab,LG-640,Print End,DUPLICATE_SUMMARY,14.053,3498.0,duplicate,
job-e65f621cab,LG-640,Print End,DUPLICATE_SUMMARY,14.053,972.0,duplicate,
job-e65f621cab,LG-640,Print Canceled,CANCELED,14.053,867.0,canceled/failed,
job-e65f621cab,LG-640,Print Error,FAILED,14.053,867.0,canceled/failed,
job-6df3eb4ba4,LG-640,Print Canceled,CANCELED,14.053,1626.0,canceled/failed,
job-6df3eb4ba4,LG-640,Print Canceled,CANCELED,14.053,1626.0,canceled/failed,
job-6df3eb4ba4,LG-640,Print Canceled,CANCELED,14.053,1626.0,canceled/failed,
job-6df3eb4ba4,LG-640,Print Canceled,CANCELED,14.053,1626.0,canceled/failed,
job-6df3eb4ba4,LG-640,Print Canceled,CANCELED,14.053,1626.0,canceled/failed,
job-6df3eb4ba4,LG-640,Print Canceled,CANCELED,14.053,1626.0,canceled/failed,
job-6df3eb4ba4,LG-640,Print Canceled,CANCELED,14.053,1626.0,canceled/failed,
job-6df3eb4ba4,LG-640,Print Canceled,CANCELED,14.053,1626.0,canceled/failed,
job-6df3eb4ba4,LG-640,Print Canceled,CANCELED,14.053,1626.0,canceled/failed,
job-6df3eb4ba4,LG-640,Print Canceled,CANCELED,14.053,1626.0,canceled/failed,
job-6df3eb4ba4,LG-640,Print Canceled,CANCELED,14.053,1627.0,canceled/failed,
job-6df3eb4ba4,LG-640,Print Canceled,CANCELED,14.053,1627.0,canceled/failed,
job-6df3eb4ba4,LG-640,Print Canceled,CANCELED,14.053,1627.0,canceled/failed,
job-6df3eb4ba4,LG-640,Print Canceled,CANCELED,14.053,1626.0,canceled/failed,
job-6df3eb4ba4,LG-640,Print Canceled,CANCELED,14.053,1626.0,canceled/failed,
job-6df3eb4ba4,LG-640,Print Canceled,CANCELED,14.053,1626.0,canceled/failed,
job-6df3eb4ba4,LG-640,Print Canceled,CANCELED,14.053,1626.0,canceled/failed,
job-6df3eb4ba4,LG-640,Print Canceled,CANCELED,14.053,1626.0,canceled/failed,
job-6df3eb4ba4,LG-640,Print Canceled,CANCELED,14.053,1626.0,canceled/failed,
job-6df3eb4ba4,LG-640,Print Canceled,CANCELED,14.053,1636.0,canceled/failed,
job-e65f621cab,LG-640,Print Canceled,CANCELED,14.053,1631.0,canceled/failed,
job-e65f621cab,LG-640,Print Canceled,CANCELED,14.053,1631.0,canceled/failed,
job-e65f621cab,LG-640,Print Canceled,CANCELED,14.053,1631.0,canceled/failed,
job-e65f621cab,LG-640,Print Canceled,CANCELED,14.053,1631.0,canceled/failed,
job-e65f621cab,LG-640,Print Canceled,CANCELED,14.053,1631.0,canceled/failed,
job-e65f621cab,LG-640,Print Error,FAILED,14.053,1631.0,canceled/failed,
job-6df3eb4ba4,LG-640,Print Canceled,CANCELED,14.053,73713.0,canceled/failed,possible_idle_gt4h
job-6df3eb4ba4,LG-640,Print Canceled,CANCELED,14.053,73713.0,canceled/failed,possible_idle_gt4h
job-6df3eb4ba4,LG-640,Print Canceled,CANCELED,14.053,73713.0,canceled/failed,possible_idle_gt4h
job-6df3eb4ba4,LG-640,Print Canceled,CANCELED,14.053,73713.0,canceled/failed,possible_idle_gt4h
job-6df3eb4ba4,LG-640,Print Canceled,CANCELED,14.053,73713.0,canceled/failed,possible_idle_gt4h
job-6df3eb4ba4,LG-640,Print Canceled,CANCELED,14.053,73713.0,canceled/failed,possible_idle_gt4h
job-6df3eb4ba4,LG-640,Print Canceled,CANCELED,14.053,73713.0,canceled/failed,possible_idle_gt4h
job-6df3eb4ba4,LG-640,Print Canceled,CANCELED,14.053,73713.0,canceled/failed,possible_idle_gt4h
job-6df3eb4ba4,LG-640,Print Canceled,CANCELED,14.053,73713.0,canceled/failed,possible_idle_gt4h
job-6df3eb4ba4,LG-640,Print Canceled,CANCELED,14.053,73713.0,canceled/failed,possible_idle_gt4h
job-6df3eb4ba4,LG-640,Print Canceled,CANCELED,14.053,73713.0,canceled/failed,possible_idle_gt4h
job-6df3eb4ba4,LG-640,Print Canceled,CANCELED,14.053,73713.0,canceled/failed,possible_idle_gt4h
job-6df3eb4ba4,LG-640,Print Canceled,CANCELED,14.053,73713.0,canceled/failed,possible_idle_gt4h
job-6df3eb4ba4,LG-640,Print Canceled,CANCELED,14.053,73713.0,canceled/failed,possible_idle_gt4h
job-6df3eb4ba4,LG-640,Print Canceled,CANCELED,14.053,73714.0,canceled/failed,possible_idle_gt4h
job-6df3eb4ba4,LG-640,Print Canceled,CANCELED,14.053,73714.0,canceled/failed,possible_idle_gt4h
job-6df3eb4ba4,LG-640,Print Canceled,CANCELED,14.053,73714.0,canceled/failed,possible_idle_gt4h
job-6df3eb4ba4,LG-640,Print Canceled,CANCELED,14.053,73714.0,canceled/failed,possible_idle_gt4h
job-6df3eb4ba4,LG-640,Print Canceled,CANCELED,14.053,73714.0,canceled/failed,possible_idle_gt4h
job-6df3eb4ba4,LG-640,Print Canceled,CANCELED,14.053,73722.0,canceled/failed,possible_idle_gt4h
job-e65f621cab,LG-640,Print Canceled,CANCELED,14.053,73713.0,canceled/failed,possible_idle_gt4h
job-e65f621cab,LG-640,Print Canceled,CANCELED,14.053,73713.0,canceled/failed,possible_idle_gt4h
job-e65f621cab,LG-640,Print Canceled,CANCELED,14.053,73714.0,canceled/failed,possible_idle_gt4h
job-e65f621cab,LG-640,Print Canceled,CANCELED,14.053,73714.0,canceled/failed,possible_idle_gt4h
job-e65f621cab,LG-640,Print Canceled,CANCELED,14.053,73714.0,canceled/failed,possible_idle_gt4h
job-e65f621cab,LG-640,Print Canceled,CANCELED,14.053,73714.0,canceled/failed,possible_idle_gt4h
job-e65f621cab,LG-640,Print Error,FAILED,14.053,73714.0,canceled/failed,possible_idle_gt4h
job-e65f621cab,LG-640,Print End,LG640_CMYK_ONLY,14.053,46792.0,bad_time_or_dims_or_event,possible_idle_gt4h
job-e65f621cab,LG-640,Print End,DUPLICATE_SUMMARY,14.053,45542.0,duplicate,possible_idle_gt4h
job-e65f621cab,LG-640,Print End,DUPLICATE_SUMMARY,14.053,43651.0,duplicate,possible_idle_gt4h
job-e65f621cab,LG-640,Print End,DUPLICATE_SUMMARY,14.053,42396.0,duplicate,possible_idle_gt4h
job-e65f621cab,LG-640,Print End,DUPLICATE_SUMMARY,14.053,40645.0,duplicate,possible_idle_gt4h
job-e65f621cab,LG-640,Print End,DUPLICATE_SUMMARY,14.053,39456.0,duplicate,possible_idle_gt4h
job-e65f621cab,LG-640,Print End,DUPLICATE_SUMMARY,14.053,37704.0,duplicate,possible_idle_gt4h
job-e65f621cab,LG-640,Print End,DUPLICATE_SUMMARY,14.053,36412.0,duplicate,possible_idle_gt4h
job-e65f621cab,LG-640,Print End,DUPLICATE_SUMMARY,14.053,34396.0,duplicate,possible_idle_gt4h
job-e65f621cab,LG-640,Print End,DUPLICATE_SUMMARY,14.053,33147.0,duplicate,possible_idle_gt4h
job-e65f621cab,LG-640,Print End,DUPLICATE_SUMMARY,14.053,31252.0,duplicate,possible_idle_gt4h
job-e65f621cab,LG-640,Print End,DUPLICATE_SUMMARY,14.053,29965.0,duplicate,possible_idle_gt4h
job-e65f621cab,LG-640,Print End,DUPLICATE_SUMMARY,14.053,27929.0,duplicate,possible_idle_gt4h
job-5aef1cf2c5,LG-640,Print End,LG640_GLOSS_ONLY,14.053,26765.0,bad_time_or_dims_or_event,possible_idle_gt4h
job-5aef1cf2c5,LG-640,Print End,DUPLICATE_SUMMARY,14.053,25024.0,duplicate,possible_idle_gt4h
job-5aef1cf2c5,LG-640,Print End,DUPLICATE_SUMMARY,14.053,23837.0,duplicate,possible_idle_gt4h
job-5aef1cf2c5,LG-640,Print End,DUPLICATE_SUMMARY,14.053,21885.0,duplicate,possible_idle_gt4h
job-5aef1cf2c5,LG-640,Print End,DUPLICATE_SUMMARY,14.053,20634.0,duplicate,possible_idle_gt4h
job-5aef1cf2c5,LG-640,Print End,DUPLICATE_SUMMARY,14.053,18749.0,duplicate,possible_idle_gt4h
job-5aef1cf2c5,LG-640,Print End,DUPLICATE_SUMMARY,14.053,17492.0,duplicate,possible_idle_gt4h
job-5aef1cf2c5,LG-640,Print End,DUPLICATE_SUMMARY,14.053,15679.0,duplicate,possible_idle_gt4h
job-5aef1cf2c5,LG-640,Print End,DUPLICATE_SUMMARY,14.053,14498.0,duplicate,possible_idle_gt4h
job-5aef1cf2c5,LG-640,Print End,DUPLICATE_SUMMARY,14.053,12756.0,duplicate,
job-a8ccebfddf,LG-640,Print End,DUPLICATE_SUMMARY,11.549,11366.0,duplicate,
job-a8ccebfddf,LG-640,Print End,DUPLICATE_SUMMARY,11.549,10062.0,duplicate,
job-a8ccebfddf,LG-640,Print End,DUPLICATE_SUMMARY,11.549,1183.0,duplicate,
job-a8ccebfddf,LG-640,New Job(Queue A),OTHER_EVENT:New Job(Queue A),0.583,,bad_time_or_dims_or_event,missing_print_times
job-7dd10fa339,LG-640,Print End,DUPLICATE_SUMMARY,11.549,10326.0,duplicate,
job-7dd10fa339,LG-640,Print End,DUPLICATE_SUMMARY,11.549,9130.0,duplicate,
job-7dd10fa339,LG-640,Print End,DUPLICATE_SUMMARY,11.549,6791.0,duplicate,
job-a0e957143e,LG-640,Print End,DUPLICATE_SUMMARY,11.549,3920.0,duplicate,
job-a0e957143e,LG-640,Print End,DUPLICATE_SUMMARY,11.549,2530.0,duplicate,
job-a0e957143e,LG-640,Print End,DUPLICATE_SUMMARY,11.549,1223.0,duplicate,
job-2710f365a5,LG-640,New Job(Queue A),OTHER_EVENT:New Job(Queue A),0.303,,bad_time_or_dims_or_event,missing_print_times
job-25b50de9d9,LG-640,New Job(Queue A),OTHER_EVENT:New Job(Queue A),0.303,,bad_time_or_dims_or_event,missing_print_times
job-2052ffc34a,LG-640,New Job(Queue A),OTHER_EVENT:New Job(Queue A),0.264,,bad_time_or_dims_or_event,missing_print_times
job-d8090c6249,LG-640,New Job(Queue A),OTHER_EVENT:New Job(Queue A),2.231,,bad_time_or_dims_or_event,missing_print_times
job-6ae078c064,LG-640,New Job(Queue A),OTHER_EVENT:New Job(Queue A),0.312,,bad_time_or_dims_or_event,missing_print_times
job-ae2b48b2e3,LG-640,New Job(Queue A),OTHER_EVENT:New Job(Queue A),0.312,,bad_time_or_dims_or_event,missing_print_times
job-0a9074d538,LG-640,New Job(Queue A),OTHER_EVENT:New Job(Queue A),0.312,,bad_time_or_dims_or_event,missing_print_times
job-8646db1fb7,LG-640,New Job(Queue A),OTHER_EVENT:New Job(Queue A),0.312,,bad_time_or_dims_or_event,missing_print_times
job-5d1661367a,LG-640,New Job(Queue A),OTHER_EVENT:New Job(Queue A),0.312,,bad_time_or_dims_or_event,missing_print_times
job-1aea9fb61e,LG-640,New Job(Queue A),OTHER_EVENT:New Job(Queue A),0.312,,bad_time_or_dims_or_event,missing_print_times
job-5a40dc80ff,LG-640,New Job(Queue A),OTHER_EVENT:New Job(Queue A),0.312,,bad_time_or_dims_or_event,missing_print_times
job-47ed2f9b1c,LG-640,New Job(Queue A),OTHER_EVENT:New Job(Queue A),0.312,,bad_time_or_dims_or_event,missing_print_times
job-7dd10fa339,LG-640,New Job(Queue A),OTHER_EVENT:New Job(Queue A),0.583,,bad_time_or_dims_or_event,missing_print_times
job-a0e957143e,LG-640,New Job(Queue A),OTHER_EVENT:New Job(Queue A),0.583,,bad_time_or_dims_or_event,missing_print_times
job-6911def924,LG-640,Print End,DUPLICATE_SUMMARY,18.216,5120.0,duplicate,
job-6911def924,LG-640,Print End,DUPLICATE_SUMMARY,18.216,3697.0,duplicate,
job-6911def924,LG-640,Print End,DUPLICATE_SUMMARY,18.216,1390.0,duplicate,
job-ab6cf3779f,LG-640,New Job(Queue A),OTHER_EVENT:New Job(Queue A),0.193,,bad_time_or_dims_or_event,missing_print_times
job-ded9d7eaa4,LG-640,New Job(Queue A),OTHER_EVENT:New Job(Queue A),0.193,,bad_time_or_dims_or_event,missing_print_times
job-434829465d,LG-640,New Job(Queue A),OTHER_EVENT:New Job(Queue A),0.193,,bad_time_or_dims_or_event,missing_print_times
job-e6f4161282,LG-640,New Job(Queue A),OTHER_EVENT:New Job(Queue A),0.193,,bad_time_or_dims_or_event,missing_print_times
job-0f2a21c153,LG-640,New Job(Queue A),OTHER_EVENT:New Job(Queue A),0.193,,bad_time_or_dims_or_event,missing_print_times
job-50789441b1,LG-640,New Job(Queue A),OTHER_EVENT:New Job(Queue A),0.193,,bad_time_or_dims_or_event,missing_print_times
job-ab6cf3779f,LG-640,RIP Canceled,CANCELED,2.386,,canceled/failed,missing_print_times
job-ded9d7eaa4,LG-640,RIP Canceled,CANCELED,2.386,,canceled/failed,missing_print_times
job-434829465d,LG-640,RIP Canceled,CANCELED,2.386,,canceled/failed,missing_print_times
job-e6f4161282,LG-640,RIP Canceled,CANCELED,2.386,,canceled/failed,missing_print_times
job-0f2a21c153,LG-640,RIP Canceled,CANCELED,2.386,,canceled/failed,missing_print_times
job-50789441b1,LG-640,RIP Canceled,CANCELED,2.386,,canceled/failed,missing_print_times
job-ab6cf3779f,LG-640,New Job(Queue A),OTHER_EVENT:New Job(Queue A),0.207,,bad_time_or_dims_or_event,missing_print_times
job-ded9d7eaa4,LG-640,New Job(Queue A),OTHER_EVENT:New Job(Queue A),0.207,,bad_time_or_dims_or_event,missing_print_times
job-434829465d,LG-640,New Job(Queue A),OTHER_EVENT:New Job(Queue A),0.207,,bad_time_or_dims_or_event,missing_print_times
job-e6f4161282,LG-640,New Job(Queue A),OTHER_EVENT:New Job(Queue A),0.207,,bad_time_or_dims_or_event,missing_print_times
job-0f2a21c153,LG-640,New Job(Queue A),OTHER_EVENT:New Job(Queue A),0.207,,bad_time_or_dims_or_event,missing_print_times
job-50789441b1,LG-640,New Job(Queue A),OTHER_EVENT:New Job(Queue A),0.207,,bad_time_or_dims_or_event,missing_print_times
job-5aef1cf2c5,LG-640,New Job(Queue A),OTHER_EVENT:New Job(Queue A),0.658,,bad_time_or_dims_or_event,missing_print_times
job-e65f621cab,LG-640,New Job(Queue A),OTHER_EVENT:New Job(Queue A),0.658,,bad_time_or_dims_or_event,missing_print_times
job-6df3eb4ba4,LG-640,New Job(Queue A),OTHER_EVENT:New Job(Queue A),0.658,,bad_time_or_dims_or_event,missing_print_times
job-9fcfa6a535,LG-640,Print End,DUPLICATE_SUMMARY,11.531,8736.0,duplicate,
job-5967abd055,LG-640,Print End,DUPLICATE_SUMMARY,11.531,4997.0,duplicate,
job-5967abd055,LG-640,Print End,DUPLICATE_SUMMARY,11.531,3729.0,duplicate,
job-5967abd055,LG-640,Print End,DUPLICATE_SUMMARY,11.531,1249.0,duplicate,
job-5967abd055,LG-640,New Job(Queue A),OTHER_EVENT:New Job(Queue A),0.619,,bad_time_or_dims_or_event,missing_print_times
job-eef41376b9,LG-640,Print End,LG640_GLOSS_ONLY,11.531,40828.0,bad_time_or_dims_or_event,possible_idle_gt4h
job-eef41376b9,LG-640,Print End,DUPLICATE_SUMMARY,11.531,38485.0,duplicate,possible_idle_gt4h
job-eef41376b9,LG-640,Print End,DUPLICATE_SUMMARY,11.531,37291.0,duplicate,possible_idle_gt4h
job-eef41376b9,LG-640,Print End,DUPLICATE_SUMMARY,11.531,34948.0,duplicate,possible_idle_gt4h
job-d2fda1d2e0,LG-640,Print End,LG640_GLOSS_ONLY,11.531,33647.0,bad_time_or_dims_or_event,possible_idle_gt4h
job-d2fda1d2e0,LG-640,Print End,DUPLICATE_SUMMARY,11.531,31021.0,duplicate,possible_idle_gt4h
job-d2fda1d2e0,LG-640,Print End,DUPLICATE_SUMMARY,11.531,29755.0,duplicate,possible_idle_gt4h
job-d2fda1d2e0,LG-640,Print End,DUPLICATE_SUMMARY,11.531,27125.0,duplicate,possible_idle_gt4h
job-f52375d600,LG-640,Print End,LG640_GLOSS_ONLY,11.531,25927.0,bad_time_or_dims_or_event,possible_idle_gt4h
job-f52375d600,LG-640,Print End,DUPLICATE_SUMMARY,11.531,23588.0,duplicate,possible_idle_gt4h
job-f52375d600,LG-640,Print End,DUPLICATE_SUMMARY,11.531,22391.0,duplicate,possible_idle_gt4h
job-f52375d600,LG-640,Print End,DUPLICATE_SUMMARY,11.531,19796.0,duplicate,possible_idle_gt4h
job-1f81a7aec3,LG-640,Print End,LG640_GLOSS_ONLY,11.531,18495.0,bad_time_or_dims_or_event,possible_idle_gt4h
job-1f81a7aec3,LG-640,Print End,DUPLICATE_SUMMARY,11.531,16014.0,duplicate,possible_idle_gt4h
job-1f81a7aec3,LG-640,Print End,DUPLICATE_SUMMARY,11.531,14748.0,duplicate,possible_idle_gt4h
job-1f81a7aec3,LG-640,Print End,DUPLICATE_SUMMARY,11.531,12407.0,duplicate,
job-993745b7fb,LG-640,Print End,DUPLICATE_SUMMARY,11.531,8870.0,duplicate,
job-993745b7fb,LG-640,Print End,DUPLICATE_SUMMARY,11.531,7673.0,duplicate,
job-993745b7fb,LG-640,Print End,DUPLICATE_SUMMARY,11.531,4834.0,duplicate,
job-07ffa14c82,LG-640,Print Canceled,CANCELED,11.531,3582.0,canceled/failed,
job-07ffa14c82,LG-640,Print Canceled,CANCELED,11.531,3585.0,canceled/failed,
job-07ffa14c82,LG-640,Print End,DUPLICATE_SUMMARY,11.531,1098.0,duplicate,
job-eef41376b9,LG-640,Print Canceled,CANCELED,11.531,2138.0,canceled/failed,
job-eef41376b9,LG-640,Print Canceled,CANCELED,11.531,2138.0,canceled/failed,
job-eef41376b9,LG-640,Print Canceled,CANCELED,11.531,2138.0,canceled/failed,
job-eef41376b9,LG-640,Print Canceled,CANCELED,11.531,2138.0,canceled/failed,
job-d2fda1d2e0,LG-640,Print Canceled,CANCELED,11.531,2153.0,canceled/failed,
job-d2fda1d2e0,LG-640,Print Canceled,CANCELED,11.531,2153.0,canceled/failed,
job-d2fda1d2e0,LG-640,Print Canceled,CANCELED,11.531,2153.0,canceled/failed,
job-d2fda1d2e0,LG-640,Print Canceled,CANCELED,11.531,2153.0,canceled/failed,
job-f52375d600,LG-640,Print Canceled,CANCELED,11.531,2167.0,canceled/failed,
job-f52375d600,LG-640,Print Canceled,CANCELED,11.531,2167.0,canceled/failed,
job-f52375d600,LG-640,Print Canceled,CANCELED,11.531,2167.0,canceled/failed,
job-f52375d600,LG-640,Print Canceled,CANCELED,11.531,2167.0,canceled/failed,
job-1f81a7aec3,LG-640,Print Canceled,CANCELED,11.531,2181.0,canceled/failed,
job-1f81a7aec3,LG-640,Print Canceled,CANCELED,11.531,2181.0,canceled/failed,
job-1f81a7aec3,LG-640,Print Canceled,CANCELED,11.531,2181.0,canceled/failed,
job-1f81a7aec3,LG-640,Print Canceled,CANCELED,11.531,2181.0,canceled/failed,
job-993745b7fb,LG-640,Print Canceled,CANCELED,11.531,2196.0,canceled/failed,
job-993745b7fb,LG-640,Print Canceled,CANCELED,11.531,2196.0,canceled/failed,
job-993745b7fb,LG-640,Print Canceled,CANCELED,11.531,2196.0,canceled/failed,
job-993745b7fb,LG-640,Print Canceled,CANCELED,11.531,2200.0,canceled/failed,
job-5967abd055,LG-640,Print Canceled,CANCELED,11.531,2201.0,canceled/failed,
job-5967abd055,LG-640,Print Canceled,CANCELED,11.531,2201.0,canceled/failed,
job-5967abd055,LG-640,Print Canceled,CANCELED,11.531,2204.0,canceled/failed,
job-eef41376b9,LG-640,New Job(Queue A),OTHER_EVENT:New Job(Queue A),0.581,,bad_time_or_dims_or_event,missing_print_times
job-d2fda1d2e0,LG-640,New Job(Queue A),OTHER_EVENT:New Job(Queue A),0.581,,bad_time_or_dims_or_event,missing_print_times
job-f52375d600,LG-640,New Job(Queue A),OTHER_EVENT:New Job(Queue A),0.581,,bad_time_or_dims_or_event,missing_print_times
job-1f81a7aec3,LG-640,New Job(Queue A),OTHER_EVENT:New Job(Queue A),0.581,,bad_time_or_dims_or_event,missing_print_times
job-993745b7fb,LG-640,New Job(Queue A),OTHER_EVENT:New Job(Queue A),0.581,,bad_time_or_dims_or_event,missing_print_times
job-5967abd055,LG-640,New Job(Queue A),OTHER_EVENT:New Job(Queue A),0.581,,bad_time_or_dims_or_event,missing_print_times
job-07ffa14c82,LG-640,Print End,LG640_GLOSS_ONLY,11.531,99458.0,bad_time_or_dims_or_event,possible_idle_gt4h
job-07ffa14c82,LG-640,Print End,DUPLICATE_SUMMARY,11.531,97018.0,duplicate,possible_idle_gt4h
job-07ffa14c82,LG-640,Print End,DUPLICATE_SUMMARY,11.531,95822.0,duplicate,possible_idle_gt4h
job-07ffa14c82,LG-640,Print End,DUPLICATE_SUMMARY,11.531,93243.0,duplicate,possible_idle_gt4h
job-07ffa14c82,LG-640,Print End,DUPLICATE_SUMMARY,11.531,91977.0,duplicate,possible_idle_gt4h
job-07ffa14c82,LG-640,Print End,DUPLICATE_SUMMARY,11.531,89507.0,duplicate,possible_idle_gt4h
job-07ffa14c82,LG-640,Print End,DUPLICATE_SUMMARY,11.531,88204.0,duplicate,possible_idle_gt4h
job-07ffa14c82,LG-640,Print End,DUPLICATE_SUMMARY,11.531,85875.0,duplicate,possible_idle_gt4h
job-07ffa14c82,LG-640,Print End,DUPLICATE_SUMMARY,11.531,84393.0,duplicate,possible_idle_gt4h
job-07ffa14c82,LG-640,Print End,DUPLICATE_SUMMARY,11.531,81992.0,duplicate,possible_idle_gt4h
job-07ffa14c82,LG-640,Print End,DUPLICATE_SUMMARY,11.531,80515.0,duplicate,possible_idle_gt4h
job-07ffa14c82,LG-640,Print End,DUPLICATE_SUMMARY,11.531,78045.0,duplicate,possible_idle_gt4h
job-dd91adb17f,LG-640,Print End,LG640_GLOSS_ONLY,11.531,76788.0,bad_time_or_dims_or_event,possible_idle_gt4h
job-dd91adb17f,LG-640,Print End,DUPLICATE_SUMMARY,11.531,74387.0,duplicate,possible_idle_gt4h
job-dd91adb17f,LG-640,Print End,DUPLICATE_SUMMARY,11.531,73192.0,duplicate,possible_idle_gt4h
job-dd91adb17f,LG-640,Print End,DUPLICATE_SUMMARY,11.531,70862.0,duplicate,possible_idle_gt4h
job-dd91adb17f,LG-640,Print End,DUPLICATE_SUMMARY,11.531,69667.0,duplicate,possible_idle_gt4h
job-dd91adb17f,LG-640,Print End,DUPLICATE_SUMMARY,11.531,67082.0,duplicate,possible_idle_gt4h
job-dd91adb17f,LG-640,Print End,DUPLICATE_SUMMARY,11.531,65780.0,duplicate,possible_idle_gt4h
job-dd91adb17f,LG-640,Print End,DUPLICATE_SUMMARY,11.531,63308.0,duplicate,possible_idle_gt4h
job-b3817f7e4c,LG-640,Print End,LG640_GLOSS_ONLY,11.531,61838.0,bad_time_or_dims_or_event,possible_idle_gt4h
job-b3817f7e4c,LG-640,Print End,DUPLICATE_SUMMARY,11.531,59493.0,duplicate,possible_idle_gt4h
job-07ffa14c82,LG-640,Print Canceled,CANCELED,11.531,11.0,canceled/failed,
job-07ffa14c82,LG-640,Print Canceled,CANCELED,11.531,11.0,canceled/failed,
job-07ffa14c82,LG-640,Print Canceled,CANCELED,11.531,11.0,canceled/failed,
job-07ffa14c82,LG-640,Print Canceled,CANCELED,11.531,11.0,canceled/failed,
job-07ffa14c82,LG-640,Print Canceled,CANCELED,11.531,11.0,canceled/failed,
job-07ffa14c82,LG-640,Print Canceled,CANCELED,11.531,11.0,canceled/failed,
job-07ffa14c82,LG-640,Print Canceled,CANCELED,11.531,11.0,canceled/failed,
job-07ffa14c82,LG-640,Print Canceled,CANCELED,11.531,11.0,canceled/failed,
job-07ffa14c82,LG-640,Print Canceled,CANCELED,11.531,11.0,canceled/failed,
job-07ffa14c82,LG-640,Print Canceled,CANCELED,11.531,11.0,canceled/failed,
job-07ffa14c82,LG-640,Print Canceled,CANCELED,11.531,11.0,canceled/failed,
job-07ffa14c82,LG-640,Print Canceled,CANCELED,11.531,11.0,canceled/failed,
job-dd91adb17f,LG-640,Print Canceled,CANCELED,11.531,51.0,canceled/failed,
job-dd91adb17f,LG-640,Print Canceled,CANCELED,11.531,50.0,canceled/failed,
job-dd91adb17f,LG-640,Print Canceled,CANCELED,11.531,50.0,canceled/failed,
job-dd91adb17f,LG-640,Print Canceled,CANCELED,11.531,50.0,canceled/failed,
job-dd91adb17f,LG-640,Print Canceled,CANCELED,11.531,50.0,canceled/failed,
job-dd91adb17f,LG-640,Print Canceled,CANCELED,11.531,50.0,canceled/failed,
job-dd91adb17f,LG-640,Print Canceled,CANCELED,11.531,50.0,canceled/failed,
job-dd91adb17f,LG-640,Print Canceled,CANCELED,11.531,50.0,canceled/failed,
job-b3817f7e4c,LG-640,Print Canceled,CANCELED,11.531,92.0,canceled/failed,
job-b3817f7e4c,LG-640,Print Canceled,CANCELED,11.531,92.0,canceled/failed,
job-b3817f7e4c,LG-640,Print Canceled,CANCELED,11.531,92.0,canceled/failed,
job-b3817f7e4c,LG-640,Print Canceled,CANCELED,11.531,92.0,canceled/failed,
job-19c1306492,LG-640,Print End,LG640_GLOSS_ONLY,11.531,58431.0,bad_time_or_dims_or_event,possible_idle_gt4h
job-19c1306492,LG-640,Print End,DUPLICATE_SUMMARY,11.531,55834.0,duplicate,possible_idle_gt4h
job-19c1306492,LG-640,Print End,DUPLICATE_SUMMARY,11.531,54528.0,duplicate,possible_idle_gt4h
job-19c1306492,LG-640,Print End,DUPLICATE_SUMMARY,11.531,52048.0,duplicate,possible_idle_gt4h
job-e296cb58d2,LG-640,Print End,LG640_GLOSS_ONLY,11.531,50836.0,bad_time_or_dims_or_event,possible_idle_gt4h
job-e296cb58d2,LG-640,Print End,DUPLICATE_SUMMARY,11.531,48421.0,duplicate,possible_idle_gt4h
job-e296cb58d2,LG-640,Print End,DUPLICATE_SUMMARY,11.531,47217.0,duplicate,possible_idle_gt4h
job-e296cb58d2,LG-640,Print End,DUPLICATE_SUMMARY,11.531,44874.0,duplicate,possible_idle_gt4h
job-f7118f9cad,LG-640,Print End,LG640_GLOSS_ONLY,11.531,43594.0,bad_time_or_dims_or_event,possible_idle_gt4h
job-f7118f9cad,LG-640,Print End,DUPLICATE_SUMMARY,11.531,40963.0,duplicate,possible_idle_gt4h
job-f7118f9cad,LG-640,Print End,DUPLICATE_SUMMARY,11.531,22291.0,duplicate,possible_idle_gt4h
job-f7118f9cad,LG-640,Print End,DUPLICATE_SUMMARY,11.531,19886.0,duplicate,possible_idle_gt4h
job-7a3e003c9c,LG-640,Print End,LG640_GLOSS_ONLY,11.531,18717.0,bad_time_or_dims_or_event,possible_idle_gt4h
job-7a3e003c9c,LG-640,Print End,DUPLICATE_SUMMARY,11.531,16383.0,duplicate,possible_idle_gt4h
job-7a3e003c9c,LG-640,Print End,DUPLICATE_SUMMARY,11.531,15186.0,duplicate,possible_idle_gt4h
job-7a3e003c9c,LG-640,Print End,DUPLICATE_SUMMARY,11.531,12605.0,duplicate,
job-2f3e7a8e8a,LG-640,Print End,DUPLICATE_SUMMARY,11.531,8734.0,duplicate,
job-198583076a,LG-640,Print End,DUPLICATE_SUMMARY,11.531,4979.0,duplicate,
job-1b073e1661,LG-640,Print End,DUPLICATE_SUMMARY,11.531,1293.0,duplicate,
job-f7118f9cad,LG-640,New Job(Queue A),OTHER_EVENT:New Job(Queue A),0.581,,bad_time_or_dims_or_event,missing_print_times
job-7a3e003c9c,LG-640,New Job(Queue A),OTHER_EVENT:New Job(Queue A),0.581,,bad_time_or_dims_or_event,missing_print_times
job-b3817f7e4c,LG-640,New Job(Queue A),OTHER_EVENT:New Job(Queue A),0.581,,bad_time_or_dims_or_event,missing_print_times
job-07ffa14c82,LG-640,New Job(Queue A),OTHER_EVENT:New Job(Queue A),0.581,,bad_time_or_dims_or_event,missing_print_times
job-dd91adb17f,LG-640,New Job(Queue A),OTHER_EVENT:New Job(Queue A),0.581,,bad_time_or_dims_or_event,missing_print_times
job-1b073e1661,LG-640,New Job(Queue A),OTHER_EVENT:New Job(Queue A),0.581,,bad_time_or_dims_or_event,missing_print_times
job-19c1306492,LG-640,New Job(Queue A),OTHER_EVENT:New Job(Queue A),0.581,,bad_time_or_dims_or_event,missing_print_times
job-9fcfa6a535,LG-640,New Job(Queue A),OTHER_EVENT:New Job(Queue A),0.581,,bad_time_or_dims_or_event,missing_print_times
job-e296cb58d2,LG-640,New Job(Queue A),OTHER_EVENT:New Job(Queue A),0.581,,bad_time_or_dims_or_event,missing_print_times
job-2f3e7a8e8a,LG-640,New Job(Queue A),OTHER_EVENT:New Job(Queue A),0.581,,bad_time_or_dims_or_event,missing_print_times
job-198583076a,LG-640,New Job(Queue A),OTHER_EVENT:New Job(Queue A),0.581,,bad_time_or_dims_or_event,missing_print_times
job-f7118f9cad,LG-640,New Job(Queue A),OTHER_EVENT:New Job(Queue A),0.507,,bad_time_or_dims_or_event,missing_print_times
job-7a3e003c9c,LG-640,New Job(Queue A),OTHER_EVENT:New Job(Queue A),0.507,,bad_time_or_dims_or_event,missing_print_times
job-dc5c0abd3c,LG-640,New Job(Queue A),OTHER_EVENT:New Job(Queue A),0.208,,bad_time_or_dims_or_event,missing_print_times
job-f177dc4fee,LG-640,New Job(Queue A),OTHER_EVENT:New Job(Queue A),0.208,,bad_time_or_dims_or_event,missing_print_times
job-a120450566,LG-640,New Job(Queue A),OTHER_EVENT:New Job(Queue A),0.208,,bad_time_or_dims_or_event,missing_print_times
job-f91daf89c3,LG-640,New Job(Queue A),OTHER_EVENT:New Job(Queue A),0.208,,bad_time_or_dims_or_event,missing_print_times
job-3c8d7849cb,LG-640,New Job(Queue A),OTHER_EVENT:New Job(Queue A),0.208,,bad_time_or_dims_or_event,missing_print_times
job-71ba0d5a9c,LG-640,New Job(Queue A),OTHER_EVENT:New Job(Queue A),0.208,,bad_time_or_dims_or_event,missing_print_times
job-1c1bc99da0,LG-640,New Job(Queue A),OTHER_EVENT:New Job(Queue A),0.208,,bad_time_or_dims_or_event,missing_print_times
job-e0a7816f2f,LG-640,New Job(Queue A),OTHER_EVENT:New Job(Queue A),0.208,,bad_time_or_dims_or_event,missing_print_times
job-02cb1a6b04,LG-640,New Job(Queue A),OTHER_EVENT:New Job(Queue A),0.208,,bad_time_or_dims_or_event,missing_print_times
job-3d813f8034,LG-640,New Job(Queue A),OTHER_EVENT:New Job(Queue A),0.208,,bad_time_or_dims_or_event,missing_print_times
job-3eaed5f277,LG-640,New Job(Queue A),OTHER_EVENT:New Job(Queue A),0.208,,bad_time_or_dims_or_event,missing_print_times
job-d4930db25a,LG-640,New Job(Queue A),OTHER_EVENT:New Job(Queue A),0.208,,bad_time_or_dims_or_event,missing_print_times
job-c2b379bc49,LG-640,New Job(Queue A),OTHER_EVENT:New Job(Queue A),0.208,,bad_time_or_dims_or_event,missing_print_times
job-d5b2003fbd,LG-640,Print End,LG640_GLOSS_ONLY,18.216,26597.0,bad_time_or_dims_or_event,possible_idle_gt4h
job-d5b2003fbd,LG-640,Print End,DUPLICATE_SUMMARY,18.216,24434.0,duplicate,possible_idle_gt4h
job-d5b2003fbd,LG-640,Print End,LG640_GLOSS_ONLY,18.216,22827.0,bad_time_or_dims_or_event,possible_idle_gt4h
job-d5b2003fbd,LG-640,Print End,DUPLICATE_SUMMARY,18.216,20506.0,duplicate,possible_idle_gt4h
job-3d053caad4,LG-640,Print End,LG640_GLOSS_ONLY,18.216,19055.0,bad_time_or_dims_or_event,possible_idle_gt4h
job-3d053caad4,LG-640,Print End,DUPLICATE_SUMMARY,18.216,16891.0,duplicate,possible_idle_gt4h
job-3d053caad4,LG-640,Print End,DUPLICATE_SUMMARY,18.216,15534.0,duplicate,possible_idle_gt4h
job-3d053caad4,LG-640,Print End,DUPLICATE_SUMMARY,18.216,13370.0,duplicate,
job-b50197af64,LG-640,Print End,DUPLICATE_SUMMARY,18.216,9211.0,duplicate,
job-b50197af64,LG-640,Print End,DUPLICATE_SUMMARY,18.216,7789.0,duplicate,
job-b50197af64,LG-640,Print End,DUPLICATE_SUMMARY,18.216,5478.0,duplicate,
job-d5b2003fbd,LG-640,Print Canceled,CANCELED,18.216,491.0,canceled/failed,
job-d5b2003fbd,LG-640,Print Canceled,CANCELED,18.216,491.0,canceled/failed,
job-d5b2003fbd,LG-640,Print Canceled,CANCELED,18.216,491.0,canceled/failed,
job-d5b2003fbd,LG-640,Print Canceled,CANCELED,18.216,491.0,canceled/failed,
job-3d053caad4,LG-640,Print Canceled,CANCELED,18.216,491.0,canceled/failed,
job-3d053caad4,LG-640,Print Canceled,CANCELED,18.216,491.0,canceled/failed,
job-3d053caad4,LG-640,Print Canceled,CANCELED,18.216,491.0,canceled/failed,
job-3d053caad4,LG-640,Print Canceled,CANCELED,18.216,491.0,canceled/failed,
job-b50197af64,LG-640,Print Canceled,CANCELED,18.216,492.0,canceled/failed,
job-b50197af64,LG-640,Print Canceled,CANCELED,18.216,492.0,canceled/failed,
job-b50197af64,LG-640,Print Canceled,CANCELED,18.216,492.0,canceled/failed,
job-b50197af64,LG-640,Print Canceled,CANCELED,18.216,492.0,canceled/failed,
job-a065ec5be7,LG-640,Print Canceled,CANCELED,18.168,499.0,canceled/failed,
job-a065ec5be7,LG-640,New Job(Queue A),OTHER_EVENT:New Job(Queue A),0.804,,bad_time_or_dims_or_event,missing_print_times
job-78b70f808e,LG-640,Print Canceled,CANCELED,18.168,553.0,canceled/failed,
job-78b70f808e,LG-640,New Job(Queue A),OTHER_EVENT:New Job(Queue A),0.804,,bad_time_or_dims_or_event,missing_print_times
job-78b70f808e,LG-640,New Job(Queue A),OTHER_EVENT:New Job(Queue A),0.804,,bad_time_or_dims_or_event,missing_print_times
job-a065ec5be7,LG-640,New Job(Queue A),OTHER_EVENT:New Job(Queue A),0.804,,bad_time_or_dims_or_event,missing_print_times
job-d5b2003fbd,LG-640,Print Canceled,CANCELED,18.216,14310.0,canceled/failed,
job-d5b2003fbd,LG-640,Print Canceled,CANCELED,18.216,14310.0,canceled/failed,
job-d5b2003fbd,LG-640,Print Canceled,CANCELED,18.216,14310.0,canceled/failed,
job-d5b2003fbd,LG-640,Print Canceled,CANCELED,18.216,14310.0,canceled/failed,
job-3d053caad4,LG-640,Print Canceled,CANCELED,18.216,14311.0,canceled/failed,
job-3d053caad4,LG-640,Print Canceled,CANCELED,18.216,14311.0,canceled/failed,
job-3d053caad4,LG-640,Print Canceled,CANCELED,18.216,14311.0,canceled/failed,
job-3d053caad4,LG-640,Print Canceled,CANCELED,18.216,14311.0,canceled/failed,
job-b50197af64,LG-640,Print Canceled,CANCELED,18.216,14311.0,canceled/failed,
job-b50197af64,LG-640,Print Canceled,CANCELED,18.216,14311.0,canceled/failed,
job-b50197af64,LG-640,Print Canceled,CANCELED,18.216,14311.0,canceled/failed,
job-b50197af64,LG-640,Print Canceled,CANCELED,18.216,14311.0,canceled/failed,
job-556cd65c42,LG-640,Print End,DUPLICATE_SUMMARY,14.374,11267.0,duplicate,
job-556cd65c42,LG-640,Print End,DUPLICATE_SUMMARY,17.776,6534.0,duplicate,
job-556cd65c42,LG-640,Print End,DUPLICATE_SUMMARY,17.776,5162.0,duplicate,
job-556cd65c42,LG-640,Print End,DUPLICATE_SUMMARY,17.776,1481.0,duplicate,
job-d5b2003fbd,LG-640,Print Canceled,CANCELED,18.216,2469.0,canceled/failed,
job-d5b2003fbd,LG-640,Print Canceled,CANCELED,18.216,2469.0,canceled/failed,
job-d5b2003fbd,LG-640,Print Canceled,CANCELED,18.216,2469.0,canceled/failed,
job-d5b2003fbd,LG-640,Print Canceled,CANCELED,18.216,2469.0,canceled/failed,
job-3d053caad4,LG-640,Print Canceled,CANCELED,18.216,2470.0,canceled/failed,
job-3d053caad4,LG-640,Print Canceled,CANCELED,18.216,2470.0,canceled/failed,
job-3d053caad4,LG-640,Print Canceled,CANCELED,18.216,2470.0,canceled/failed,
job-3d053caad4,LG-640,Print Canceled,CANCELED,18.216,2469.0,canceled/failed,
job-b50197af64,LG-640,Print Canceled,CANCELED,18.216,2469.0,canceled/failed,
job-b50197af64,LG-640,Print Canceled,CANCELED,18.216,2469.0,canceled/failed,
job-b50197af64,LG-640,Print Canceled,CANCELED,18.216,2469.0,canceled/failed,
job-b50197af64,LG-640,Print Canceled,CANCELED,18.216,2469.0,canceled/failed,
job-556cd65c42,LG-640,Print Canceled,CANCELED,14.374,2477.0,canceled/failed,
job-556cd65c42,LG-640,Print Canceled,CANCELED,14.374,2477.0,canceled/failed,
job-556cd65c42,LG-640,Print Canceled,CANCELED,17.776,2483.0,canceled/failed,
job-556cd65c42,LG-640,Print Canceled,CANCELED,17.776,2483.0,canceled/failed,
job-556cd65c42,LG-640,Print Canceled,CANCELED,17.776,2483.0,canceled/failed,
job-556cd65c42,LG-640,Print Error,FAILED,17.776,2483.0,canceled/failed,
job-d5b2003fbd,LG-640,Print Canceled,CANCELED,18.216,78.0,canceled/failed,
job-d5b2003fbd,LG-640,Print Canceled,CANCELED,18.216,78.0,canceled/failed,
job-d5b2003fbd,LG-640,Print Canceled,CANCELED,18.216,78.0,canceled/failed,
job-d5b2003fbd,LG-640,Print Canceled,CANCELED,18.216,78.0,canceled/failed,
job-3d053caad4,LG-640,Print Canceled,CANCELED,18.216,78.0,canceled/failed,
job-3d053caad4,LG-640,Print Canceled,CANCELED,18.216,78.0,canceled/failed,
job-3d053caad4,LG-640,Print Canceled,CANCELED,18.216,78.0,canceled/failed,
job-3d053caad4,LG-640,Print Canceled,CANCELED,18.216,78.0,canceled/failed,
job-b50197af64,LG-640,Print Canceled,CANCELED,18.216,79.0,canceled/failed,
job-b50197af64,LG-640,Print Canceled,CANCELED,18.216,79.0,canceled/failed,
job-b50197af64,LG-640,Print Canceled,CANCELED,18.216,79.0,canceled/failed,
job-b50197af64,LG-640,Print Canceled,CANCELED,18.216,79.0,canceled/failed,
job-556cd65c42,LG-640,Print Canceled,CANCELED,14.374,87.0,canceled/failed,
job-556cd65c42,LG-640,Print Canceled,CANCELED,14.374,87.0,canceled/failed,
job-556cd65c42,LG-640,Print Canceled,CANCELED,17.776,97.0,canceled/failed,
job-556cd65c42,LG-640,Print Canceled,CANCELED,17.776,97.0,canceled/failed,
job-556cd65c42,LG-640,Print Canceled,CANCELED,17.776,97.0,canceled/failed,
job-556cd65c42,LG-640,Print Canceled,CANCELED,17.776,110.0,canceled/failed,
job-b50197af64,LG-640,Print Canceled,CANCELED,18.216,25013.0,canceled/failed,possible_idle_gt4h
job-b50197af64,LG-640,Print Canceled,CANCELED,18.216,25013.0,canceled/failed,possible_idle_gt4h
job-b50197af64,LG-640,Print Error,FAILED,18.216,25013.0,canceled/failed,possible_idle_gt4h
job-b50197af64,LG-640,Print Canceled,CANCELED,18.216,10124.0,canceled/failed,
job-6911def924,LG-640,Print End,LG640_GLOSS_ONLY,18.216,22129.0,bad_time_or_dims_or_event,possible_idle_gt4h
job-6911def924,LG-640,Print End,DUPLICATE_SUMMARY,18.216,19606.0,duplicate,possible_idle_gt4h
job-6911def924,LG-640,Print End,DUPLICATE_SUMMARY,18.216,18254.0,duplicate,possible_idle_gt4h
job-6911def924,LG-640,Print End,DUPLICATE_SUMMARY,18.216,16085.0,duplicate,possible_idle_gt4h
job-6911def924,LG-640,Print End,DUPLICATE_SUMMARY,18.216,14624.0,duplicate,possible_idle_gt4h
job-6911def924,LG-640,Print End,DUPLICATE_SUMMARY,18.216,12457.0,duplicate,
job-6911def924,LG-640,Print End,DUPLICATE_SUMMARY,18.216,10709.0,duplicate,
job-6911def924,LG-640,Print End,DUPLICATE_SUMMARY,18.216,8401.0,duplicate,
job-6911def924,LG-640,Print End,DUPLICATE_SUMMARY,18.216,6941.0,duplicate,
job-6911def924,LG-640,Print End,DUPLICATE_SUMMARY,18.216,4770.0,duplicate,
job-6911def924,LG-640,Print End,DUPLICATE_SUMMARY,18.216,3416.0,duplicate,
job-6911def924,LG-640,Print End,DUPLICATE_SUMMARY,18.216,1249.0,duplicate,
job-6911def924,LG-640,Print Canceled,CANCELED,18.216,581.0,canceled/failed,
job-6911def924,LG-640,Print Canceled,CANCELED,18.216,581.0,canceled/failed,
job-6911def924,LG-640,Print Canceled,CANCELED,18.216,580.0,canceled/failed,
job-6911def924,LG-640,Print Canceled,CANCELED,18.216,580.0,canceled/failed,
job-6911def924,LG-640,Print Canceled,CANCELED,18.216,580.0,canceled/failed,
job-6911def924,LG-640,Print Canceled,CANCELED,18.216,580.0,canceled/failed,
job-6911def924,LG-640,Print Canceled,CANCELED,18.216,580.0,canceled/failed,
job-6911def924,LG-640,Print Canceled,CANCELED,18.216,580.0,canceled/failed,
job-6911def924,LG-640,Print Canceled,CANCELED,18.216,580.0,canceled/failed,
job-6911def924,LG-640,Print Canceled,CANCELED,18.216,580.0,canceled/failed,
job-6911def924,LG-640,Print Canceled,CANCELED,18.216,592.0,canceled/failed,
job-6911def924,LG-640,Print Canceled,CANCELED,18.216,495.0,canceled/failed,
job-6911def924,LG-640,Print Canceled,CANCELED,18.216,488.0,canceled/failed,
job-6911def924,LG-640,Print Canceled,CANCELED,18.216,22444.0,canceled/failed,possible_idle_gt4h
job-6911def924,LG-640,Print Canceled,CANCELED,18.216,22444.0,canceled/failed,possible_idle_gt4h
job-6911def924,LG-640,Print Canceled,CANCELED,18.216,22444.0,canceled/failed,possible_idle_gt4h
job-6911def924,LG-640,Print Canceled,CANCELED,18.216,22444.0,canceled/failed,possible_idle_gt4h
job-6911def924,LG-640,Print Canceled,CANCELED,18.216,22444.0,canceled/failed,possible_idle_gt4h
job-6911def924,LG-640,Print Canceled,CANCELED,18.216,22444.0,canceled/failed,possible_idle_gt4h
job-6911def924,LG-640,Print Canceled,CANCELED,18.216,22444.0,canceled/failed,possible_idle_gt4h
job-6911def924,LG-640,Print Canceled,CANCELED,18.216,22444.0,canceled/failed,possible_idle_gt4h
job-6911def924,LG-640,Print Canceled,CANCELED,18.216,22444.0,canceled/failed,possible_idle_gt4h
job-6911def924,LG-640,Print Canceled,CANCELED,18.216,22444.0,canceled/failed,possible_idle_gt4h
job-6911def924,LG-640,Print Canceled,CANCELED,18.216,22444.0,canceled/failed,possible_idle_gt4h
job-6911def924,LG-640,Print Canceled,CANCELED,18.216,22444.0,canceled/failed,possible_idle_gt4h
job-6911def924,LG-640,Print Error,FAILED,18.216,22444.0,canceled/failed,possible_idle_gt4h
job-6911def924,LG-640,Print End,DUPLICATE_SUMMARY,18.216,11228.0,duplicate,
job-6911def924,LG-640,Print End,DUPLICATE_SUMMARY,18.216,8754.0,duplicate,
job-6911def924,LG-640,Print End,DUPLICATE_SUMMARY,18.216,7293.0,duplicate,
job-6911def924,LG-640,Print End,DUPLICATE_SUMMARY,18.216,5123.0,duplicate,
job-6911def924,LG-640,Print End,DUPLICATE_SUMMARY,18.216,3770.0,duplicate,
job-6911def924,LG-640,Print End,DUPLICATE_SUMMARY,18.216,1359.0,duplicate,
job-6911def924,LG-640,Print Canceled,CANCELED,18.216,347.0,canceled/failed,
job-6911def924,LG-640,Print Canceled,CANCELED,18.216,347.0,canceled/failed,
job-6911def924,LG-640,Print Canceled,CANCELED,18.216,347.0,canceled/failed,
job-6911def924,LG-640,Print Canceled,CANCELED,18.216,347.0,canceled/failed,
job-6911def924,LG-640,Print Canceled,CANCELED,18.216,347.0,canceled/failed,
job-6911def924,LG-640,Print Canceled,CANCELED,18.216,347.0,canceled/failed,
job-6911def924,LG-640,Print Canceled,CANCELED,18.216,347.0,canceled/failed,
job-6911def924,LG-640,Print Canceled,CANCELED,18.216,347.0,canceled/failed,
job-6911def924,LG-640,Print Canceled,CANCELED,18.216,347.0,canceled/failed,
job-6911def924,LG-640,Print Canceled,CANCELED,18.216,347.0,canceled/failed,
job-6911def924,LG-640,Print Canceled,CANCELED,18.216,347.0,canceled/failed,
job-6911def924,LG-640,Print Canceled,CANCELED,18.216,347.0,canceled/failed,
job-6911def924,LG-640,Print Canceled,CANCELED,18.216,347.0,canceled/failed,
job-6911def924,LG-640,Print Canceled,CANCELED,18.216,347.0,canceled/failed,
job-6911def924,LG-640,Print Canceled,CANCELED,18.216,347.0,canceled/failed,
job-6911def924,LG-640,Print Canceled,CANCELED,18.216,347.0,canceled/failed,
job-6911def924,LG-640,Print Canceled,CANCELED,18.216,347.0,canceled/failed,
job-6911def924,LG-640,Print Canceled,CANCELED,18.216,347.0,canceled/failed,
job-6911def924,LG-640,Print Canceled,CANCELED,18.216,347.0,canceled/failed,
job-6911def924,LG-640,Print Canceled,CANCELED,18.216,369.0,canceled/failed,
job-6911def924,LG-640,Print Start,OTHER_EVENT:Print Start,18.216,,bad_time_or_dims_or_event,missing_print_times
job-6911def924,LG-640,Print Start,OTHER_EVENT:Print Start,18.216,,bad_time_or_dims_or_event,missing_print_times
job-6911def924,LG-640,Print Start,OTHER_EVENT:Print Start,18.216,,bad_time_or_dims_or_event,missing_print_times
job-6911def924,LG-640,Print Start,OTHER_EVENT:Print Start,18.216,,bad_time_or_dims_or_event,missing_print_times
job-6911def924,LG-640,Print Start,OTHER_EVENT:Print Start,18.216,,bad_time_or_dims_or_event,missing_print_times
job-6911def924,LG-640,Print Start,OTHER_EVENT:Print Start,18.216,,bad_time_or_dims_or_event,missing_print_times
job-6911def924,LG-640,Print Start,OTHER_EVENT:Print Start,18.216,,bad_time_or_dims_or_event,missing_print_times
job-6911def924,LG-640,Print Start,OTHER_EVENT:Print Start,18.216,,bad_time_or_dims_or_event,missing_print_times
job-6911def924,LG-640,Print Start,OTHER_EVENT:Print Start,18.216,,bad_time_or_dims_or_event,missing_print_times
job-6911def924,LG-640,Print Start,OTHER_EVENT:Print Start,18.216,,bad_time_or_dims_or_event,missing_print_times
job-6911def924,LG-640,Print Start,OTHER_EVENT:Print Start,18.216,,bad_time_or_dims_or_event,missing_print_times
job-6911def924,LG-640,Print Start,OTHER_EVENT:Print Start,18.216,,bad_time_or_dims_or_event,missing_print_times
job-6911def924,LG-640,Print Start,OTHER_EVENT:Print Start,18.216,,bad_time_or_dims_or_event,missing_print_times
job-6911def924,LG-640,Print Start,OTHER_EVENT:Print Start,18.216,,bad_time_or_dims_or_event,missing_print_times
job-6911def924,LG-640,Print Start,OTHER_EVENT:Print Start,18.216,,bad_time_or_dims_or_event,missing_print_times
job-6911def924,LG-640,Print Start,OTHER_EVENT:Print Start,18.216,,bad_time_or_dims_or_event,missing_print_times
job-6911def924,LG-640,Print Start,OTHER_EVENT:Print Start,18.216,,bad_time_or_dims_or_event,missing_print_times
job-6911def924,LG-640,Print Start,OTHER_EVENT:Print Start,18.216,,bad_time_or_dims_or_event,missing_print_times
job-6911def924,LG-640,Print Start,OTHER_EVENT:Print Start,18.216,,bad_time_or_dims_or_event,missing_print_times
job-6911def924,LG-640,Print End,DUPLICATE_SUMMARY,18.216,3995.0,duplicate,
job-6911def924,LG-640,Print End,DUPLICATE_SUMMARY,18.216,1748.0,duplicate,
job-2c85eb2d5c,LG-640,Print End,DUPLICATE_SUMMARY,0.956,72.0,duplicate,
job-2c85eb2d5c,LG-640,Print Canceled,CANCELED,0.956,1509.0,canceled/failed,
job-2c85eb2d5c,LG-640,Print Canceled,CANCELED,0.956,1509.0,canceled/failed,
job-2c85eb2d5c,LG-640,New Job(Queue A),OTHER_EVENT:New Job(Queue A),0.652,,bad_time_or_dims_or_event,missing_print_times
job-556cd65c42,LG-640,Print Canceled,CANCELED,14.374,1626.0,canceled/failed,
job-556cd65c42,LG-640,Print Canceled,CANCELED,14.374,1626.0,canceled/failed,
job-556cd65c42,LG-640,Print Canceled,CANCELED,17.776,1633.0,canceled/failed,
job-556cd65c42,LG-640,Print Canceled,CANCELED,17.776,1633.0,canceled/failed,
job-556cd65c42,LG-640,Print Canceled,CANCELED,17.776,1637.0,canceled/failed,
job-556cd65c42,LG-640,Print Canceled,CANCELED,17.776,1627.0,canceled/failed,
job-556cd65c42,LG-640,New Job(Queue A),OTHER_EVENT:New Job(Queue A),0.564,,bad_time_or_dims_or_event,missing_print_times
job-6911def924,LG-640,Print Canceled,CANCELED,18.216,3726.0,canceled/failed,
job-6911def924,LG-640,Print Canceled,CANCELED,18.216,3727.0,canceled/failed,
job-6911def924,LG-640,Print Canceled,CANCELED,18.216,3727.0,canceled/failed,
job-6911def924,LG-640,Print Canceled,CANCELED,18.216,3727.0,canceled/failed,
job-6911def924,LG-640,Print Canceled,CANCELED,18.216,3727.0,canceled/failed,
job-6911def924,LG-640,Print Canceled,CANCELED,18.216,3727.0,canceled/failed,
job-6911def924,LG-640,Print Canceled,CANCELED,18.216,3726.0,canceled/failed,
job-6911def924,LG-640,Print Canceled,CANCELED,18.216,3726.0,canceled/failed,
job-6911def924,LG-640,Print Canceled,CANCELED,18.216,3726.0,canceled/failed,
job-6911def924,LG-640,Print Canceled,CANCELED,18.216,3726.0,canceled/failed,
job-6911def924,LG-640,Print Canceled,CANCELED,18.216,3726.0,canceled/failed,
job-6911def924,LG-640,Print Canceled,CANCELED,18.216,3726.0,canceled/failed,
job-6911def924,LG-640,Print Canceled,CANCELED,18.216,3726.0,canceled/failed,
job-6911def924,LG-640,Print Canceled,CANCELED,18.216,3726.0,canceled/failed,
job-6911def924,LG-640,Print Canceled,CANCELED,18.216,3726.0,canceled/failed,
job-6911def924,LG-640,Print Canceled,CANCELED,18.216,3726.0,canceled/failed,
job-6911def924,LG-640,Print Canceled,CANCELED,18.216,3726.0,canceled/failed,
job-6911def924,LG-640,Print Canceled,CANCELED,18.216,3726.0,canceled/failed,
job-6911def924,LG-640,Print Canceled,CANCELED,18.216,3733.0,canceled/failed,
job-6911def924,LG-640,Print Canceled,CANCELED,18.216,3725.0,canceled/failed,
job-6911def924,LG-640,Print Canceled,CANCELED,18.216,3697.0,canceled/failed,
job-6911def924,LG-640,Print Canceled,CANCELED,18.216,3680.0,canceled/failed,
job-6911def924,LG-640,Print End,DUPLICATE_SUMMARY,18.216,1359.0,duplicate,
job-6911def924,LG-640,Print Canceled,CANCELED,18.216,8879.0,canceled/failed,
job-6911def924,LG-640,Print Canceled,CANCELED,18.216,8879.0,canceled/failed,
job-6911def924,LG-640,Print Canceled,CANCELED,18.216,8879.0,canceled/failed,
job-6911def924,LG-640,Print Canceled,CANCELED,18.216,8879.0,canceled/failed,
job-6911def924,LG-640,Print Canceled,CANCELED,18.216,8879.0,canceled/failed,
job-6911def924,LG-640,Print Canceled,CANCELED,18.216,8879.0,canceled/failed,
job-6911def924,LG-640,Print Canceled,CANCELED,18.216,8879.0,canceled/failed,
job-6911def924,LG-640,Print Canceled,CANCELED,18.216,8879.0,canceled/failed,
job-6911def924,LG-640,Print Canceled,CANCELED,18.216,8879.0,canceled/failed,
job-6911def924,LG-640,Print Canceled,CANCELED,18.216,8880.0,canceled/failed,
job-6911def924,LG-640,Print Canceled,CANCELED,18.216,8880.0,canceled/failed,
job-6911def924,LG-640,Print Canceled,CANCELED,18.216,8880.0,canceled/failed,
job-6911def924,LG-640,Print Canceled,CANCELED,18.216,8880.0,canceled/failed,
job-6911def924,LG-640,Print Canceled,CANCELED,18.216,8880.0,canceled/failed,
job-6911def924,LG-640,Print Canceled,CANCELED,18.216,8880.0,canceled/failed,
job-6911def924,LG-640,Print Canceled,CANCELED,18.216,8897.0,canceled/failed,
job-6911def924,LG-640,Print End,DUPLICATE_SUMMARY,18.216,5141.0,duplicate,
job-6911def924,LG-640,Print End,DUPLICATE_SUMMARY,18.216,3708.0,duplicate,
job-6911def924,LG-640,Print End,DUPLICATE_SUMMARY,18.216,1388.0,duplicate,
job-6911def924,LG-640,Print Canceled,CANCELED,18.216,34744.0,canceled/failed,possible_idle_gt4h
job-6911def924,LG-640,Print Canceled,CANCELED,18.216,34744.0,canceled/failed,possible_idle_gt4h
job-6911def924,LG-640,Print Canceled,CANCELED,18.216,34744.0,canceled/failed,possible_idle_gt4h
job-6911def924,LG-640,Print Canceled,CANCELED,18.216,34744.0,canceled/failed,possible_idle_gt4h
job-6911def924,LG-640,Print Canceled,CANCELED,18.216,34744.0,canceled/failed,possible_idle_gt4h
job-6911def924,LG-640,Print Canceled,CANCELED,18.216,34744.0,canceled/failed,possible_idle_gt4h
job-6911def924,LG-640,Print Canceled,CANCELED,18.216,34744.0,canceled/failed,possible_idle_gt4h
job-6911def924,LG-640,Print Canceled,CANCELED,18.216,34744.0,canceled/failed,possible_idle_gt4h
job-6911def924,LG-640,Print Canceled,CANCELED,18.216,34744.0,canceled/failed,possible_idle_gt4h
job-6911def924,LG-640,Print Canceled,CANCELED,18.216,34744.0,canceled/failed,possible_idle_gt4h
job-6911def924,LG-640,Print Canceled,CANCELED,18.216,34744.0,canceled/failed,possible_idle_gt4h
job-6911def924,LG-640,Print Canceled,CANCELED,18.216,34744.0,canceled/failed,possible_idle_gt4h
job-6911def924,LG-640,Print Canceled,CANCELED,18.216,34744.0,canceled/failed,possible_idle_gt4h
job-6911def924,LG-640,Print Canceled,CANCELED,18.216,34744.0,canceled/failed,possible_idle_gt4h
job-6911def924,LG-640,Print Canceled,CANCELED,18.216,34744.0,canceled/failed,possible_idle_gt4h
job-6911def924,LG-640,Print Canceled,CANCELED,18.216,34744.0,canceled/failed,possible_idle_gt4h
job-6911def924,LG-640,Print Canceled,CANCELED,18.216,34744.0,canceled/failed,possible_idle_gt4h
job-6911def924,LG-640,Print Canceled,CANCELED,18.216,34744.0,canceled/failed,possible_idle_gt4h
job-6911def924,LG-640,Print Canceled,CANCELED,18.216,34744.0,canceled/failed,possible_idle_gt4h
job-6911def924,LG-640,Print Canceled,CANCELED,18.216,34744.0,canceled/failed,possible_idle_gt4h
job-6911def924,LG-640,Print Canceled,CANCELED,18.216,34744.0,canceled/failed,possible_idle_gt4h
job-6911def924,LG-640,Print Canceled,CANCELED,18.216,34744.0,canceled/failed,possible_idle_gt4h
job-6911def924,LG-640,Print Canceled,CANCELED,18.216,34744.0,canceled/failed,possible_idle_gt4h
job-6911def924,LG-640,Print Canceled,CANCELED,18.216,34744.0,canceled/failed,possible_idle_gt4h
job-6911def924,LG-640,Print Canceled,CANCELED,18.216,34744.0,canceled/failed,possible_idle_gt4h
job-6911def924,LG-640,Print Canceled,CANCELED,18.216,34744.0,canceled/failed,possible_idle_gt4h
job-6911def924,LG-640,Print Canceled,CANCELED,18.216,34743.0,canceled/failed,possible_idle_gt4h
job-6911def924,LG-640,Print Canceled,CANCELED,18.216,34744.0,canceled/failed,possible_idle_gt4h
job-6911def924,LG-640,Print Canceled,CANCELED,18.216,34744.0,canceled/failed,possible_idle_gt4h
job-6911def924,LG-640,Print Canceled,CANCELED,18.216,34744.0,canceled/failed,possible_idle_gt4h
job-d5b2003fbd,LG-640,Print Canceled,CANCELED,18.216,41362.0,canceled/failed,possible_idle_gt4h
job-d5b2003fbd,LG-640,Print Canceled,CANCELED,18.216,41362.0,canceled/failed,possible_idle_gt4h
job-d5b2003fbd,LG-640,Print Canceled,CANCELED,18.216,41362.0,canceled/failed,possible_idle_gt4h
job-d5b2003fbd,LG-640,Print Canceled,CANCELED,18.216,41362.0,canceled/failed,possible_idle_gt4h
job-3d053caad4,LG-640,Print Canceled,CANCELED,18.216,41363.0,canceled/failed,possible_idle_gt4h
job-3d053caad4,LG-640,Print Canceled,CANCELED,18.216,41363.0,canceled/failed,possible_idle_gt4h
job-3d053caad4,LG-640,Print Canceled,CANCELED,18.216,41363.0,canceled/failed,possible_idle_gt4h
job-3d053caad4,LG-640,Print Canceled,CANCELED,18.216,41363.0,canceled/failed,possible_idle_gt4h
job-b50197af64,LG-640,Print Canceled,CANCELED,18.216,41363.0,canceled/failed,possible_idle_gt4h
job-b50197af64,LG-640,Print Canceled,CANCELED,18.216,41363.0,canceled/failed,possible_idle_gt4h
job-b50197af64,LG-640,Print Canceled,CANCELED,18.216,41363.0,canceled/failed,possible_idle_gt4h
job-b50197af64,LG-640,Print Canceled,CANCELED,18.216,41363.0,canceled/failed,possible_idle_gt4h
job-dfa22bc579,LG-640,Print End,LG640_GLOSS_ONLY,18.216,41758.0,bad_time_or_dims_or_event,possible_idle_gt4h
job-dfa22bc579,LG-640,Print End,DUPLICATE_SUMMARY,18.216,39056.0,duplicate,possible_idle_gt4h
job-dfa22bc579,LG-640,Print End,DUPLICATE_SUMMARY,18.216,37586.0,duplicate,possible_idle_gt4h
job-dfa22bc579,LG-640,Print End,DUPLICATE_SUMMARY,18.216,35272.0,duplicate,possible_idle_gt4h
job-5867ffd99e,LG-640,Print End,LG640_GLOSS_ONLY,18.216,33925.0,bad_time_or_dims_or_event,possible_idle_gt4h
job-5867ffd99e,LG-640,Print End,DUPLICATE_SUMMARY,18.216,31756.0,duplicate,possible_idle_gt4h
job-5867ffd99e,LG-640,Print End,DUPLICATE_SUMMARY,18.216,30302.0,duplicate,possible_idle_gt4h
job-5867ffd99e,LG-640,Print End,DUPLICATE_SUMMARY,18.216,28134.0,duplicate,possible_idle_gt4h
job-64c9fb3603,LG-640,Print End,LG640_GLOSS_ONLY,18.216,26307.0,bad_time_or_dims_or_event,possible_idle_gt4h
job-64c9fb3603,LG-640,Print End,DUPLICATE_SUMMARY,18.216,23885.0,duplicate,possible_idle_gt4h
job-64c9fb3603,LG-640,Print End,DUPLICATE_SUMMARY,18.216,22422.0,duplicate,possible_idle_gt4h
job-64c9fb3603,LG-640,Print End,DUPLICATE_SUMMARY,18.216,20099.0,duplicate,possible_idle_gt4h
job-499c0ac562,LG-640,Print End,LG640_GLOSS_ONLY,18.216,18453.0,bad_time_or_dims_or_event,possible_idle_gt4h
job-499c0ac562,LG-640,Print End,DUPLICATE_SUMMARY,18.216,16286.0,duplicate,possible_idle_gt4h
job-499c0ac562,LG-640,Print End,DUPLICATE_SUMMARY,18.216,14816.0,duplicate,possible_idle_gt4h
job-499c0ac562,LG-640,Print End,DUPLICATE_SUMMARY,18.216,12648.0,duplicate,
job-e88328bc55,LG-640,Print End,DUPLICATE_SUMMARY,18.216,8737.0,duplicate,
job-e88328bc55,LG-640,Print End,DUPLICATE_SUMMARY,18.216,7047.0,duplicate,
job-e88328bc55,LG-640,Print End,DUPLICATE_SUMMARY,18.216,4734.0,duplicate,
job-6911def924,LG-640,Print End,DUPLICATE_SUMMARY,18.216,1406.0,duplicate,
job-6911def924,LG-640,New Job(Queue A),OTHER_EVENT:New Job(Queue A),0.804,,bad_time_or_dims_or_event,missing_print_times
job-499c0ac562,LG-640,New Job(Queue A),OTHER_EVENT:New Job(Queue A),0.804,,bad_time_or_dims_or_event,missing_print_times
job-d5b2003fbd,LG-640,New Job(Queue A),OTHER_EVENT:New Job(Queue A),0.804,,bad_time_or_dims_or_event,missing_print_times
job-3d053caad4,LG-640,New Job(Queue A),OTHER_EVENT:New Job(Queue A),0.804,,bad_time_or_dims_or_event,missing_print_times
job-b50197af64,LG-640,New Job(Queue A),OTHER_EVENT:New Job(Queue A),0.804,,bad_time_or_dims_or_event,missing_print_times
job-dfa22bc579,LG-640,New Job(Queue A),OTHER_EVENT:New Job(Queue A),0.804,,bad_time_or_dims_or_event,missing_print_times
job-5867ffd99e,LG-640,New Job(Queue A),OTHER_EVENT:New Job(Queue A),0.804,,bad_time_or_dims_or_event,missing_print_times
job-64c9fb3603,LG-640,New Job(Queue A),OTHER_EVENT:New Job(Queue A),0.804,,bad_time_or_dims_or_event,missing_print_times
job-e88328bc55,LG-640,New Job(Queue A),OTHER_EVENT:New Job(Queue A),0.804,,bad_time_or_dims_or_event,missing_print_times
job-ee83ea3510,LG-640,Print End,LG640_GLOSS_ONLY,6.538,27864.0,bad_time_or_dims_or_event,possible_idle_gt4h
job-ee83ea3510,LG-640,Print End,DUPLICATE_SUMMARY,6.538,27432.0,duplicate,possible_idle_gt4h
job-fa1da0ad82,LG-640,Print End,LG640_GLOSS_ONLY,6.538,26830.0,bad_time_or_dims_or_event,possible_idle_gt4h
job-fa1da0ad82,LG-640,Print End,DUPLICATE_SUMMARY,6.538,26404.0,duplicate,possible_idle_gt4h
job-ee83ea3510,LG-640,New Job(Queue A),OTHER_EVENT:New Job(Queue A),0.676,,bad_time_or_dims_or_event,missing_print_times
job-69683003dc,LG-640,Print End,LG640_GLOSS_ONLY,6.708,28301.0,bad_time_or_dims_or_event,possible_idle_gt4h
job-69683003dc,LG-640,Print End,DUPLICATE_SUMMARY,6.708,26493.0,duplicate,possible_idle_gt4h
job-69683003dc,LG-640,Print End,LG640_GLOSS_ONLY,17.248,25637.0,bad_time_or_dims_or_event,possible_idle_gt4h
job-69683003dc,LG-640,Print End,DUPLICATE_SUMMARY,17.248,22100.0,duplicate,possible_idle_gt4h
job-69683003dc,LG-640,Print End,DUPLICATE_SUMMARY,17.248,20685.0,duplicate,possible_idle_gt4h
job-69683003dc,LG-640,Print End,DUPLICATE_SUMMARY,17.248,17291.0,duplicate,possible_idle_gt4h
job-df2555de1b,LG-640,Print End,LG640_GLOSS_ONLY,17.248,15934.0,bad_time_or_dims_or_event,possible_idle_gt4h
job-df2555de1b,LG-640,Print End,DUPLICATE_SUMMARY,17.248,12282.0,duplicate,
job-df2555de1b,LG-640,Print End,DUPLICATE_SUMMARY,17.248,10797.0,duplicate,
job-df2555de1b,LG-640,Print End,DUPLICATE_SUMMARY,17.248,7329.0,duplicate,
job-df2555de1b,LG-640,Print End,DUPLICATE_SUMMARY,17.248,5912.0,duplicate,
job-df2555de1b,LG-640,Print End,DUPLICATE_SUMMARY,17.248,2225.0,duplicate,
job-df2555de1b,LG-640,New Job(Queue A),OTHER_EVENT:New Job(Queue A),0.564,,bad_time_or_dims_or_event,missing_print_times
job-69683003dc,LG-640,New Job(Queue A),OTHER_EVENT:New Job(Queue A),0.564,,bad_time_or_dims_or_event,missing_print_times
job-df2555de1b,LG-640,New Job(Queue A),OTHER_EVENT:New Job(Queue A),0.534,,bad_time_or_dims_or_event,missing_print_times
job-69683003dc,LG-640,New Job(Queue A),OTHER_EVENT:New Job(Queue A),0.534,,bad_time_or_dims_or_event,missing_print_times
job-16b04741be,LG-640,New Job(Queue A),OTHER_EVENT:New Job(Queue A),0.563,,bad_time_or_dims_or_event,missing_print_times
job-fa1da0ad82,LG-640,Print End,DUPLICATE_SUMMARY,6.538,1198.0,duplicate,
job-ee83ea3510,LG-640,Print End,DUPLICATE_SUMMARY,6.538,336.0,duplicate,
job-2f3e7a8e8a,LG-640,Print Canceled,CANCELED,11.575,5325.0,canceled/failed,
job-2f3e7a8e8a,LG-640,Print Canceled,CANCELED,11.575,5325.0,canceled/failed,
job-2f3e7a8e8a,LG-640,Print Error,FAILED,11.575,5325.0,canceled/failed,
job-fa1da0ad82,LG-640,Print Canceled,CANCELED,6.538,6928.0,canceled/failed,
job-fa1da0ad82,LG-640,Print Canceled,CANCELED,6.538,6936.0,canceled/failed,
job-ee83ea3510,LG-640,Print Canceled,CANCELED,6.538,6926.0,canceled/failed,
job-ee83ea3510,LG-640,Print Canceled,CANCELED,6.538,6928.0,canceled/failed,
job-2f3e7a8e8a,LG-640,Print Canceled,CANCELED,11.575,6917.0,canceled/failed,
job-2f3e7a8e8a,LG-640,Print Error,FAILED,11.575,6917.0,canceled/failed,
job-2f3e7a8e8a,LG-640,Print End,DUPLICATE_SUMMARY,11.575,1258.0,duplicate,
job-fa1da0ad82,LG-640,Print Canceled,CANCELED,6.538,76.0,canceled/failed,
job-fa1da0ad82,LG-640,Print Canceled,CANCELED,6.538,76.0,canceled/failed,
job-ee83ea3510,LG-640,Print Canceled,CANCELED,6.538,79.0,canceled/failed,
job-ee83ea3510,LG-640,Print Canceled,CANCELED,6.538,79.0,canceled/failed,
job-2f3e7a8e8a,LG-640,Print Canceled,CANCELED,11.575,90.0,canceled/failed,
job-2f3e7a8e8a,LG-640,Print Canceled,CANCELED,11.575,90.0,canceled/failed,
job-2f3e7a8e8a,LG-640,Print Canceled,CANCELED,11.575,90.0,canceled/failed,
job-2f3e7a8e8a,LG-640,Print Canceled,CANCELED,11.575,107.0,canceled/failed,
job-fa1da0ad82,LG-640,New Job(Queue A),OTHER_EVENT:New Job(Queue A),0.676,,bad_time_or_dims_or_event,missing_print_times
job-ee83ea3510,LG-640,New Job(Queue A),OTHER_EVENT:New Job(Queue A),0.676,,bad_time_or_dims_or_event,missing_print_times
job-2f3e7a8e8a,LG-640,Print Canceled,CANCELED,11.575,98342.0,canceled/failed,possible_idle_gt4h
job-2f3e7a8e8a,LG-640,Print Canceled,CANCELED,11.575,98342.0,canceled/failed,possible_idle_gt4h
job-2f3e7a8e8a,LG-640,Print Error,FAILED,11.575,98342.0,canceled/failed,possible_idle_gt4h
job-2f3e7a8e8a,LG-640,Print End,LG640_CMYK_ONLY,11.575,38725.0,bad_time_or_dims_or_event,possible_idle_gt4h
job-198583076a,LG-640,Print End,LG640_GLOSS_ONLY,11.575,37201.0,bad_time_or_dims_or_event,possible_idle_gt4h
job-198583076a,LG-640,Print End,DUPLICATE_SUMMARY,11.575,34710.0,duplicate,possible_idle_gt4h
job-198583076a,LG-640,Print End,DUPLICATE_SUMMARY,11.575,33445.0,duplicate,possible_idle_gt4h
job-198583076a,LG-640,Print End,LG640_CMYK_ONLY,11.575,31094.0,bad_time_or_dims_or_event,possible_idle_gt4h
job-dd91adb17f,LG-640,Print End,LG640_GLOSS_ONLY,11.575,29903.0,bad_time_or_dims_or_event,possible_idle_gt4h
job-dd91adb17f,LG-640,Print End,DUPLICATE_SUMMARY,11.575,27565.0,duplicate,possible_idle_gt4h
job-dd91adb17f,LG-640,Print End,DUPLICATE_SUMMARY,11.575,26261.0,duplicate,possible_idle_gt4h
job-dd91adb17f,LG-640,Print End,DUPLICATE_SUMMARY,11.575,23328.0,duplicate,possible_idle_gt4h
job-1b073e1661,LG-640,Print End,LG640_GLOSS_ONLY,11.575,22058.0,bad_time_or_dims_or_event,possible_idle_gt4h
job-1b073e1661,LG-640,Print End,DUPLICATE_SUMMARY,11.575,19658.0,duplicate,possible_idle_gt4h
job-1b073e1661,LG-640,Print End,DUPLICATE_SUMMARY,11.575,18347.0,duplicate,possible_idle_gt4h
job-1b073e1661,LG-640,Print End,DUPLICATE_SUMMARY,11.575,15733.0,duplicate,possible_idle_gt4h
job-9fcfa6a535,LG-640,Print End,LG640_GLOSS_ONLY,11.575,14744.0,bad_time_or_dims_or_event,possible_idle_gt4h
job-9fcfa6a535,LG-640,Print End,DUPLICATE_SUMMARY,11.575,12141.0,duplicate,
job-9fcfa6a535,LG-640,Print End,DUPLICATE_SUMMARY,11.575,10839.0,duplicate,
job-9fcfa6a535,LG-640,Print End,DUPLICATE_SUMMARY,11.575,8350.0,duplicate,
job-9fcfa6a535,LG-640,Print End,DUPLICATE_SUMMARY,11.575,7073.0,duplicate,
job-9fcfa6a535,LG-640,Print End,DUPLICATE_SUMMARY,11.575,4655.0,duplicate,
job-9fcfa6a535,LG-640,Print End,DUPLICATE_SUMMARY,11.575,3459.0,duplicate,
job-9fcfa6a535,LG-640,Print End,DUPLICATE_SUMMARY,11.575,1112.0,duplicate,
job-dd91adb17f,LG-640,New Job(Queue A),OTHER_EVENT:New Job(Queue A),0.623,,bad_time_or_dims_or_event,missing_print_times
job-1b073e1661,LG-640,New Job(Queue A),OTHER_EVENT:New Job(Queue A),0.623,,bad_time_or_dims_or_event,missing_print_times
job-9fcfa6a535,LG-640,New Job(Queue A),OTHER_EVENT:New Job(Queue A),0.623,,bad_time_or_dims_or_event,missing_print_times
job-2f3e7a8e8a,LG-640,New Job(Queue A),OTHER_EVENT:New Job(Queue A),0.623,,bad_time_or_dims_or_event,missing_print_times
job-198583076a,LG-640,New Job(Queue A),OTHER_EVENT:New Job(Queue A),0.623,,bad_time_or_dims_or_event,missing_print_times
job-7a3e003c9c,LG-640,New Job(Queue A),OTHER_EVENT:New Job(Queue A),0.168,,bad_time_or_dims_or_event,missing_print_times
job-7a3e003c9c,LG-640,New Job(Main Que),OTHER_EVENT:New Job(Main Que),0.551,,bad_time_or_dims_or_event,missing_print_times
job-1b073e1661,LG-640,Print Canceled,CANCELED,11.575,1042.0,canceled/failed,
job-1b073e1661,LG-640,Print Canceled,CANCELED,11.575,1042.0,canceled/failed,
job-1b073e1661,LG-640,Print Canceled,CANCELED,11.575,1042.0,canceled/failed,
job-1b073e1661,LG-640,Print Canceled,CANCELED,11.575,1042.0,canceled/failed,
job-198583076a,LG-640,Print Canceled,CANCELED,11.575,1046.0,canceled/failed,
job-198583076a,LG-640,Print Canceled,CANCELED,11.575,1046.0,canceled/failed,
job-198583076a,LG-640,Print Canceled,CANCELED,11.575,1046.0,canceled/failed,
job-198583076a,LG-640,Print Canceled,CANCELED,11.575,1046.0,canceled/failed,
job-dd91adb17f,LG-640,Print Canceled,CANCELED,11.575,1050.0,canceled/failed,
job-dd91adb17f,LG-640,Print Canceled,CANCELED,11.575,1050.0,canceled/failed,
job-dd91adb17f,LG-640,Print Canceled,CANCELED,11.575,1050.0,canceled/failed,
job-dd91adb17f,LG-640,Print Canceled,CANCELED,11.575,1050.0,canceled/failed,
job-2f3e7a8e8a,LG-640,Print Canceled,CANCELED,11.575,1053.0,canceled/failed,
job-2f3e7a8e8a,LG-640,Print Canceled,CANCELED,11.575,1053.0,canceled/failed,
job-2f3e7a8e8a,LG-640,Print Canceled,CANCELED,11.575,1053.0,canceled/failed,
job-2f3e7a8e8a,LG-640,Print Canceled,CANCELED,11.575,1053.0,canceled/failed,
job-9fcfa6a535,LG-640,Print Canceled,CANCELED,11.575,1059.0,canceled/failed,
job-9fcfa6a535,LG-640,Print Canceled,CANCELED,11.575,1059.0,canceled/failed,
job-9fcfa6a535,LG-640,Print Canceled,CANCELED,11.575,1059.0,canceled/failed,
job-9fcfa6a535,LG-640,Print Canceled,CANCELED,11.575,1058.0,canceled/failed,
job-9fcfa6a535,LG-640,Print Canceled,CANCELED,11.575,1058.0,canceled/failed,
job-9fcfa6a535,LG-640,Print Canceled,CANCELED,11.575,1058.0,canceled/failed,
job-9fcfa6a535,LG-640,Print Canceled,CANCELED,11.575,1058.0,canceled/failed,
job-9fcfa6a535,LG-640,Print Error,FAILED,11.575,1058.0,canceled/failed,
job-1b073e1661,LG-640,Print Canceled,CANCELED,11.575,7564.0,canceled/failed,
job-1b073e1661,LG-640,Print Canceled,CANCELED,11.575,7564.0,canceled/failed,
job-1b073e1661,LG-640,Print Canceled,CANCELED,11.575,7564.0,canceled/failed,
job-1b073e1661,LG-640,Print Canceled,CANCELED,11.575,7564.0,canceled/failed,
job-198583076a,LG-640,Print Canceled,CANCELED,11.575,7564.0,canceled/failed,
job-198583076a,LG-640,Print Canceled,CANCELED,11.575,7564.0,canceled/failed,
job-198583076a,LG-640,Print Canceled,CANCELED,11.575,7564.0,canceled/failed,
job-198583076a,LG-640,Print Canceled,CANCELED,11.575,7564.0,canceled/failed,
job-dd91adb17f,LG-640,Print Canceled,CANCELED,11.575,7564.0,canceled/failed,
job-dd91adb17f,LG-640,Print Canceled,CANCELED,11.575,7564.0,canceled/failed,
job-dd91adb17f,LG-640,Print Canceled,CANCELED,11.575,7564.0,canceled/failed,
job-dd91adb17f,LG-640,Print Canceled,CANCELED,11.575,7563.0,canceled/failed,
job-2f3e7a8e8a,LG-640,Print Canceled,CANCELED,11.575,7563.0,canceled/failed,
job-2f3e7a8e8a,LG-640,Print Canceled,CANCELED,11.575,7563.0,canceled/failed,
job-2f3e7a8e8a,LG-640,Print Canceled,CANCELED,11.575,7563.0,canceled/failed,
job-2f3e7a8e8a,LG-640,Print Canceled,CANCELED,11.575,7563.0,canceled/failed,
job-9fcfa6a535,LG-640,Print Canceled,CANCELED,11.575,7579.0,canceled/failed,
job-9fcfa6a535,LG-640,Print Canceled,CANCELED,11.575,7579.0,canceled/failed,
job-9fcfa6a535,LG-640,Print Canceled,CANCELED,11.575,7579.0,canceled/failed,
job-9fcfa6a535,LG-640,Print Canceled,CANCELED,11.575,7579.0,canceled/failed,
job-9fcfa6a535,LG-640,Print Canceled,CANCELED,11.575,7579.0,canceled/failed,
job-9fcfa6a535,LG-640,Print Canceled,CANCELED,11.575,7579.0,canceled/failed,
job-9fcfa6a535,LG-640,Print Canceled,CANCELED,11.575,7579.0,canceled/failed,
job-9fcfa6a535,LG-640,Print Error,FAILED,11.575,7579.0,canceled/failed,
job-f7118f9cad,LG-640,New Job(Main Que),OTHER_EVENT:New Job(Main Que),0.551,,bad_time_or_dims_or_event,missing_print_times
job-7a3e003c9c,LG-640,New Job(Main Que),OTHER_EVENT:New Job(Main Que),0.551,,bad_time_or_dims_or_event,missing_print_times
job-dd91adb17f,LG-640,New Job(Main Que),OTHER_EVENT:New Job(Main Que),0.633,,bad_time_or_dims_or_event,missing_print_times
job-1b073e1661,LG-640,New Job(Main Que),OTHER_EVENT:New Job(Main Que),0.633,,bad_time_or_dims_or_event,missing_print_times
job-9fcfa6a535,LG-640,New Job(Main Que),OTHER_EVENT:New Job(Main Que),0.633,,bad_time_or_dims_or_event,missing_print_times
job-2f3e7a8e8a,LG-640,New Job(Main Que),OTHER_EVENT:New Job(Main Que),0.633,,bad_time_or_dims_or_event,missing_print_times
job-198583076a,LG-640,New Job(Main Que),OTHER_EVENT:New Job(Main Que),0.633,,bad_time_or_dims_or_event,missing_print_times
job-b4acdb4536,LG-640,Print End,DUPLICATE_SUMMARY,10.136,11105.0,duplicate,
job-b4acdb4536,LG-640,Print End,DUPLICATE_SUMMARY,10.136,9932.0,duplicate,
job-b4acdb4536,LG-640,Print End,DUPLICATE_SUMMARY,10.136,7671.0,duplicate,
job-e809f290dd,LG-640,Print End,DUPLICATE_SUMMARY,10.136,3180.0,duplicate,
job-e809f290dd,LG-640,Print End,DUPLICATE_SUMMARY,10.136,920.0,duplicate,
job-617bde4619,LG-640,New Job(Main Que),OTHER_EVENT:New Job(Main Que),0.297,,bad_time_or_dims_or_event,missing_print_times
job-5ff3605cc8,LG-640,New Job(Main Que),OTHER_EVENT:New Job(Main Que),0.211,,bad_time_or_dims_or_event,missing_print_times
job-e272d3ec7a,LG-640,New Job(Main Que),OTHER_EVENT:New Job(Main Que),0.211,,bad_time_or_dims_or_event,missing_print_times
job-24fe9e5bc5,LG-640,New Job(Main Que),OTHER_EVENT:New Job(Main Que),0.273,,bad_time_or_dims_or_event,missing_print_times
job-9f9a8e8b28,LG-640,New Job(Main Que),OTHER_EVENT:New Job(Main Que),0.261,,bad_time_or_dims_or_event,missing_print_times
job-355f4ab7d8,LG-640,New Job(Main Que),OTHER_EVENT:New Job(Main Que),0.255,,bad_time_or_dims_or_event,missing_print_times
job-2290062868,LG-640,New Job(Main Que),OTHER_EVENT:New Job(Main Que),0.243,,bad_time_or_dims_or_event,missing_print_times
job-e99d97ad0e,LG-640,New Job(Main Que),OTHER_EVENT:New Job(Main Que),0.261,,bad_time_or_dims_or_event,missing_print_times
job-355f4ab7d8,LG-640,New Job(Main Que),OTHER_EVENT:New Job(Main Que),0.274,,bad_time_or_dims_or_event,missing_print_times
job-2290062868,LG-640,New Job(Main Que),OTHER_EVENT:New Job(Main Que),0.274,,bad_time_or_dims_or_event,missing_print_times
job-e99d97ad0e,LG-640,New Job(Main Que),OTHER_EVENT:New Job(Main Que),0.274,,bad_time_or_dims_or_event,missing_print_times
job-9f9a8e8b28,LG-640,New Job(Main Que),OTHER_EVENT:New Job(Main Que),0.274,,bad_time_or_dims_or_event,missing_print_times
job-617bde4619,LG-640,New Job(Main Que),OTHER_EVENT:New Job(Main Que),0.274,,bad_time_or_dims_or_event,missing_print_times
job-a299209b2e,LG-640,New Job(Main Que),OTHER_EVENT:New Job(Main Que),0.277,,bad_time_or_dims_or_event,missing_print_times
job-0464c5378b,LG-640,New Job(Main Que),OTHER_EVENT:New Job(Main Que),0.274,,bad_time_or_dims_or_event,missing_print_times
job-37a8599b94,LG-640,New Job(Main Que),OTHER_EVENT:New Job(Main Que),0.277,,bad_time_or_dims_or_event,missing_print_times
job-2d4061c701,LG-640,New Job(Main Que),OTHER_EVENT:New Job(Main Que),0.255,,bad_time_or_dims_or_event,missing_print_times
job-b4acdb4536,LG-640,Print Start,OTHER_EVENT:Print Start,10.136,,bad_time_or_dims_or_event,missing_print_times
job-b4acdb4536,LG-640,Print Start,OTHER_EVENT:Print Start,10.136,,bad_time_or_dims_or_event,missing_print_times
job-b4acdb4536,LG-640,Print Start,OTHER_EVENT:Print Start,10.136,,bad_time_or_dims_or_event,missing_print_times
job-b4acdb4536,LG-640,Print Start,OTHER_EVENT:Print Start,10.136,,bad_time_or_dims_or_event,missing_print_times
job-b4acdb4536,LG-640,New Job(Main Que),OTHER_EVENT:New Job(Main Que),0.558,,bad_time_or_dims_or_event,missing_print_times
job-e809f290dd,LG-640,Print Start,OTHER_EVENT:Print Start,10.136,,bad_time_or_dims_or_event,missing_print_times
job-e809f290dd,LG-640,Print Start,OTHER_EVENT:Print Start,10.136,,bad_time_or_dims_or_event,missing_print_times
job-e809f290dd,LG-640,Print Start,OTHER_EVENT:Print Start,10.136,,bad_time_or_dims_or_event,missing_print_times
job-e809f290dd,LG-640,New Job(Main Que),OTHER_EVENT:New Job(Main Que),0.558,,bad_time_or_dims_or_event,missing_print_times
job-339376879a,LG-640,Print End,DUPLICATE_SUMMARY,3.161,240.0,duplicate,
job-3c4741f6dc,LG-640,New Job(Main Que),OTHER_EVENT:New Job(Main Que),0.422,,bad_time_or_dims_or_event,missing_print_times
job-a62143e834,LG-640,New Job(Main Que),OTHER_EVENT:New Job(Main Que),0.422,,bad_time_or_dims_or_event,missing_print_times
job-339376879a,LG-640,New Job(Main Que),OTHER_EVENT:New Job(Main Que),0.422,,bad_time_or_dims_or_event,missing_print_times
job-a012d4ae2c,LG-640,Print End,DUPLICATE_SUMMARY,8.985,9049.0,duplicate,
job-a012d4ae2c,LG-640,Print End,DUPLICATE_SUMMARY,14.975,6040.0,duplicate,
job-a012d4ae2c,LG-640,Print End,DUPLICATE_SUMMARY,14.975,3570.0,duplicate,
job-a012d4ae2c,LG-640,Print End,DUPLICATE_SUMMARY,14.975,1523.0,duplicate,
job-a012d4ae2c,LG-640,Print Canceled,CANCELED,14.975,18.0,canceled/failed,
job-a012d4ae2c,LG-640,Print Canceled,CANCELED,14.975,18.0,canceled/failed,
job-a012d4ae2c,LG-640,Print Canceled,CANCELED,14.975,18.0,canceled/failed,
job-a012d4ae2c,LG-640,Print Canceled,CANCELED,14.975,18.0,canceled/failed,
job-a012d4ae2c,LG-640,Print Canceled,CANCELED,14.975,18.0,canceled/failed,
job-a012d4ae2c,LG-640,Print Canceled,CANCELED,14.975,18.0,canceled/failed,
job-a012d4ae2c,LG-640,Print Canceled,CANCELED,14.975,18.0,canceled/failed,
job-a012d4ae2c,LG-640,Print Canceled,CANCELED,14.975,18.0,canceled/failed,
job-a012d4ae2c,LG-640,New Job(Main Que),OTHER_EVENT:New Job(Main Que),0.476,,bad_time_or_dims_or_event,missing_print_times
job-8e3bbd99a6,LG-640,New Job(Main Que),OTHER_EVENT:New Job(Main Que),0.331,,bad_time_or_dims_or_event,missing_print_times
job-d1205ff3ed,LG-640,New Job(Main Que),OTHER_EVENT:New Job(Main Que),0.359,,bad_time_or_dims_or_event,missing_print_times
job-f100463c1c,LG-640,New Job(Main Que),OTHER_EVENT:New Job(Main Que),0.359,,bad_time_or_dims_or_event,missing_print_times
job-3c4741f6dc,LG-640,New Job(Main Que),OTHER_EVENT:New Job(Main Que),0.422,,bad_time_or_dims_or_event,missing_print_times
job-339376879a,LG-640,Print End,DUPLICATE_SUMMARY,4.741,2016.0,duplicate,
job-339376879a,LG-640,Print End,DUPLICATE_SUMMARY,4.741,1432.0,duplicate,
job-339376879a,LG-640,Print End,DUPLICATE_SUMMARY,4.741,557.0,duplicate,
job-3c4741f6dc,LG-640,New Job(Main Que),OTHER_EVENT:New Job(Main Que),0.422,,bad_time_or_dims_or_event,missing_print_times
job-a62143e834,LG-640,New Job(Main Que),OTHER_EVENT:New Job(Main Que),0.422,,bad_time_or_dims_or_event,missing_print_times
job-339376879a,LG-640,New Job(Main Que),OTHER_EVENT:New Job(Main Que),0.422,,bad_time_or_dims_or_event,missing_print_times
job-cee0115202,LG-640,Print End,DUPLICATE_SUMMARY,18.216,5114.0,duplicate,
job-15326c8a1b,LG-640,Print End,DUPLICATE_SUMMARY,18.216,1414.0,duplicate,
job-15326c8a1b,LG-640,New Job(Main Que),OTHER_EVENT:New Job(Main Que),0.817,,bad_time_or_dims_or_event,missing_print_times
job-cee0115202,LG-640,New Job(Main Que),OTHER_EVENT:New Job(Main Que),0.817,,bad_time_or_dims_or_event,missing_print_times
job-42c24e8477,LG-640,Print End,DUPLICATE_SUMMARY,3.324,5400.0,duplicate,
job-63e5177848,LG-640,Print End,DUPLICATE_SUMMARY,9.064,2370.0,duplicate,
job-42c24e8477,LG-640,Print Canceled,CANCELED,3.324,38.0,canceled/failed,
job-42c24e8477,LG-640,Print Canceled,CANCELED,3.324,38.0,canceled/failed,
job-63e5177848,LG-640,Print Canceled,CANCELED,9.064,38.0,canceled/failed,
job-63e5177848,LG-640,Print Canceled,CANCELED,9.064,38.0,canceled/failed,
job-2ae89b20eb,LG-640,New Job(Main Que),OTHER_EVENT:New Job(Main Que),0.265,,bad_time_or_dims_or_event,missing_print_times
job-0e90780592,LG-640,New Job(Main Que),OTHER_EVENT:New Job(Main Que),0.244,,bad_time_or_dims_or_event,missing_print_times
job-3c4d3ceb8d,LG-640,New Job(Main Que),OTHER_EVENT:New Job(Main Que),0.244,,bad_time_or_dims_or_event,missing_print_times
job-8acc8751f5,LG-640,New Job(Main Que),OTHER_EVENT:New Job(Main Que),0.244,,bad_time_or_dims_or_event,missing_print_times
job-2cb089a6d3,LG-640,New Job(Main Que),OTHER_EVENT:New Job(Main Que),0.232,,bad_time_or_dims_or_event,missing_print_times
job-c9d759572a,LG-640,New Job(Main Que),OTHER_EVENT:New Job(Main Que),0.232,,bad_time_or_dims_or_event,missing_print_times
job-d00f5cefba,LG-640,New Job(Main Que),OTHER_EVENT:New Job(Main Que),0.232,,bad_time_or_dims_or_event,missing_print_times
job-942c103b80,LG-640,New Job(Main Que),OTHER_EVENT:New Job(Main Que),0.232,,bad_time_or_dims_or_event,missing_print_times
job-485e6579a2,LG-640,New Job(Main Que),OTHER_EVENT:New Job(Main Que),0.817,,bad_time_or_dims_or_event,missing_print_times
job-c972acb261,LG-640,New Job(Main Que),OTHER_EVENT:New Job(Main Que),0.817,,bad_time_or_dims_or_event,missing_print_times
job-fc80d8a025,LG-640,New Job(Main Que),OTHER_EVENT:New Job(Main Que),0.817,,bad_time_or_dims_or_event,missing_print_times
job-e37eae7026,LG-640,New Job(Main Que),OTHER_EVENT:New Job(Main Que),0.817,,bad_time_or_dims_or_event,missing_print_times
job-cc9611b607,LG-640,New Job(Main Que),OTHER_EVENT:New Job(Main Que),0.817,,bad_time_or_dims_or_event,missing_print_times
job-1321ef0b89,LG-640,New Job(Main Que),OTHER_EVENT:New Job(Main Que),0.415,,bad_time_or_dims_or_event,missing_print_times
job-bf246207cf,LG-640,New Job(Main Que),OTHER_EVENT:New Job(Main Que),0.415,,bad_time_or_dims_or_event,missing_print_times
job-b30e5c4249,LG-640,New Job(Main Que),OTHER_EVENT:New Job(Main Que),0.817,,bad_time_or_dims_or_event,missing_print_times
job-17f7e1fa06,LG-640,Print End,DUPLICATE_SUMMARY,10.294,1142.0,duplicate,
job-17f7e1fa06,LG-640,Print End,LG640_GLOSS_ONLY,15.225,32236.0,bad_time_or_dims_or_event,possible_idle_gt4h
job-17f7e1fa06,LG-640,Print End,DUPLICATE_SUMMARY,15.225,28875.0,duplicate,possible_idle_gt4h
job-17f7e1fa06,LG-640,Print End,DUPLICATE_SUMMARY,15.225,26956.0,duplicate,possible_idle_gt4h
job-17f7e1fa06,LG-640,Print End,DUPLICATE_SUMMARY,15.225,23664.0,duplicate,possible_idle_gt4h
job-17f7e1fa06,LG-640,Print End,DUPLICATE_SUMMARY,15.225,21499.0,duplicate,possible_idle_gt4h
job-17f7e1fa06,LG-640,Print End,DUPLICATE_SUMMARY,15.225,18139.0,duplicate,possible_idle_gt4h
job-17f7e1fa06,LG-640,Print End,DUPLICATE_SUMMARY,15.225,16217.0,duplicate,possible_idle_gt4h
job-17f7e1fa06,LG-640,Print End,DUPLICATE_SUMMARY,15.225,12641.0,duplicate,
job-17f7e1fa06,LG-640,Print End,DUPLICATE_SUMMARY,15.225,10450.0,duplicate,
job-17f7e1fa06,LG-640,Print End,DUPLICATE_SUMMARY,15.225,7018.0,duplicate,
job-17f7e1fa06,LG-640,Print End,DUPLICATE_SUMMARY,15.225,5026.0,duplicate,
job-17f7e1fa06,LG-640,Print End,DUPLICATE_SUMMARY,15.225,1600.0,duplicate,
job-17f7e1fa06,LG-640,New Job(Main Que),OTHER_EVENT:New Job(Main Que),0.686,,bad_time_or_dims_or_event,missing_print_times
job-f7a9e50d02,LG-640,Print End,LG640_GLOSS_ONLY,10.19,26934.0,bad_time_or_dims_or_event,possible_idle_gt4h
job-f7a9e50d02,LG-640,Print End,DUPLICATE_SUMMARY,10.19,24802.0,duplicate,possible_idle_gt4h
job-3b0cdfde86,LG-640,Print End,LG640_GLOSS_ONLY,10.19,23752.0,bad_time_or_dims_or_event,possible_idle_gt4h
job-3b0cdfde86,LG-640,Print End,DUPLICATE_SUMMARY,10.19,21477.0,duplicate,possible_idle_gt4h
job-3e46512f63,LG-640,Print End,LG640_GLOSS_ONLY,9.204,20431.0,bad_time_or_dims_or_event,possible_idle_gt4h
job-3e46512f63,LG-640,Print End,DUPLICATE_SUMMARY,9.204,18160.0,duplicate,possible_idle_gt4h
job-b46dbbd376,LG-640,Print End,LG640_GLOSS_ONLY,9.204,17218.0,bad_time_or_dims_or_event,possible_idle_gt4h
job-b46dbbd376,LG-640,Print End,DUPLICATE_SUMMARY,9.204,15234.0,duplicate,possible_idle_gt4h
job-15c1de8e4d,LG-640,Print End,DUPLICATE_SUMMARY,9.204,12294.0,duplicate,
job-e1d04393ca,LG-640,Print End,DUPLICATE_SUMMARY,9.204,8778.0,duplicate,
job-81ecbe4944,LG-640,Print End,DUPLICATE_SUMMARY,9.204,5449.0,duplicate,
job-b46dbbd376,LG-640,New Job(Main Que),OTHER_EVENT:New Job(Main Que),0.453,,bad_time_or_dims_or_event,missing_print_times
job-15c1de8e4d,LG-640,New Job(Main Que),OTHER_EVENT:New Job(Main Que),0.453,,bad_time_or_dims_or_event,missing_print_times
job-e1d04393ca,LG-640,New Job(Main Que),OTHER_EVENT:New Job(Main Que),0.453,,bad_time_or_dims_or_event,missing_print_times
job-81ecbe4944,LG-640,New Job(Main Que),OTHER_EVENT:New Job(Main Que),0.453,,bad_time_or_dims_or_event,missing_print_times
job-3e46512f63,LG-640,New Job(Main Que),OTHER_EVENT:New Job(Main Que),0.453,,bad_time_or_dims_or_event,missing_print_times
job-3b0cdfde86,LG-640,New Job(Main Que),OTHER_EVENT:New Job(Main Que),0.664,,bad_time_or_dims_or_event,missing_print_times
job-f7a9e50d02,LG-640,New Job(Main Que),OTHER_EVENT:New Job(Main Que),0.664,,bad_time_or_dims_or_event,missing_print_times
job-8e3bbd99a6,LG-640,Print End,DUPLICATE_SUMMARY,13.244,3770.0,duplicate,
job-8e3bbd99a6,LG-640,Print End,DUPLICATE_SUMMARY,13.244,2455.0,duplicate,
job-8e3bbd99a6,LG-640,Print End,DUPLICATE_SUMMARY,13.244,757.0,duplicate,
job-b1ad75b0b6,LG-640,Print End,DUPLICATE_SUMMARY,9.091,3107.0,duplicate,
job-b2d464c8f4,LG-640,Print End,DUPLICATE_SUMMARY,9.091,480.0,duplicate,
job-6ca5deba0c,LG-640,Print End,DUPLICATE_SUMMARY,18.182,9356.0,duplicate,
job-e55ee3ad79,LG-640,Print End,DUPLICATE_SUMMARY,18.182,6989.0,duplicate,
job-e55ee3ad79,LG-640,New Job(Main Que),OTHER_EVENT:New Job(Main Que),0.817,,bad_time_or_dims_or_event,missing_print_times
job-6ca5deba0c,LG-640,New Job(Main Que),OTHER_EVENT:New Job(Main Que),0.817,,bad_time_or_dims_or_event,missing_print_times
job-b1ad75b0b6,LG-640,Print Canceled,CANCELED,9.091,12.0,canceled/failed,
job-b1ad75b0b6,LG-640,Print Canceled,CANCELED,9.091,12.0,canceled/failed,
job-b1ad75b0b6,LG-640,New Job(Main Que),OTHER_EVENT:New Job(Main Que),0.817,,bad_time_or_dims_or_event,missing_print_times
job-8e3bbd99a6,LG-640,Print Canceled,CANCELED,13.244,570.0,canceled/failed,
job-8e3bbd99a6,LG-640,Print Canceled,CANCELED,13.244,570.0,canceled/failed,
job-8e3bbd99a6,LG-640,Print Canceled,CANCELED,13.244,570.0,canceled/failed,
job-8e3bbd99a6,LG-640,Print Canceled,CANCELED,13.244,570.0,canceled/failed,
job-d053c56083,LG-640,Print End,DUPLICATE_SUMMARY,0.445,6800.0,duplicate,
job-d053c56083,LG-640,New Job(Main Que),OTHER_EVENT:New Job(Main Que),0.37,,bad_time_or_dims_or_event,missing_print_times
job-8e3bbd99a6,LG-640,Print Canceled,CANCELED,13.244,19779.0,canceled/failed,possible_idle_gt4h
job-8e3bbd99a6,LG-640,Print Canceled,CANCELED,13.244,19779.0,canceled/failed,possible_idle_gt4h
job-8e3bbd99a6,LG-640,Print Canceled,CANCELED,13.244,19779.0,canceled/failed,possible_idle_gt4h
job-8e3bbd99a6,LG-640,Print Canceled,CANCELED,13.244,19779.0,canceled/failed,possible_idle_gt4h
job-d1205ff3ed,LG-640,Print End,LG640_GLOSS_ONLY,14.426,25892.0,bad_time_or_dims_or_event,possible_idle_gt4h
job-d1205ff3ed,LG-640,Print End,DUPLICATE_SUMMARY,14.426,23935.0,duplicate,possible_idle_gt4h
job-d1205ff3ed,LG-640,Print End,LG640_GLOSS_ONLY,14.426,22484.0,bad_time_or_dims_or_event,possible_idle_gt4h
job-d1205ff3ed,LG-640,Print End,DUPLICATE_SUMMARY,14.426,20383.0,duplicate,possible_idle_gt4h
job-f100463c1c,LG-640,Print End,LG640_GLOSS_ONLY,14.426,18991.0,bad_time_or_dims_or_event,possible_idle_gt4h
job-f100463c1c,LG-640,Print End,DUPLICATE_SUMMARY,14.426,17178.0,duplicate,possible_idle_gt4h
job-f100463c1c,LG-640,Print End,DUPLICATE_SUMMARY,14.426,15797.0,duplicate,possible_idle_gt4h
job-f100463c1c,LG-640,Print End,DUPLICATE_SUMMARY,14.426,13657.0,duplicate,
job-339376879a,LG-640,Print End,DUPLICATE_SUMMARY,5.521,11540.0,duplicate,
job-339376879a,LG-640,Print End,DUPLICATE_SUMMARY,5.521,10856.0,duplicate,
job-339376879a,LG-640,Print End,DUPLICATE_SUMMARY,5.521,9888.0,duplicate,
job-3c4741f6dc,LG-640,Print End,DUPLICATE_SUMMARY,5.521,8461.0,duplicate,
job-3c4741f6dc,LG-640,Print End,DUPLICATE_SUMMARY,5.521,7848.0,duplicate,
job-3c4741f6dc,LG-640,Print End,DUPLICATE_SUMMARY,5.521,6963.0,duplicate,
job-a62143e834,LG-640,Print End,DUPLICATE_SUMMARY,5.521,5534.0,duplicate,
job-a62143e834,LG-640,Print End,DUPLICATE_SUMMARY,5.521,4918.0,duplicate,
job-a62143e834,LG-640,Print End,DUPLICATE_SUMMARY,5.521,4111.0,duplicate,
job-8e3bbd99a6,LG-640,New Job(Main Que),OTHER_EVENT:New Job(Main Que),0.331,,bad_time_or_dims_or_event,missing_print_times
job-d1205ff3ed,LG-640,New Job(Main Que),OTHER_EVENT:New Job(Main Que),0.359,,bad_time_or_dims_or_event,missing_print_times
job-f100463c1c,LG-640,New Job(Main Que),OTHER_EVENT:New Job(Main Que),0.359,,bad_time_or_dims_or_event,missing_print_times
job-3c4741f6dc,LG-640,New Job(Main Que),OTHER_EVENT:New Job(Main Que),0.422,,bad_time_or_dims_or_event,missing_print_times
job-a62143e834,LG-640,New Job(Main Que),OTHER_EVENT:New Job(Main Que),0.422,,bad_time_or_dims_or_event,missing_print_times
job-339376879a,LG-640,New Job(Main Que),OTHER_EVENT:New Job(Main Que),0.422,,bad_time_or_dims_or_event,missing_print_times
job-b2d464c8f4,LG-640,Print End,DUPLICATE_SUMMARY,18.182,999.0,duplicate,
job-b2d464c8f4,LG-640,Print Error,FAILED,18.182,31477.0,canceled/failed,possible_idle_gt4h
job-b2d464c8f4,LG-640,Print End,LG640_CMYK_ONLY,18.182,25683.0,bad_time_or_dims_or_event,possible_idle_gt4h
job-b1ad75b0b6,LG-640,Print End,LG640_GLOSS_ONLY,18.182,24857.0,bad_time_or_dims_or_event,possible_idle_gt4h
job-b1ad75b0b6,LG-640,Print End,DUPLICATE_SUMMARY,18.182,21408.0,duplicate,possible_idle_gt4h
job-cc2adc648e,LG-640,Print End,LG640_GLOSS_ONLY,18.182,20058.0,bad_time_or_dims_or_event,possible_idle_gt4h
job-cc2adc648e,LG-640,Print End,DUPLICATE_SUMMARY,18.182,16343.0,duplicate,possible_idle_gt4h
job-202645ae56,LG-640,Print End,LG640_GLOSS_ONLY,18.182,14917.0,bad_time_or_dims_or_event,possible_idle_gt4h
job-202645ae56,LG-640,Print End,DUPLICATE_SUMMARY,18.182,11096.0,duplicate,
job-3bcd8c3a41,LG-640,Print End,DUPLICATE_SUMMARY,18.182,6076.0,duplicate,
job-e1da42c5b3,LG-640,Print End,DUPLICATE_SUMMARY,18.182,1040.0,duplicate,
job-b2d464c8f4,LG-640,New Job(Main Que),OTHER_EVENT:New Job(Main Que),0.817,,bad_time_or_dims_or_event,missing_print_times
job-b1ad75b0b6,LG-640,New Job(Main Que),OTHER_EVENT:New Job(Main Que),0.817,,bad_time_or_dims_or_event,missing_print_times
job-cc2adc648e,LG-640,New Job(Main Que),OTHER_EVENT:New Job(Main Que),0.817,,bad_time_or_dims_or_event,missing_print_times
job-202645ae56,LG-640,New Job(Main Que),OTHER_EVENT:New Job(Main Que),0.817,,bad_time_or_dims_or_event,missing_print_times
job-e1da42c5b3,LG-640,New Job(Main Que),OTHER_EVENT:New Job(Main Que),0.817,,bad_time_or_dims_or_event,missing_print_times
job-3bcd8c3a41,LG-640,New Job(Main Que),OTHER_EVENT:New Job(Main Que),0.817,,bad_time_or_dims_or_event,missing_print_times
job-379ca64e08,LG-640,New Job(Main Que),OTHER_EVENT:New Job(Main Que),0.47,,bad_time_or_dims_or_event,missing_print_times
job-ab762ea521,LG-640,Print End,LG640_GLOSS_ONLY,15.294,17337.0,bad_time_or_dims_or_event,possible_idle_gt4h
job-ab762ea521,LG-640,Print End,LG640_CMYK_ONLY,15.294,15562.0,bad_time_or_dims_or_event,possible_idle_gt4h
job-fff380fbcc,LG-640,New Job(Queue A),OTHER_EVENT:New Job(Queue A),3.517,,bad_time_or_dims_or_event,missing_print_times
job-2d38b0ce30,LG-640,New Job(Queue A),OTHER_EVENT:New Job(Queue A),3.517,,bad_time_or_dims_or_event,missing_print_times
job-343fc36cdd,LG-640,Print End,LG640_GLOSS_ONLY,18.182,14588.0,bad_time_or_dims_or_event,possible_idle_gt4h
job-bec3ffc698,LG-640,New Job(Queue A),OTHER_EVENT:New Job(Queue A),0.817,,bad_time_or_dims_or_event,missing_print_times
job-63ebfd01c7,LG-640,New Job(Queue A),OTHER_EVENT:New Job(Queue A),0.817,,bad_time_or_dims_or_event,missing_print_times
job-468aed7887,LG-640,RIP End,OTHER_EVENT:RIP End,18.182,,bad_time_or_dims_or_event,missing_print_times
job-6b386f61aa,LG-640,New Job(Queue A),OTHER_EVENT:New Job(Queue A),0.817,,bad_time_or_dims_or_event,missing_print_times
job-539f79df00,LG-640,New Job(Queue A),OTHER_EVENT:New Job(Queue A),0.817,,bad_time_or_dims_or_event,missing_print_times
job-428bff6ab1,LG-640,New Job(Queue A),OTHER_EVENT:New Job(Queue A),0.817,,bad_time_or_dims_or_event,missing_print_times
job-a97cb9d35f,LG-640,New Job(Queue A),OTHER_EVENT:New Job(Queue A),0.817,,bad_time_or_dims_or_event,missing_print_times
job-4a7e324455,LG-640,New Job(Queue A),OTHER_EVENT:New Job(Queue A),0.817,,bad_time_or_dims_or_event,missing_print_times
job-8ad9c03fef,LG-640,New Job(Queue A),OTHER_EVENT:New Job(Queue A),0.817,,bad_time_or_dims_or_event,missing_print_times
job-ee8f4ab14a,LG-640,New Job(Queue A),OTHER_EVENT:New Job(Queue A),3.517,,bad_time_or_dims_or_event,missing_print_times
job-19c4c3b3ad,LG-640,New Job(Queue A),OTHER_EVENT:New Job(Queue A),3.517,,bad_time_or_dims_or_event,missing_print_times
job-b9df0f123b,LG-640,New Job(Queue A),OTHER_EVENT:New Job(Queue A),3.517,,bad_time_or_dims_or_event,missing_print_times
job-79ed22af6b,LG-640,New Job(Queue A),OTHER_EVENT:New Job(Queue A),3.517,,bad_time_or_dims_or_event,missing_print_times
job-ba60e10292,LG-640,New Job(Queue A),OTHER_EVENT:New Job(Queue A),3.517,,bad_time_or_dims_or_event,missing_print_times
job-cfd462b7f9,LG-640,New Job(Queue A),OTHER_EVENT:New Job(Queue A),3.517,,bad_time_or_dims_or_event,missing_print_times
job-b6fc5aafdb,LG-640,Print End,DUPLICATE_SUMMARY,7.257,6480.0,duplicate,
job-b6fc5aafdb,LG-640,Print End,DUPLICATE_SUMMARY,7.257,5370.0,duplicate,
job-b6fc5aafdb,LG-640,Print End,DUPLICATE_SUMMARY,7.257,4215.0,duplicate,
job-e40310a83d,LG-640,Print End,DUPLICATE_SUMMARY,2.177,2761.0,duplicate,
job-9eebe99290,LG-640,Print End,DUPLICATE_SUMMARY,5.806,1207.0,duplicate,
job-b949eb9428,LG-640,Print End,DUPLICATE_SUMMARY,0.526,79.0,duplicate,
job-b949eb9428,LG-640,New Job(Queue A),OTHER_EVENT:New Job(Queue A),0.47,,bad_time_or_dims_or_event,missing_print_times
job-b6fc5aafdb,LG-640,Print Canceled,CANCELED,7.257,13373.0,canceled/failed,
job-b6fc5aafdb,LG-640,Print Canceled,CANCELED,7.257,13373.0,canceled/failed,
job-b6fc5aafdb,LG-640,Print Canceled,CANCELED,7.257,13373.0,canceled/failed,
job-b6fc5aafdb,LG-640,Print Canceled,CANCELED,7.257,13373.0,canceled/failed,
job-e40310a83d,LG-640,Print Canceled,CANCELED,2.177,13397.0,canceled/failed,
job-e40310a83d,LG-640,Print Canceled,CANCELED,2.177,13397.0,canceled/failed,
job-9eebe99290,LG-640,Print Canceled,CANCELED,5.806,13528.0,canceled/failed,
job-9eebe99290,LG-640,Print Canceled,CANCELED,5.806,13589.0,canceled/failed,
job-9eebe99290,LG-640,Print End,DUPLICATE_SUMMARY,5.806,11839.0,duplicate,
job-44c156ea82,LG-640,Print End,DUPLICATE_SUMMARY,5.806,9761.0,duplicate,
job-44c156ea82,LG-640,Print End,DUPLICATE_SUMMARY,5.806,8785.0,duplicate,
job-44c156ea82,LG-640,Print End,DUPLICATE_SUMMARY,5.806,7673.0,duplicate,
job-c0d3e6aebb,LG-640,Print End,DUPLICATE_SUMMARY,7.257,5476.0,duplicate,
job-c0d3e6aebb,LG-640,Print End,DUPLICATE_SUMMARY,7.257,4345.0,duplicate,
job-c0d3e6aebb,LG-640,Print End,DUPLICATE_SUMMARY,7.257,3194.0,duplicate,
job-fe7b450434,LG-640,Print End,DUPLICATE_SUMMARY,7.257,974.0,duplicate,
job-e40310a83d,LG-640,New Job(Queue A),OTHER_EVENT:New Job(Queue A),0.415,,bad_time_or_dims_or_event,missing_print_times
job-e40310a83d,LG-640,New Job(Queue A),OTHER_EVENT:New Job(Queue A),0.415,,bad_time_or_dims_or_event,missing_print_times
job-9eebe99290,LG-640,New Job(Queue A),OTHER_EVENT:New Job(Queue A),0.415,,bad_time_or_dims_or_event,missing_print_times
job-44c156ea82,LG-640,Print Canceled,CANCELED,5.806,382.0,canceled/failed,
job-44c156ea82,LG-640,Print Canceled,CANCELED,5.806,382.0,canceled/failed,
job-44c156ea82,LG-640,Print Canceled,CANCELED,5.806,382.0,canceled/failed,
job-44c156ea82,LG-640,Print Canceled,CANCELED,5.806,382.0,canceled/failed,
job-c0d3e6aebb,LG-640,Print Canceled,CANCELED,7.257,399.0,canceled/failed,
job-c0d3e6aebb,LG-640,Print Canceled,CANCELED,7.257,399.0,canceled/failed,
job-c0d3e6aebb,LG-640,Print Canceled,CANCELED,7.257,399.0,canceled/failed,
job-c0d3e6aebb,LG-640,Print Canceled,CANCELED,7.257,399.0,canceled/failed,
job-b6fc5aafdb,LG-640,Print Canceled,CANCELED,7.257,417.0,canceled/failed,
job-b6fc5aafdb,LG-640,Print Canceled,CANCELED,7.257,417.0,canceled/failed,
job-b6fc5aafdb,LG-640,Print Canceled,CANCELED,7.257,417.0,canceled/failed,
job-b6fc5aafdb,LG-640,Print Canceled,CANCELED,7.257,417.0,canceled/failed,
job-fe7b450434,LG-640,Print Canceled,CANCELED,7.257,437.0,canceled/failed,
job-fe7b450434,LG-640,Print Canceled,CANCELED,7.257,440.0,canceled/failed,
job-44c156ea82,LG-640,Print Canceled,CANCELED,5.806,1072.0,canceled/failed,
job-c0d3e6aebb,LG-640,Print Canceled,CANCELED,7.257,1130.0,canceled/failed,
job-b6fc5aafdb,LG-640,Print Canceled,CANCELED,7.257,1230.0,canceled/failed,
job-44c156ea82,LG-640,New Job(Queue A),OTHER_EVENT:New Job(Queue A),0.415,,bad_time_or_dims_or_event,missing_print_times
job-c0d3e6aebb,LG-640,New Job(Queue A),OTHER_EVENT:New Job(Queue A),0.415,,bad_time_or_dims_or_event,missing_print_times
job-b6fc5aafdb,LG-640,New Job(Queue A),OTHER_EVENT:New Job(Queue A),0.415,,bad_time_or_dims_or_event,missing_print_times
job-fe7b450434,LG-640,New Job(Queue A),OTHER_EVENT:New Job(Queue A),0.415,,bad_time_or_dims_or_event,missing_print_times
job-fe7b450434,LG-640,New Job(Queue A),OTHER_EVENT:New Job(Queue A),0.415,,bad_time_or_dims_or_event,missing_print_times
job-7d9b81e620,LG-640,Print Canceled,CANCELED,10.16,199.0,canceled/failed,
job-7d9b81e620,LG-640,Print Canceled,CANCELED,10.16,62.0,canceled/failed,
job-44c156ea82,LG-640,New Job(Queue A),OTHER_EVENT:New Job(Queue A),0.415,,bad_time_or_dims_or_event,missing_print_times
job-c0d3e6aebb,LG-640,New Job(Queue A),OTHER_EVENT:New Job(Queue A),0.415,,bad_time_or_dims_or_event,missing_print_times
job-b6fc5aafdb,LG-640,New Job(Queue A),OTHER_EVENT:New Job(Queue A),0.415,,bad_time_or_dims_or_event,missing_print_times
job-fe7b450434,LG-640,New Job(Queue A),OTHER_EVENT:New Job(Queue A),0.415,,bad_time_or_dims_or_event,missing_print_times
job-44c156ea82,LG-640,New Job(Queue A),OTHER_EVENT:New Job(Queue A),0.415,,bad_time_or_dims_or_event,missing_print_times
job-c0d3e6aebb,LG-640,New Job(Queue A),OTHER_EVENT:New Job(Queue A),0.415,,bad_time_or_dims_or_event,missing_print_times
job-b6fc5aafdb,LG-640,New Job(Queue A),OTHER_EVENT:New Job(Queue A),0.415,,bad_time_or_dims_or_event,missing_print_times
job-fe7b450434,LG-640,New Job(Queue A),OTHER_EVENT:New Job(Queue A),0.415,,bad_time_or_dims_or_event,missing_print_times
job-44c156ea82,LG-640,New Job(Queue A),OTHER_EVENT:New Job(Queue A),0.415,,bad_time_or_dims_or_event,missing_print_times
job-b6fc5aafdb,LG-640,New Job(Queue A),OTHER_EVENT:New Job(Queue A),0.415,,bad_time_or_dims_or_event,missing_print_times
job-6110e690d6,LG-640,New Job(Queue A),OTHER_EVENT:New Job(Queue A),3.517,,bad_time_or_dims_or_event,missing_print_times
job-f7d0a3219a,LG-640,New Job(Queue A),OTHER_EVENT:New Job(Queue A),3.517,,bad_time_or_dims_or_event,missing_print_times
job-61291afe6b,LG-640,New Job(Queue A),OTHER_EVENT:New Job(Queue A),3.517,,bad_time_or_dims_or_event,missing_print_times
job-d56fc96d94,LG-640,New Job(Queue A),OTHER_EVENT:New Job(Queue A),3.517,,bad_time_or_dims_or_event,missing_print_times
job-94d98f4370,LG-640,New Job(Queue A),OTHER_EVENT:New Job(Queue A),3.517,,bad_time_or_dims_or_event,missing_print_times
job-f7ad108303,LG-640,New Job(Queue A),OTHER_EVENT:New Job(Queue A),3.517,,bad_time_or_dims_or_event,missing_print_times
job-992e0367b7,LG-640,New Job(Queue A),OTHER_EVENT:New Job(Queue A),3.517,,bad_time_or_dims_or_event,missing_print_times
job-f596b0d375,LG-640,New Job(Queue A),OTHER_EVENT:New Job(Queue A),3.517,,bad_time_or_dims_or_event,missing_print_times
job-1c1b3f4a1d,LG-640,New Job(Queue A),OTHER_EVENT:New Job(Queue A),3.517,,bad_time_or_dims_or_event,missing_print_times
job-f556730c5f,LG-640,New Job(Queue A),OTHER_EVENT:New Job(Queue A),3.517,,bad_time_or_dims_or_event,missing_print_times
job-521e651b65,LG-640,New Job(Queue A),OTHER_EVENT:New Job(Queue A),3.517,,bad_time_or_dims_or_event,missing_print_times
job-ed990d83b3,LG-640,New Job(Queue A),OTHER_EVENT:New Job(Queue A),3.517,,bad_time_or_dims_or_event,missing_print_times
job-873211b5cb,LG-640,New Job(Queue A),OTHER_EVENT:New Job(Queue A),3.517,,bad_time_or_dims_or_event,missing_print_times
job-96d1240cdb,LG-640,New Job(Queue A),OTHER_EVENT:New Job(Queue A),3.517,,bad_time_or_dims_or_event,missing_print_times
job-26a0ac7da1,LG-640,New Job(Queue A),OTHER_EVENT:New Job(Queue A),3.517,,bad_time_or_dims_or_event,missing_print_times
job-bfd7f25e3f,LG-640,New Job(Queue A),OTHER_EVENT:New Job(Queue A),3.517,,bad_time_or_dims_or_event,missing_print_times
job-71f4402272,LG-640,New Job(Queue A),OTHER_EVENT:New Job(Queue A),3.517,,bad_time_or_dims_or_event,missing_print_times
job-f7d0a3219a,LG-640,New Job(Queue A),OTHER_EVENT:New Job(Queue A),3.517,,bad_time_or_dims_or_event,missing_print_times
job-61291afe6b,LG-640,New Job(Queue A),OTHER_EVENT:New Job(Queue A),3.517,,bad_time_or_dims_or_event,missing_print_times
job-d56fc96d94,LG-640,New Job(Queue A),OTHER_EVENT:New Job(Queue A),3.517,,bad_time_or_dims_or_event,missing_print_times
job-94d98f4370,LG-640,New Job(Queue A),OTHER_EVENT:New Job(Queue A),3.517,,bad_time_or_dims_or_event,missing_print_times
job-f7ad108303,LG-640,New Job(Queue A),OTHER_EVENT:New Job(Queue A),3.517,,bad_time_or_dims_or_event,missing_print_times
job-992e0367b7,LG-640,New Job(Queue A),OTHER_EVENT:New Job(Queue A),3.517,,bad_time_or_dims_or_event,missing_print_times
job-f596b0d375,LG-640,New Job(Queue A),OTHER_EVENT:New Job(Queue A),3.517,,bad_time_or_dims_or_event,missing_print_times
job-1c1b3f4a1d,LG-640,New Job(Queue A),OTHER_EVENT:New Job(Queue A),3.517,,bad_time_or_dims_or_event,missing_print_times
job-f556730c5f,LG-640,New Job(Queue A),OTHER_EVENT:New Job(Queue A),3.517,,bad_time_or_dims_or_event,missing_print_times
job-521e651b65,LG-640,New Job(Queue A),OTHER_EVENT:New Job(Queue A),3.517,,bad_time_or_dims_or_event,missing_print_times
job-ed990d83b3,LG-640,New Job(Queue A),OTHER_EVENT:New Job(Queue A),3.517,,bad_time_or_dims_or_event,missing_print_times
job-873211b5cb,LG-640,New Job(Queue A),OTHER_EVENT:New Job(Queue A),3.517,,bad_time_or_dims_or_event,missing_print_times
job-96d1240cdb,LG-640,New Job(Queue A),OTHER_EVENT:New Job(Queue A),3.517,,bad_time_or_dims_or_event,missing_print_times
job-26a0ac7da1,LG-640,New Job(Queue A),OTHER_EVENT:New Job(Queue A),3.517,,bad_time_or_dims_or_event,missing_print_times
job-86d779e1f4,LG-640,New Job(Queue A),OTHER_EVENT:New Job(Queue A),3.517,,bad_time_or_dims_or_event,missing_print_times
job-71f4402272,LG-640,Print Canceled,CANCELED,3.517,2505.0,canceled/failed,
job-f7d0a3219a,LG-640,Print Canceled,CANCELED,3.517,2360.0,canceled/failed,
job-71f4402272,LG-640,New Job(Queue A),OTHER_EVENT:New Job(Queue A),3.517,,bad_time_or_dims_or_event,missing_print_times
job-f7d0a3219a,LG-640,New Job(Queue A),OTHER_EVENT:New Job(Queue A),3.517,,bad_time_or_dims_or_event,missing_print_times
job-61291afe6b,LG-640,New Job(Queue A),OTHER_EVENT:New Job(Queue A),3.517,,bad_time_or_dims_or_event,missing_print_times
job-d56fc96d94,LG-640,New Job(Queue A),OTHER_EVENT:New Job(Queue A),3.517,,bad_time_or_dims_or_event,missing_print_times
job-94d98f4370,LG-640,New Job(Queue A),OTHER_EVENT:New Job(Queue A),3.517,,bad_time_or_dims_or_event,missing_print_times
job-f7ad108303,LG-640,New Job(Queue A),OTHER_EVENT:New Job(Queue A),3.517,,bad_time_or_dims_or_event,missing_print_times
job-992e0367b7,LG-640,New Job(Queue A),OTHER_EVENT:New Job(Queue A),3.517,,bad_time_or_dims_or_event,missing_print_times
job-f596b0d375,LG-640,New Job(Queue A),OTHER_EVENT:New Job(Queue A),3.517,,bad_time_or_dims_or_event,missing_print_times
job-1c1b3f4a1d,LG-640,New Job(Queue A),OTHER_EVENT:New Job(Queue A),3.517,,bad_time_or_dims_or_event,missing_print_times
job-f556730c5f,LG-640,New Job(Queue A),OTHER_EVENT:New Job(Queue A),3.517,,bad_time_or_dims_or_event,missing_print_times
job-521e651b65,LG-640,New Job(Queue A),OTHER_EVENT:New Job(Queue A),3.517,,bad_time_or_dims_or_event,missing_print_times
job-ed990d83b3,LG-640,New Job(Queue A),OTHER_EVENT:New Job(Queue A),3.517,,bad_time_or_dims_or_event,missing_print_times
job-873211b5cb,LG-640,New Job(Queue A),OTHER_EVENT:New Job(Queue A),3.517,,bad_time_or_dims_or_event,missing_print_times
job-96d1240cdb,LG-640,New Job(Queue A),OTHER_EVENT:New Job(Queue A),3.517,,bad_time_or_dims_or_event,missing_print_times
job-26a0ac7da1,LG-640,New Job(Queue A),OTHER_EVENT:New Job(Queue A),3.517,,bad_time_or_dims_or_event,missing_print_times
job-86d779e1f4,LG-640,New Job(Queue A),OTHER_EVENT:New Job(Queue A),3.517,,bad_time_or_dims_or_event,missing_print_times
job-b03db8fb5a,LG-640,Print End,DUPLICATE_SUMMARY,10.14,4052.0,duplicate,
job-b03db8fb5a,LG-640,Print End,DUPLICATE_SUMMARY,10.14,3146.0,duplicate,
job-b03db8fb5a,LG-640,Print End,DUPLICATE_SUMMARY,10.14,1034.0,duplicate,
job-b03db8fb5a,LG-640,New Job(Queue A),OTHER_EVENT:New Job(Queue A),0.558,,bad_time_or_dims_or_event,missing_print_times
job-b03db8fb5a,LG-640,Print Canceled,CANCELED,10.14,72.0,canceled/failed,
job-b03db8fb5a,LG-640,Print Canceled,CANCELED,10.14,72.0,canceled/failed,
job-b03db8fb5a,LG-640,Print Canceled,CANCELED,10.14,72.0,canceled/failed,
job-b03db8fb5a,LG-640,Print Canceled,CANCELED,10.14,163.0,canceled/failed,
job-b03db8fb5a,LG-640,New Job(Queue A),OTHER_EVENT:New Job(Queue A),0.558,,bad_time_or_dims_or_event,missing_print_times
job-ad956d3fcb,LG-640,Print End,LG640_GLOSS_ONLY,3.829,96419.0,bad_time_or_dims_or_event,possible_idle_gt4h
job-ad956d3fcb,LG-640,Print End,DUPLICATE_SUMMARY,3.829,95265.0,duplicate,possible_idle_gt4h
job-7c500a7939,LG-640,Print End,LG640_GLOSS_ONLY,3.829,94798.0,bad_time_or_dims_or_event,possible_idle_gt4h
job-7c500a7939,LG-640,Print End,DUPLICATE_SUMMARY,3.829,93647.0,duplicate,possible_idle_gt4h
job-16b04741be,LG-640,Print End,LG640_GLOSS_ONLY,3.829,93254.0,bad_time_or_dims_or_event,possible_idle_gt4h
job-16b04741be,LG-640,Print End,DUPLICATE_SUMMARY,3.829,92234.0,duplicate,possible_idle_gt4h
job-16b04741be,LG-640,Print End,LG640_GLOSS_ONLY,12.689,91774.0,bad_time_or_dims_or_event,possible_idle_gt4h
job-16b04741be,LG-640,Print End,DUPLICATE_SUMMARY,12.689,89239.0,duplicate,possible_idle_gt4h
job-16b04741be,LG-640,Print End,DUPLICATE_SUMMARY,12.689,88240.0,duplicate,possible_idle_gt4h
job-16b04741be,LG-640,Print End,DUPLICATE_SUMMARY,12.689,85461.0,duplicate,possible_idle_gt4h
job-16b04741be,LG-640,Print End,DUPLICATE_SUMMARY,12.689,84391.0,duplicate,possible_idle_gt4h
job-16b04741be,LG-640,Print End,DUPLICATE_SUMMARY,12.689,81496.0,duplicate,possible_idle_gt4h
job-16b04741be,LG-640,Print End,DUPLICATE_SUMMARY,12.689,80496.0,duplicate,possible_idle_gt4h
job-16b04741be,LG-640,Print End,DUPLICATE_SUMMARY,12.689,77961.0,duplicate,possible_idle_gt4h
job-16b04741be,LG-640,Print End,DUPLICATE_SUMMARY,12.689,76962.0,duplicate,possible_idle_gt4h
job-16b04741be,LG-640,Print End,DUPLICATE_SUMMARY,12.689,74183.0,duplicate,possible_idle_gt4h
job-ad956d3fcb,LG-640,Print End,LG640_GLOSS_ONLY,12.689,73133.0,bad_time_or_dims_or_event,possible_idle_gt4h
job-ad956d3fcb,LG-640,Print End,DUPLICATE_SUMMARY,12.689,70460.0,duplicate,possible_idle_gt4h
job-ad956d3fcb,LG-640,Print End,DUPLICATE_SUMMARY,12.689,69462.0,duplicate,possible_idle_gt4h
job-ad956d3fcb,LG-640,Print End,DUPLICATE_SUMMARY,12.689,66928.0,duplicate,possible_idle_gt4h
job-ad956d3fcb,LG-640,Print End,DUPLICATE_SUMMARY,12.689,65930.0,duplicate,possible_idle_gt4h
job-ad956d3fcb,LG-640,Print End,DUPLICATE_SUMMARY,12.689,63392.0,duplicate,possible_idle_gt4h
job-ad956d3fcb,LG-640,Print End,DUPLICATE_SUMMARY,12.689,62139.0,duplicate,possible_idle_gt4h
job-ad956d3fcb,LG-640,Print End,DUPLICATE_SUMMARY,12.689,59249.0,duplicate,possible_idle_gt4h
job-ad956d3fcb,LG-640,Print End,DUPLICATE_SUMMARY,12.689,58177.0,duplicate,possible_idle_gt4h
job-ad956d3fcb,LG-640,Print End,DUPLICATE_SUMMARY,12.689,54689.0,duplicate,possible_idle_gt4h
job-7c500a7939,LG-640,Print End,LG640_GLOSS_ONLY,12.689,53717.0,bad_time_or_dims_or_event,possible_idle_gt4h
job-7c500a7939,LG-640,Print End,DUPLICATE_SUMMARY,12.689,51186.0,duplicate,possible_idle_gt4h
job-7c500a7939,LG-640,Print End,DUPLICATE_SUMMARY,12.689,50188.0,duplicate,possible_idle_gt4h
job-7c500a7939,LG-640,Print End,DUPLICATE_SUMMARY,12.689,47337.0,duplicate,possible_idle_gt4h
job-7c500a7939,LG-640,Print End,DUPLICATE_SUMMARY,12.689,46268.0,duplicate,possible_idle_gt4h
job-7c500a7939,LG-640,Print End,DUPLICATE_SUMMARY,12.689,43673.0,duplicate,possible_idle_gt4h
job-7c500a7939,LG-640,Print End,DUPLICATE_SUMMARY,12.689,42674.0,duplicate,possible_idle_gt4h
job-7c500a7939,LG-640,Print End,DUPLICATE_SUMMARY,12.689,40148.0,duplicate,possible_idle_gt4h
job-7c500a7939,LG-640,Print End,DUPLICATE_SUMMARY,12.689,39149.0,duplicate,possible_idle_gt4h
job-7c500a7939,LG-640,Print End,DUPLICATE_SUMMARY,12.689,36069.0,duplicate,possible_idle_gt4h
job-0b663ee2a5,LG-640,Print End,LG640_GLOSS_ONLY,12.689,35018.0,bad_time_or_dims_or_event,possible_idle_gt4h
job-0b663ee2a5,LG-640,Print End,DUPLICATE_SUMMARY,12.689,32408.0,duplicate,possible_idle_gt4h
job-0b663ee2a5,LG-640,Print End,DUPLICATE_SUMMARY,12.689,31416.0,duplicate,possible_idle_gt4h
job-0b663ee2a5,LG-640,Print End,DUPLICATE_SUMMARY,12.689,28873.0,duplicate,possible_idle_gt4h
job-0b663ee2a5,LG-640,Print End,DUPLICATE_SUMMARY,12.689,27880.0,duplicate,possible_idle_gt4h
job-0b663ee2a5,LG-640,Print End,DUPLICATE_SUMMARY,12.689,25094.0,duplicate,possible_idle_gt4h
job-0b663ee2a5,LG-640,Print End,DUPLICATE_SUMMARY,12.689,24029.0,duplicate,possible_idle_gt4h
job-0b663ee2a5,LG-640,Print End,DUPLICATE_SUMMARY,12.689,21349.0,duplicate,possible_idle_gt4h
job-0b663ee2a5,LG-640,Print Canceled,CANCELED,12.689,4.0,canceled/failed,
job-0b663ee2a5,LG-640,Print Canceled,CANCELED,12.689,4.0,canceled/failed,
job-a0839060c2,LG-640,Print End,LG640_GLOSS_ONLY,5.744,20487.0,bad_time_or_dims_or_event,possible_idle_gt4h
job-a0839060c2,LG-640,Print End,DUPLICATE_SUMMARY,5.744,19141.0,duplicate,possible_idle_gt4h
job-a0839060c2,LG-640,Print End,LG640_GLOSS_ONLY,12.689,18501.0,bad_time_or_dims_or_event,possible_idle_gt4h
job-a0839060c2,LG-640,Print End,DUPLICATE_SUMMARY,12.689,15680.0,duplicate,possible_idle_gt4h
job-a0839060c2,LG-640,Print End,DUPLICATE_SUMMARY,12.689,14681.0,duplicate,possible_idle_gt4h
job-a0839060c2,LG-640,Print End,DUPLICATE_SUMMARY,12.689,11897.0,duplicate,
job-a0839060c2,LG-640,Print End,DUPLICATE_SUMMARY,12.689,10828.0,duplicate,
job-a0839060c2,LG-640,Print End,DUPLICATE_SUMMARY,12.689,8227.0,duplicate,
job-a0839060c2,LG-640,Print End,DUPLICATE_SUMMARY,12.689,7232.0,duplicate,
job-a0839060c2,LG-640,Print End,DUPLICATE_SUMMARY,12.689,4699.0,duplicate,
job-ad956d3fcb,LG-640,New Job(Queue A),OTHER_EVENT:New Job(Queue A),0.572,,bad_time_or_dims_or_event,missing_print_times
job-7c500a7939,LG-640,New Job(Queue A),OTHER_EVENT:New Job(Queue A),0.572,,bad_time_or_dims_or_event,missing_print_times
job-16b04741be,LG-640,New Job(Queue A),OTHER_EVENT:New Job(Queue A),0.572,,bad_time_or_dims_or_event,missing_print_times
job-16b04741be,LG-640,Print Canceled,CANCELED,12.689,121.0,canceled/failed,
job-16b04741be,LG-640,Print Canceled,CANCELED,12.689,121.0,canceled/failed,
job-16b04741be,LG-640,Print Canceled,CANCELED,12.689,121.0,canceled/failed,
job-16b04741be,LG-640,Print Canceled,CANCELED,12.689,122.0,canceled/failed,
job-16b04741be,LG-640,Print Canceled,CANCELED,12.689,122.0,canceled/failed,
job-16b04741be,LG-640,Print Canceled,CANCELED,12.689,122.0,canceled/failed,
job-16b04741be,LG-640,Print Canceled,CANCELED,12.689,122.0,canceled/failed,
job-16b04741be,LG-640,Print Canceled,CANCELED,12.689,122.0,canceled/failed,
job-16b04741be,LG-640,Print Canceled,CANCELED,12.689,122.0,canceled/failed,
job-16b04741be,LG-640,Print Canceled,CANCELED,12.689,122.0,canceled/failed,
job-ad956d3fcb,LG-640,Print Canceled,CANCELED,12.689,125.0,canceled/failed,
job-ad956d3fcb,LG-640,Print Canceled,CANCELED,12.689,125.0,canceled/failed,
job-ad956d3fcb,LG-640,Print Canceled,CANCELED,12.689,124.0,canceled/failed,
job-ad956d3fcb,LG-640,Print Canceled,CANCELED,12.689,125.0,canceled/failed,
job-ad956d3fcb,LG-640,Print Canceled,CANCELED,12.689,125.0,canceled/failed,
job-ad956d3fcb,LG-640,Print Canceled,CANCELED,12.689,125.0,canceled/failed,
job-ad956d3fcb,LG-640,Print Canceled,CANCELED,12.689,125.0,canceled/failed,
job-ad956d3fcb,LG-640,Print Canceled,CANCELED,12.689,125.0,canceled/failed,
job-ad956d3fcb,LG-640,Print Canceled,CANCELED,12.689,125.0,canceled/failed,
job-ad956d3fcb,LG-640,Print Canceled,CANCELED,12.689,125.0,canceled/failed,
job-7c500a7939,LG-640,Print Canceled,CANCELED,12.689,128.0,canceled/failed,
job-7c500a7939,LG-640,Print Canceled,CANCELED,12.689,128.0,canceled/failed,
job-7c500a7939,LG-640,Print Canceled,CANCELED,12.689,128.0,canceled/failed,
job-7c500a7939,LG-640,Print Canceled,CANCELED,12.689,128.0,canceled/failed,
job-7c500a7939,LG-640,Print Canceled,CANCELED,12.689,128.0,canceled/failed,
job-7c500a7939,LG-640,Print Canceled,CANCELED,12.689,128.0,canceled/failed,
job-7c500a7939,LG-640,Print Canceled,CANCELED,12.689,128.0,canceled/failed,
job-7c500a7939,LG-640,Print Canceled,CANCELED,12.689,128.0,canceled/failed,
job-7c500a7939,LG-640,Print Canceled,CANCELED,12.689,129.0,canceled/failed,
job-7c500a7939,LG-640,Print Canceled,CANCELED,12.689,129.0,canceled/failed,
job-16b04741be,LG-640,New Job(Queue A),OTHER_EVENT:New Job(Queue A),0.572,,bad_time_or_dims_or_event,missing_print_times
job-ad956d3fcb,LG-640,New Job(Queue A),OTHER_EVENT:New Job(Queue A),0.572,,bad_time_or_dims_or_event,missing_print_times
job-7c500a7939,LG-640,New Job(Queue A),OTHER_EVENT:New Job(Queue A),0.572,,bad_time_or_dims_or_event,missing_print_times
job-16b04741be,LG-640,New Job(Queue A),OTHER_EVENT:New Job(Queue A),0.572,,bad_time_or_dims_or_event,missing_print_times
job-0b663ee2a5,LG-640,Print Canceled,CANCELED,12.689,2883.0,canceled/failed,
job-0b663ee2a5,LG-640,Print Canceled,CANCELED,12.689,2883.0,canceled/failed,
job-0b663ee2a5,LG-640,Print Canceled,CANCELED,12.689,2883.0,canceled/failed,
job-0b663ee2a5,LG-640,Print Canceled,CANCELED,12.689,2883.0,canceled/failed,
job-0b663ee2a5,LG-640,Print Canceled,CANCELED,12.689,2883.0,canceled/failed,
job-0b663ee2a5,LG-640,Print Canceled,CANCELED,12.689,2883.0,canceled/failed,
job-0b663ee2a5,LG-640,Print Canceled,CANCELED,12.689,2883.0,canceled/failed,
job-0b663ee2a5,LG-640,Print Canceled,CANCELED,12.689,2883.0,canceled/failed,
job-a0839060c2,LG-640,Print Canceled,CANCELED,5.744,2915.0,canceled/failed,
job-a0839060c2,LG-640,Print Canceled,CANCELED,5.744,2915.0,canceled/failed,
job-a0839060c2,LG-640,Print Canceled,CANCELED,12.689,2923.0,canceled/failed,
job-a0839060c2,LG-640,Print Canceled,CANCELED,12.689,2923.0,canceled/failed,
job-a0839060c2,LG-640,Print Canceled,CANCELED,12.689,2923.0,canceled/failed,
job-a0839060c2,LG-640,Print Canceled,CANCELED,12.689,2923.0,canceled/failed,
job-a0839060c2,LG-640,Print Canceled,CANCELED,12.689,2923.0,canceled/failed,
job-a0839060c2,LG-640,Print Canceled,CANCELED,12.689,2923.0,canceled/failed,
job-a0839060c2,LG-640,Print Canceled,CANCELED,12.689,2923.0,canceled/failed,
job-a0839060c2,LG-640,Print Canceled,CANCELED,12.689,2923.0,canceled/failed,
job-0b663ee2a5,LG-640,New Job(Queue A),OTHER_EVENT:New Job(Queue A),0.572,,bad_time_or_dims_or_event,missing_print_times
job-a0839060c2,LG-640,New Job(Queue A),OTHER_EVENT:New Job(Queue A),0.572,,bad_time_or_dims_or_event,missing_print_times
job-fda2e51b8d,LG-640,Print End,DUPLICATE_SUMMARY,10.136,10965.0,duplicate,
job-fda2e51b8d,LG-640,Print End,DUPLICATE_SUMMARY,10.136,9774.0,duplicate,
job-fda2e51b8d,LG-640,Print End,DUPLICATE_SUMMARY,10.136,7521.0,duplicate,
job-fda2e51b8d,LG-640,Print End,DUPLICATE_SUMMARY,10.136,6348.0,duplicate,
job-fda2e51b8d,LG-640,Print End,DUPLICATE_SUMMARY,10.136,4093.0,duplicate,
job-fda2e51b8d,LG-640,Print End,DUPLICATE_SUMMARY,10.136,2710.0,duplicate,
job-fda2e51b8d,LG-640,Print End,DUPLICATE_SUMMARY,10.136,594.0,duplicate,
job-ccec2ca936,LG-640,Print End,DUPLICATE_SUMMARY,14.995,568.0,duplicate,
job-ccec2ca936,LG-640,Print Canceled,CANCELED,14.995,4119.0,canceled/failed,
job-ccec2ca936,LG-640,Print End,DUPLICATE_SUMMARY,14.995,1162.0,duplicate,
job-ccec2ca936,LG-640,Print End,DUPLICATE_SUMMARY,14.995,585.0,duplicate,
job-ccec2ca936,LG-640,Print Canceled,CANCELED,14.995,3378.0,canceled/failed,
job-ccec2ca936,LG-640,Print Canceled,CANCELED,14.995,3378.0,canceled/failed,
job-ccec2ca936,LG-640,Print Canceled,CANCELED,14.995,3378.0,canceled/failed,
job-ccec2ca936,LG-640,Print Canceled,CANCELED,14.995,3380.0,canceled/failed,
job-ccec2ca936,LG-640,Print End,DUPLICATE_SUMMARY,14.995,594.0,duplicate,
job-fda2e51b8d,LG-640,New Job(Queue A),OTHER_EVENT:New Job(Queue A),0.558,,bad_time_or_dims_or_event,missing_print_times
job-ccec2ca936,LG-640,Print Canceled,CANCELED,16.278,3461.0,canceled/failed,
job-ccec2ca936,LG-640,Print Canceled,CANCELED,16.278,3461.0,canceled/failed,
job-ccec2ca936,LG-640,Print Canceled,CANCELED,16.278,3461.0,canceled/failed,
job-ccec2ca936,LG-640,Print Canceled,CANCELED,16.278,3461.0,canceled/failed,
job-ccec2ca936,LG-640,Print Canceled,CANCELED,16.278,3461.0,canceled/failed,
job-ccec2ca936,LG-640,Print Canceled,CANCELED,16.278,3464.0,canceled/failed,
job-ccec2ca936,LG-640,Print End,DUPLICATE_SUMMARY,16.278,741.0,duplicate,
job-ccec2ca936,LG-640,New Job(Queue A),OTHER_EVENT:New Job(Queue A),0.058,,bad_time_or_dims_or_event,missing_print_times
job-fda2e51b8d,LG-640,New Job(Queue A),OTHER_EVENT:New Job(Queue A),0.115,,bad_time_or_dims_or_event,missing_print_times
job-ccec2ca936,LG-540,Print Canceled,CANCELED,15.089,53587.0,canceled/failed,possible_idle_gt4h
job-ccec2ca936,LG-540,Print Canceled,CANCELED,15.089,53587.0,canceled/failed,possible_idle_gt4h
job-ccec2ca936,LG-540,Print Error,FAILED,15.089,53587.0,canceled/failed,possible_idle_gt4h
job-ccec2ca936,LG-540,Print End,DUPLICATE_SUMMARY,15.089,4986.0,duplicate,
job-ccec2ca936,LG-540,Print End,DUPLICATE_SUMMARY,15.089,4367.0,duplicate,
job-ccec2ca936,LG-540,Print End,DUPLICATE_SUMMARY,15.089,1552.0,duplicate,
job-ccec2ca936,LG-540,Print End,DUPLICATE_SUMMARY,15.089,800.0,duplicate,
job-ccec2ca936,LG-540,New Job(Queue A),OTHER_EVENT:New Job(Queue A),0.514,,bad_time_or_dims_or_event,missing_print_times
job-ccec2ca936,LG-540,Print Canceled,CANCELED,14.985,6145.0,canceled/failed,
job-ccec2ca936,LG-540,Print Canceled,CANCELED,14.973,6145.0,canceled/failed,
job-ccec2ca936,LG-540,Print Canceled,CANCELED,14.985,6662.0,canceled/failed,
job-ccec2ca936,LG-540,Print Canceled,CANCELED,14.973,6083.0,canceled/failed,
job-ccec2ca936,LG-540,Print End,DUPLICATE_SUMMARY,14.985,1474.0,duplicate,
job-ccec2ca936,LG-540,Print End,DUPLICATE_SUMMARY,14.973,880.0,duplicate,
job-ccec2ca936,LG-540,Print Canceled,CANCELED,14.985,15223.0,canceled/failed,possible_idle_gt4h
job-ccec2ca936,LG-540,Print Canceled,CANCELED,14.973,15223.0,canceled/failed,possible_idle_gt4h
job-ccec2ca936,LG-540,Print Canceled,CANCELED,14.985,15223.0,canceled/failed,possible_idle_gt4h
job-ccec2ca936,LG-540,Print Canceled,CANCELED,14.973,15223.0,canceled/failed,possible_idle_gt4h
job-ccec2ca936,LG-540,Print Canceled,CANCELED,14.985,15223.0,canceled/failed,possible_idle_gt4h
job-ccec2ca936,LG-540,Print Canceled,CANCELED,14.973,15223.0,canceled/failed,possible_idle_gt4h
job-ccec2ca936,LG-540,Print Canceled,CANCELED,14.985,15224.0,canceled/failed,possible_idle_gt4h
job-ccec2ca936,LG-540,Print Error,FAILED,14.973,15224.0,canceled/failed,possible_idle_gt4h
job-7540a8aa2a,LG-540,Print End,DUPLICATE_SUMMARY,14.973,11079.0,duplicate,
job-7540a8aa2a,LG-540,Print End,DUPLICATE_SUMMARY,14.973,8318.0,duplicate,
job-7540a8aa2a,LG-540,Print End,DUPLICATE_SUMMARY,14.973,7595.0,duplicate,
job-7540a8aa2a,LG-540,Print End,DUPLICATE_SUMMARY,14.973,4831.0,duplicate,
job-7540a8aa2a,LG-540,Print End,DUPLICATE_SUMMARY,14.973,4243.0,duplicate,
job-7540a8aa2a,LG-540,Print End,DUPLICATE_SUMMARY,14.973,874.0,duplicate,
job-7540a8aa2a,LG-540,Print Canceled,CANCELED,14.973,51.0,canceled/failed,
job-7540a8aa2a,LG-540,Print Canceled,CANCELED,14.973,51.0,canceled/failed,
job-7540a8aa2a,LG-540,Print Canceled,CANCELED,14.973,51.0,canceled/failed,
job-7540a8aa2a,LG-540,Print Canceled,CANCELED,14.973,51.0,canceled/failed,
job-7540a8aa2a,LG-540,Print Canceled,CANCELED,14.973,51.0,canceled/failed,
job-7540a8aa2a,LG-540,Print Canceled,CANCELED,14.973,51.0,canceled/failed,
job-7540a8aa2a,LG-540,Print Canceled,CANCELED,14.973,52.0,canceled/failed,
job-7540a8aa2a,LG-540,Print Canceled,CANCELED,14.973,78.0,canceled/failed,
job-ccec2ca936,LG-540,New Job(Queue A),OTHER_EVENT:New Job(Queue A),0.514,,bad_time_or_dims_or_event,missing_print_times
job-7540a8aa2a,LG-540,New Job(Queue A),OTHER_EVENT:New Job(Queue A),0.514,,bad_time_or_dims_or_event,missing_print_times
job-7540a8aa2a,LG-540,Print Canceled,CANCELED,11.517,98.0,canceled/failed,
job-7540a8aa2a,LG-540,Print Canceled,CANCELED,11.517,98.0,canceled/failed,
job-c21d3d06f4,LG-540,Print Canceled,CANCELED,23.035,104.0,canceled/failed,
job-c21d3d06f4,LG-540,Print Canceled,CANCELED,23.035,107.0,canceled/failed,
job-c21d3d06f4,LG-540,Print Canceled,CANCELED,23.035,111.0,canceled/failed,
job-c21d3d06f4,LG-540,Print Canceled,CANCELED,23.035,117.0,canceled/failed,
job-7540a8aa2a,LG-540,New Job(Queue A),OTHER_EVENT:New Job(Queue A),0.514,,bad_time_or_dims_or_event,missing_print_times
job-ccec2ca936,LG-540,New Job(Queue A),OTHER_EVENT:New Job(Queue A),0.514,,bad_time_or_dims_or_event,missing_print_times
job-4d3cf554e9,LG-540,New Job(Queue A),OTHER_EVENT:New Job(Queue A),0.803,,bad_time_or_dims_or_event,missing_print_times
job-c91106bc8e,LG-540,New Job(Queue A),OTHER_EVENT:New Job(Queue A),0.803,,bad_time_or_dims_or_event,missing_print_times
job-dd2b412b5b,LG-540,New Job(Queue A),OTHER_EVENT:New Job(Queue A),0.803,,bad_time_or_dims_or_event,missing_print_times
job-8e1c9f70aa,LG-540,New Job(Queue A),OTHER_EVENT:New Job(Queue A),0.803,,bad_time_or_dims_or_event,missing_print_times
job-a8f8c09ee8,LG-540,New Job(Queue A),OTHER_EVENT:New Job(Queue A),0.803,,bad_time_or_dims_or_event,missing_print_times
job-a4b66bfb3f,LG-540,New Job(Queue A),OTHER_EVENT:New Job(Queue A),0.803,,bad_time_or_dims_or_event,missing_print_times
job-930d4c2407,LG-540,New Job(Queue A),OTHER_EVENT:New Job(Queue A),0.803,,bad_time_or_dims_or_event,missing_print_times
job-ae76af5cb1,LG-540,New Job(Queue A),OTHER_EVENT:New Job(Queue A),0.803,,bad_time_or_dims_or_event,missing_print_times
job-ae76af5cb1,LG-540,New Job(Queue A),OTHER_EVENT:New Job(Queue A),0.803,,bad_time_or_dims_or_event,missing_print_times
job-95fe0df9f0,LG-540,Print Start,OTHER_EVENT:Print Start,9.107,,bad_time_or_dims_or_event,missing_print_times
job-95fe0df9f0,LG-540,Print Start,OTHER_EVENT:Print Start,9.107,,bad_time_or_dims_or_event,missing_print_times
job-0f2a721ee0,LG-540,Print End,DUPLICATE_SUMMARY,9.094,483.0,duplicate,
job-95fe0df9f0,LG-540,New Job(Queue A),OTHER_EVENT:New Job(Queue A),0.806,,bad_time_or_dims_or_event,missing_print_times
job-0f2a721ee0,LG-540,New Job(Queue A),OTHER_EVENT:New Job(Queue A),0.803,,bad_time_or_dims_or_event,missing_print_times
job-dcfe2785eb,LG-540,Print Canceled,CANCELED,10.2,2164.0,canceled/failed,
job-f292713bda,LG-540,New Job(Queue A),OTHER_EVENT:New Job(Queue A),3.467,,bad_time_or_dims_or_event,missing_print_times
job-71e8383fb1,LG-540,New Job(Queue A),OTHER_EVENT:New Job(Queue A),3.467,,bad_time_or_dims_or_event,missing_print_times
job-4b80ae709b,LG-540,New Job(Queue A),OTHER_EVENT:New Job(Queue A),3.467,,bad_time_or_dims_or_event,missing_print_times
job-15b5843177,LG-540,New Job(Queue A),OTHER_EVENT:New Job(Queue A),3.467,,bad_time_or_dims_or_event,missing_print_times
job-75be23b46c,LG-540,New Job(Queue A),OTHER_EVENT:New Job(Queue A),3.467,,bad_time_or_dims_or_event,missing_print_times
job-8385c88262,LG-540,New Job(Queue A),OTHER_EVENT:New Job(Queue A),3.467,,bad_time_or_dims_or_event,missing_print_times
job-75be23b46c,LG-540,New Job(Queue A),OTHER_EVENT:New Job(Queue A),3.467,,bad_time_or_dims_or_event,missing_print_times
job-8385c88262,LG-540,New Job(Queue A),OTHER_EVENT:New Job(Queue A),3.467,,bad_time_or_dims_or_event,missing_print_times
job-f292713bda,LG-540,New Job(Queue A),OTHER_EVENT:New Job(Queue A),3.467,,bad_time_or_dims_or_event,missing_print_times
job-71e8383fb1,LG-540,New Job(Queue A),OTHER_EVENT:New Job(Queue A),3.467,,bad_time_or_dims_or_event,missing_print_times
job-4b80ae709b,LG-540,New Job(Queue A),OTHER_EVENT:New Job(Queue A),3.467,,bad_time_or_dims_or_event,missing_print_times
job-8385c88262,LG-540,New Job(Queue A),OTHER_EVENT:New Job(Queue A),0.803,,bad_time_or_dims_or_event,missing_print_times
job-15b5843177,LG-540,New Job(Queue A),OTHER_EVENT:New Job(Queue A),3.467,,bad_time_or_dims_or_event,missing_print_times
job-75be23b46c,LG-540,New Job(Queue A),OTHER_EVENT:New Job(Queue A),0.803,,bad_time_or_dims_or_event,missing_print_times
job-9efb85f9c6,LG-540,Print End,LG540_GLOSS_ONLY,18.188,52449.0,bad_time_or_dims_or_event,possible_idle_gt4h
job-9efb85f9c6,LG-540,Print End,DUPLICATE_SUMMARY,18.188,50331.0,duplicate,possible_idle_gt4h
job-9efb85f9c6,LG-540,Print End,LG540_GLOSS_ONLY,18.188,48989.0,bad_time_or_dims_or_event,possible_idle_gt4h
job-9efb85f9c6,LG-540,Print End,DUPLICATE_SUMMARY,18.188,46435.0,duplicate,possible_idle_gt4h
job-9efb85f9c6,LG-540,Print End,DUPLICATE_SUMMARY,18.188,45087.0,duplicate,possible_idle_gt4h
job-9efb85f9c6,LG-540,Print End,DUPLICATE_SUMMARY,18.188,42658.0,duplicate,possible_idle_gt4h
job-9efb85f9c6,LG-540,Print End,DUPLICATE_SUMMARY,18.188,41306.0,duplicate,possible_idle_gt4h
job-9efb85f9c6,LG-540,Print End,DUPLICATE_SUMMARY,18.188,39052.0,duplicate,possible_idle_gt4h
job-9efb85f9c6,LG-540,Print End,DUPLICATE_SUMMARY,18.188,37705.0,duplicate,possible_idle_gt4h
job-9efb85f9c6,LG-540,Print End,DUPLICATE_SUMMARY,18.188,35497.0,duplicate,possible_idle_gt4h
job-9efb85f9c6,LG-540,Print End,DUPLICATE_SUMMARY,18.188,34158.0,duplicate,possible_idle_gt4h
job-9efb85f9c6,LG-540,Print End,DUPLICATE_SUMMARY,18.188,32038.0,duplicate,possible_idle_gt4h
job-9efb85f9c6,LG-540,Print End,DUPLICATE_SUMMARY,18.188,30388.0,duplicate,possible_idle_gt4h
job-9efb85f9c6,LG-540,Print End,DUPLICATE_SUMMARY,18.188,28266.0,duplicate,possible_idle_gt4h
job-9efb85f9c6,LG-540,Print End,DUPLICATE_SUMMARY,18.188,26926.0,duplicate,possible_idle_gt4h
job-9efb85f9c6,LG-540,Print End,DUPLICATE_SUMMARY,18.188,24386.0,duplicate,possible_idle_gt4h
job-8d5a0eccad,LG-540,Print End,LG540_GLOSS_ONLY,18.188,23044.0,bad_time_or_dims_or_event,possible_idle_gt4h
job-8d5a0eccad,LG-540,Print End,DUPLICATE_SUMMARY,18.188,20793.0,duplicate,possible_idle_gt4h
job-8d5a0eccad,LG-540,Print End,DUPLICATE_SUMMARY,18.188,19454.0,duplicate,possible_idle_gt4h
job-8d5a0eccad,LG-540,Print End,DUPLICATE_SUMMARY,18.188,16978.0,duplicate,possible_idle_gt4h
job-0014833773,LG-540,Print End,LG540_GLOSS_ONLY,18.188,15609.0,bad_time_or_dims_or_event,possible_idle_gt4h
job-0014833773,LG-540,Print End,DUPLICATE_SUMMARY,18.188,14595.0,duplicate,possible_idle_gt4h
job-0014833773,LG-540,Print End,DUPLICATE_SUMMARY,18.188,12938.0,duplicate,
job-0014833773,LG-540,Print End,DUPLICATE_SUMMARY,18.188,11837.0,duplicate,
job-9b6f9e55f3,LG-540,Print End,DUPLICATE_SUMMARY,18.188,9453.0,duplicate,
job-9b6f9e55f3,LG-540,Print End,DUPLICATE_SUMMARY,18.188,8083.0,duplicate,
job-9b6f9e55f3,LG-540,Print End,DUPLICATE_SUMMARY,18.188,7070.0,duplicate,
job-b380af4a1f,LG-540,Print End,DUPLICATE_SUMMARY,11.558,3804.0,duplicate,
job-b380af4a1f,LG-540,Print End,DUPLICATE_SUMMARY,11.558,2328.0,duplicate,
job-b380af4a1f,LG-540,Print End,DUPLICATE_SUMMARY,11.558,722.0,duplicate,
job-b380af4a1f,LG-540,New Job(Queue A),OTHER_EVENT:New Job(Queue A),0.623,,bad_time_or_dims_or_event,missing_print_times
job-9efb85f9c6,LG-540,Print Canceled,CANCELED,18.188,18371.0,canceled/failed,possible_idle_gt4h
job-9efb85f9c6,LG-540,Print Canceled,CANCELED,18.188,18371.0,canceled/failed,possible_idle_gt4h
job-9efb85f9c6,LG-540,Print Canceled,CANCELED,18.188,18371.0,canceled/failed,possible_idle_gt4h
job-9efb85f9c6,LG-540,Print Canceled,CANCELED,18.188,18371.0,canceled/failed,possible_idle_gt4h
job-9efb85f9c6,LG-540,Print Canceled,CANCELED,18.188,18371.0,canceled/failed,possible_idle_gt4h
job-9efb85f9c6,LG-540,Print Canceled,CANCELED,18.188,18371.0,canceled/failed,possible_idle_gt4h
job-9efb85f9c6,LG-540,Print Canceled,CANCELED,18.188,18371.0,canceled/failed,possible_idle_gt4h
job-9efb85f9c6,LG-540,Print Canceled,CANCELED,18.188,18371.0,canceled/failed,possible_idle_gt4h
job-9efb85f9c6,LG-540,Print Canceled,CANCELED,18.188,18371.0,canceled/failed,possible_idle_gt4h
job-9efb85f9c6,LG-540,Print Canceled,CANCELED,18.188,18371.0,canceled/failed,possible_idle_gt4h
job-9efb85f9c6,LG-540,Print Canceled,CANCELED,18.188,18371.0,canceled/failed,possible_idle_gt4h
job-9efb85f9c6,LG-540,Print Canceled,CANCELED,18.188,18372.0,canceled/failed,possible_idle_gt4h
job-9efb85f9c6,LG-540,Print Canceled,CANCELED,18.188,18372.0,canceled/failed,possible_idle_gt4h
job-9efb85f9c6,LG-540,Print Canceled,CANCELED,18.188,18372.0,canceled/failed,possible_idle_gt4h
job-9efb85f9c6,LG-540,Print Canceled,CANCELED,18.188,18372.0,canceled/failed,possible_idle_gt4h
job-9efb85f9c6,LG-540,Print Canceled,CANCELED,18.188,18375.0,canceled/failed,possible_idle_gt4h
job-e787567f67,LG-540,Print End,LG540_GLOSS_ONLY,13.916,18126.0,bad_time_or_dims_or_event,possible_idle_gt4h
job-e787567f67,LG-540,Print End,DUPLICATE_SUMMARY,13.916,16328.0,duplicate,possible_idle_gt4h
job-e787567f67,LG-540,Print End,DUPLICATE_SUMMARY,13.916,15182.0,duplicate,possible_idle_gt4h
job-e787567f67,LG-540,Print End,DUPLICATE_SUMMARY,13.916,13311.0,duplicate,
job-e787567f67,LG-540,Print End,DUPLICATE_SUMMARY,13.916,11852.0,duplicate,
job-e787567f67,LG-540,Print End,DUPLICATE_SUMMARY,13.916,9966.0,duplicate,
job-e787567f67,LG-540,Print End,DUPLICATE_SUMMARY,13.916,8818.0,duplicate,
job-e787567f67,LG-540,Print End,DUPLICATE_SUMMARY,13.916,6794.0,duplicate,
job-e787567f67,LG-540,Print End,DUPLICATE_SUMMARY,13.916,5574.0,duplicate,
job-e787567f67,LG-540,Print End,DUPLICATE_SUMMARY,13.916,3774.0,duplicate,
job-e787567f67,LG-540,Print End,DUPLICATE_SUMMARY,13.916,2623.0,duplicate,
job-e787567f67,LG-540,Print End,DUPLICATE_SUMMARY,13.916,741.0,duplicate,
job-e787567f67,LG-540,Print Canceled,CANCELED,13.916,53038.0,canceled/failed,possible_idle_gt4h
job-e787567f67,LG-540,Print Canceled,CANCELED,13.916,53038.0,canceled/failed,possible_idle_gt4h
job-e787567f67,LG-540,Print Canceled,CANCELED,13.916,53038.0,canceled/failed,possible_idle_gt4h
job-e787567f67,LG-540,Print Canceled,CANCELED,13.916,53038.0,canceled/failed,possible_idle_gt4h
job-e787567f67,LG-540,Print Canceled,CANCELED,13.916,53038.0,canceled/failed,possible_idle_gt4h
job-e787567f67,LG-540,Print Canceled,CANCELED,13.916,53038.0,canceled/failed,possible_idle_gt4h
job-e787567f67,LG-540,Print Canceled,CANCELED,13.916,53038.0,canceled/failed,possible_idle_gt4h
job-e787567f67,LG-540,Print Canceled,CANCELED,13.916,53038.0,canceled/failed,possible_idle_gt4h
job-e787567f67,LG-540,Print Canceled,CANCELED,13.916,53038.0,canceled/failed,possible_idle_gt4h
job-e787567f67,LG-540,Print Canceled,CANCELED,13.916,53038.0,canceled/failed,possible_idle_gt4h
job-e787567f67,LG-540,Print Canceled,CANCELED,13.916,53038.0,canceled/failed,possible_idle_gt4h
job-e787567f67,LG-540,Print Canceled,CANCELED,13.916,53038.0,canceled/failed,possible_idle_gt4h
job-9efb85f9c6,LG-540,Print Canceled,CANCELED,18.188,53045.0,canceled/failed,possible_idle_gt4h
job-9efb85f9c6,LG-540,Print Canceled,CANCELED,18.188,53045.0,canceled/failed,possible_idle_gt4h
job-9efb85f9c6,LG-540,Print Canceled,CANCELED,18.188,53045.0,canceled/failed,possible_idle_gt4h
job-9efb85f9c6,LG-540,Print Canceled,CANCELED,18.188,53045.0,canceled/failed,possible_idle_gt4h
job-9efb85f9c6,LG-540,Print Canceled,CANCELED,18.188,53045.0,canceled/failed,possible_idle_gt4h
job-9efb85f9c6,LG-540,Print Canceled,CANCELED,18.188,53045.0,canceled/failed,possible_idle_gt4h
job-9efb85f9c6,LG-540,Print Canceled,CANCELED,18.188,53045.0,canceled/failed,possible_idle_gt4h
job-9efb85f9c6,LG-540,Print Canceled,CANCELED,18.188,53045.0,canceled/failed,possible_idle_gt4h
job-9efb85f9c6,LG-540,Print Canceled,CANCELED,18.188,53045.0,canceled/failed,possible_idle_gt4h
job-9efb85f9c6,LG-540,Print Canceled,CANCELED,18.188,53045.0,canceled/failed,possible_idle_gt4h
job-9efb85f9c6,LG-540,Print Canceled,CANCELED,18.188,53045.0,canceled/failed,possible_idle_gt4h
job-9efb85f9c6,LG-540,Print Canceled,CANCELED,18.188,53045.0,canceled/failed,possible_idle_gt4h
job-9efb85f9c6,LG-540,Print Canceled,CANCELED,18.188,53045.0,canceled/failed,possible_idle_gt4h
job-9efb85f9c6,LG-540,Print Canceled,CANCELED,18.188,53045.0,canceled/failed,possible_idle_gt4h
job-9efb85f9c6,LG-540,Print Canceled,CANCELED,18.188,53045.0,canceled/failed,possible_idle_gt4h
job-9efb85f9c6,LG-540,Print Canceled,CANCELED,18.188,53045.0,canceled/failed,possible_idle_gt4h
job-8d5a0eccad,LG-540,Print Canceled,CANCELED,18.529,53145.0,canceled/failed,possible_idle_gt4h
job-8d5a0eccad,LG-540,Print Canceled,CANCELED,18.529,53146.0,canceled/failed,possible_idle_gt4h
job-8d5a0eccad,LG-540,Print Canceled,CANCELED,18.529,53146.0,canceled/failed,possible_idle_gt4h
job-8d5a0eccad,LG-540,Print Canceled,CANCELED,18.529,53146.0,canceled/failed,possible_idle_gt4h
job-0014833773,LG-540,Print Canceled,CANCELED,18.188,53150.0,canceled/failed,possible_idle_gt4h
job-0014833773,LG-540,Print Canceled,CANCELED,18.188,53150.0,canceled/failed,possible_idle_gt4h
job-0014833773,LG-540,Print Canceled,CANCELED,18.188,53150.0,canceled/failed,possible_idle_gt4h
job-0014833773,LG-540,Print Canceled,CANCELED,18.188,53150.0,canceled/failed,possible_idle_gt4h
job-9b6f9e55f3,LG-540,Print Canceled,CANCELED,18.188,53154.0,canceled/failed,possible_idle_gt4h
job-9b6f9e55f3,LG-540,Print Canceled,CANCELED,18.188,53154.0,canceled/failed,possible_idle_gt4h
job-9b6f9e55f3,LG-540,Print Canceled,CANCELED,18.188,53154.0,canceled/failed,possible_idle_gt4h
job-9b6f9e55f3,LG-540,Print Error,FAILED,18.188,53154.0,canceled/failed,possible_idle_gt4h
job-e787567f67,LG-540,Print Canceled,CANCELED,13.916,2653.0,canceled/failed,
job-e787567f67,LG-540,Print Canceled,CANCELED,13.916,2653.0,canceled/failed,
job-e787567f67,LG-540,Print Canceled,CANCELED,13.916,2653.0,canceled/failed,
job-e787567f67,LG-540,Print Canceled,CANCELED,13.916,2653.0,canceled/failed,
job-e787567f67,LG-540,Print Canceled,CANCELED,13.916,2653.0,canceled/failed,
job-e787567f67,LG-540,Print Canceled,CANCELED,13.916,2653.0,canceled/failed,
job-e787567f67,LG-540,Print Canceled,CANCELED,13.916,2653.0,canceled/failed,
job-e787567f67,LG-540,Print Canceled,CANCELED,13.916,2653.0,canceled/failed,
job-e787567f67,LG-540,Print Canceled,CANCELED,13.916,2653.0,canceled/failed,
job-e787567f67,LG-540,Print Canceled,CANCELED,13.916,2653.0,canceled/failed,
job-e787567f67,LG-540,Print Canceled,CANCELED,13.916,2653.0,canceled/failed,
job-e787567f67,LG-540,Print Canceled,CANCELED,13.916,2652.0,canceled/failed,
job-e787567f67,LG-540,Print Canceled,CANCELED,13.916,2652.0,canceled/failed,
job-e787567f67,LG-540,Print Canceled,CANCELED,13.916,2652.0,canceled/failed,
job-e787567f67,LG-540,Print Canceled,CANCELED,13.916,2652.0,canceled/failed,
job-e787567f67,LG-540,Print Error,FAILED,13.916,2652.0,canceled/failed,
job-9b6f9e55f3,LG-540,New Job(Queue A),OTHER_EVENT:New Job(Queue A),0.803,,bad_time_or_dims_or_event,missing_print_times
job-0014833773,LG-540,New Job(Queue A),OTHER_EVENT:New Job(Queue A),0.803,,bad_time_or_dims_or_event,missing_print_times
job-8d5a0eccad,LG-540,New Job(Queue A),OTHER_EVENT:New Job(Queue A),0.803,,bad_time_or_dims_or_event,missing_print_times
job-9efb85f9c6,LG-540,Print Canceled,CANCELED,18.188,463.0,canceled/failed,
job-9efb85f9c6,LG-540,Print Canceled,CANCELED,18.188,462.0,canceled/failed,
job-9efb85f9c6,LG-540,Print Canceled,CANCELED,18.188,462.0,canceled/failed,
job-9efb85f9c6,LG-540,Print Canceled,CANCELED,18.188,462.0,canceled/failed,
job-9efb85f9c6,LG-540,Print Canceled,CANCELED,18.188,462.0,canceled/failed,
job-9efb85f9c6,LG-540,Print Canceled,CANCELED,18.188,462.0,canceled/failed,
job-9efb85f9c6,LG-540,Print Canceled,CANCELED,18.188,462.0,canceled/failed,
job-9efb85f9c6,LG-540,Print Canceled,CANCELED,18.188,462.0,canceled/failed,
job-9efb85f9c6,LG-540,Print Canceled,CANCELED,18.188,462.0,canceled/failed,
job-9efb85f9c6,LG-540,Print Canceled,CANCELED,18.188,462.0,canceled/failed,
job-9efb85f9c6,LG-540,Print Canceled,CANCELED,18.188,462.0,canceled/failed,
job-9efb85f9c6,LG-540,Print Canceled,CANCELED,18.188,462.0,canceled/failed,
job-9efb85f9c6,LG-540,Print Canceled,CANCELED,18.188,463.0,canceled/failed,
job-9efb85f9c6,LG-540,Print Canceled,CANCELED,18.188,463.0,canceled/failed,
job-9efb85f9c6,LG-540,Print Canceled,CANCELED,18.188,463.0,canceled/failed,
job-9efb85f9c6,LG-540,Print Canceled,CANCELED,18.188,463.0,canceled/failed,
job-e787567f67,LG-540,Print Canceled,CANCELED,13.916,5379.0,canceled/failed,
job-e787567f67,LG-540,Print Canceled,CANCELED,13.916,5379.0,canceled/failed,
job-e787567f67,LG-540,Print Canceled,CANCELED,13.916,5379.0,canceled/failed,
job-e787567f67,LG-540,Print Canceled,CANCELED,13.916,5379.0,canceled/failed,
job-e787567f67,LG-540,Print Canceled,CANCELED,13.916,5379.0,canceled/failed,
job-e787567f67,LG-540,Print Canceled,CANCELED,13.916,5379.0,canceled/failed,
job-e787567f67,LG-540,Print Canceled,CANCELED,13.916,5379.0,canceled/failed,
job-e787567f67,LG-540,Print Canceled,CANCELED,13.916,5379.0,canceled/failed,
job-e787567f67,LG-540,Print Canceled,CANCELED,13.916,5379.0,canceled/failed,
job-e787567f67,LG-540,Print Canceled,CANCELED,13.916,5379.0,canceled/failed,
job-e787567f67,LG-540,Print Canceled,CANCELED,13.916,5405.0,canceled/failed,
job-e787567f67,LG-540,Print Canceled,CANCELED,13.916,4905.0,canceled/failed,
job-e787567f67,LG-540,New Job(Queue A),OTHER_EVENT:New Job(Queue A),0.675,,bad_time_or_dims_or_event,missing_print_times
job-9efb85f9c6,LG-540,Print Canceled,CANCELED,18.188,4969.0,canceled/failed,
job-9efb85f9c6,LG-540,Print Canceled,CANCELED,18.188,4969.0,canceled/failed,
job-9efb85f9c6,LG-540,Print Canceled,CANCELED,18.188,4969.0,canceled/failed,
job-9efb85f9c6,LG-540,Print Canceled,CANCELED,18.188,4969.0,canceled/failed,
job-9efb85f9c6,LG-540,Print Canceled,CANCELED,18.188,4969.0,canceled/failed,
job-9efb85f9c6,LG-540,Print Canceled,CANCELED,18.188,4969.0,canceled/failed,
job-9efb85f9c6,LG-540,Print Canceled,CANCELED,18.188,4969.0,canceled/failed,
job-9efb85f9c6,LG-540,Print Canceled,CANCELED,18.188,4969.0,canceled/failed,
job-9efb85f9c6,LG-540,Print Canceled,CANCELED,18.188,4969.0,canceled/failed,
job-9efb85f9c6,LG-540,Print Canceled,CANCELED,18.188,4969.0,canceled/failed,
job-9efb85f9c6,LG-540,Print Canceled,CANCELED,18.188,4969.0,canceled/failed,
job-9efb85f9c6,LG-540,Print Canceled,CANCELED,18.188,4969.0,canceled/failed,
job-9efb85f9c6,LG-540,Print Canceled,CANCELED,18.188,4969.0,canceled/failed,
job-9efb85f9c6,LG-540,Print Canceled,CANCELED,18.188,4969.0,canceled/failed,
job-9efb85f9c6,LG-540,Print Canceled,CANCELED,18.188,4969.0,canceled/failed,
job-9efb85f9c6,LG-540,Print Canceled,CANCELED,18.188,4969.0,canceled/failed,
job-9efb85f9c6,LG-540,Print Canceled,CANCELED,18.188,11.0,canceled/failed,
job-9efb85f9c6,LG-540,Print Canceled,CANCELED,18.188,11.0,canceled/failed,
job-9efb85f9c6,LG-540,Print Canceled,CANCELED,18.188,11.0,canceled/failed,
job-9efb85f9c6,LG-540,Print Canceled,CANCELED,18.188,11.0,canceled/failed,
job-9efb85f9c6,LG-540,Print Canceled,CANCELED,18.188,11.0,canceled/failed,
job-9efb85f9c6,LG-540,Print Canceled,CANCELED,18.188,11.0,canceled/failed,
job-9efb85f9c6,LG-540,Print Canceled,CANCELED,18.188,11.0,canceled/failed,
job-9efb85f9c6,LG-540,Print Canceled,CANCELED,18.188,11.0,canceled/failed,
job-9efb85f9c6,LG-540,Print Canceled,CANCELED,18.188,12.0,canceled/failed,
job-9efb85f9c6,LG-540,Print Canceled,CANCELED,18.188,12.0,canceled/failed,
job-9efb85f9c6,LG-540,Print Canceled,CANCELED,18.188,12.0,canceled/failed,
job-9efb85f9c6,LG-540,Print Canceled,CANCELED,18.188,12.0,canceled/failed,
job-9efb85f9c6,LG-540,Print Canceled,CANCELED,18.188,12.0,canceled/failed,
job-9efb85f9c6,LG-540,Print Canceled,CANCELED,18.188,12.0,canceled/failed,
job-9efb85f9c6,LG-540,Print Canceled,CANCELED,18.188,11.0,canceled/failed,
job-9efb85f9c6,LG-540,Print Canceled,CANCELED,18.188,11.0,canceled/failed,
job-9efb85f9c6,LG-540,Print Canceled,CANCELED,18.188,2538.0,canceled/failed,
job-9efb85f9c6,LG-540,Print Canceled,CANCELED,18.188,2538.0,canceled/failed,
job-9efb85f9c6,LG-540,Print Canceled,CANCELED,18.188,2538.0,canceled/failed,
job-9efb85f9c6,LG-540,Print Canceled,CANCELED,18.188,2538.0,canceled/failed,
job-9efb85f9c6,LG-540,Print Canceled,CANCELED,18.188,2538.0,canceled/failed,
job-9efb85f9c6,LG-540,Print Canceled,CANCELED,18.188,2538.0,canceled/failed,
job-9efb85f9c6,LG-540,Print Canceled,CANCELED,18.188,2538.0,canceled/failed,
job-9efb85f9c6,LG-540,Print Canceled,CANCELED,18.188,2538.0,canceled/failed,
job-9efb85f9c6,LG-540,Print Canceled,CANCELED,18.188,2538.0,canceled/failed,
job-9efb85f9c6,LG-540,Print Canceled,CANCELED,18.188,2538.0,canceled/failed,
job-9efb85f9c6,LG-540,Print Canceled,CANCELED,18.188,2538.0,canceled/failed,
job-9efb85f9c6,LG-540,Print Canceled,CANCELED,18.188,2538.0,canceled/failed,
job-8d5a0eccad,LG-540,Print Canceled,CANCELED,18.188,7541.0,canceled/failed,
job-8d5a0eccad,LG-540,Print Canceled,CANCELED,18.188,7541.0,canceled/failed,
job-8d5a0eccad,LG-540,Print Canceled,CANCELED,18.188,7541.0,canceled/failed,
job-8d5a0eccad,LG-540,Print Canceled,CANCELED,18.188,7541.0,canceled/failed,
job-0014833773,LG-540,Print Canceled,CANCELED,18.188,7542.0,canceled/failed,
job-0014833773,LG-540,Print Canceled,CANCELED,18.188,7542.0,canceled/failed,
job-0014833773,LG-540,Print Canceled,CANCELED,18.188,7542.0,canceled/failed,
job-0014833773,LG-540,Print Canceled,CANCELED,18.188,7542.0,canceled/failed,
job-9b6f9e55f3,LG-540,Print Canceled,CANCELED,18.188,7542.0,canceled/failed,
job-9b6f9e55f3,LG-540,Print Canceled,CANCELED,18.188,7542.0,canceled/failed,
job-9b6f9e55f3,LG-540,Print Canceled,CANCELED,18.188,7542.0,canceled/failed,
job-9b6f9e55f3,LG-540,Print Canceled,CANCELED,18.188,7558.0,canceled/failed,
job-5b552d71a1,LG-540,Print End,DUPLICATE_SUMMARY,18.188,4660.0,duplicate,
job-5b552d71a1,LG-540,Print End,DUPLICATE_SUMMARY,18.188,3319.0,duplicate,
job-5b552d71a1,LG-540,Print End,DUPLICATE_SUMMARY,18.188,1151.0,duplicate,
job-5b552d71a1,LG-540,New Job(Queue A),OTHER_EVENT:New Job(Queue A),0.803,,bad_time_or_dims_or_event,missing_print_times
job-9b6f9e55f3,LG-540,New Job(Queue A),OTHER_EVENT:New Job(Queue A),0.803,,bad_time_or_dims_or_event,missing_print_times
job-0014833773,LG-540,New Job(Queue A),OTHER_EVENT:New Job(Queue A),0.803,,bad_time_or_dims_or_event,missing_print_times
job-8d5a0eccad,LG-540,New Job(Queue A),OTHER_EVENT:New Job(Queue A),0.803,,bad_time_or_dims_or_event,missing_print_times
job-9efb85f9c6,LG-540,New Job(Queue A),OTHER_EVENT:New Job(Queue A),0.803,,bad_time_or_dims_or_event,missing_print_times
job-1a403527f9,LG-540,Print End,DUPLICATE_SUMMARY,9.094,4811.0,duplicate,
job-cfbf10f89f,LG-540,Print End,DUPLICATE_SUMMARY,9.094,2499.0,duplicate,
job-1a403527f9,LG-540,Print Canceled,CANCELED,9.094,708.0,canceled/failed,
job-1a403527f9,LG-540,Print Canceled,CANCELED,9.094,708.0,canceled/failed,
job-cfbf10f89f,LG-540,Print Canceled,CANCELED,9.094,699.0,canceled/failed,
job-cfbf10f89f,LG-540,Print Canceled,CANCELED,9.094,699.0,canceled/failed,
job-997a491236,LG-540,Print Canceled,CANCELED,12.732,711.0,canceled/failed,
job-997a491236,LG-540,Print Canceled,CANCELED,12.732,1054.0,canceled/failed,
job-e787567f67,LG-540,Print Canceled,CANCELED,20.376,50503.0,canceled/failed,possible_idle_gt4h
job-e787567f67,LG-540,Print Canceled,CANCELED,20.376,50503.0,canceled/failed,possible_idle_gt4h
job-e787567f67,LG-540,Print Canceled,CANCELED,20.376,50507.0,canceled/failed,possible_idle_gt4h
job-e787567f67,LG-540,Print Canceled,CANCELED,20.376,50494.0,canceled/failed,possible_idle_gt4h
job-e787567f67,LG-540,Print End,LG540_GLOSS_ONLY,20.376,49575.0,bad_time_or_dims_or_event,possible_idle_gt4h
job-e787567f67,LG-540,Print End,DUPLICATE_SUMMARY,20.376,15655.0,duplicate,possible_idle_gt4h
job-e787567f67,LG-540,New Job(Queue A),OTHER_EVENT:New Job(Queue A),0.55,,bad_time_or_dims_or_event,missing_print_times
job-1427dcc9d8,LG-540,Print Canceled,CANCELED,20.393,9.0,canceled/failed,
job-3e6f18f16e,LG-540,New Job(Queue A),OTHER_EVENT:New Job(Queue A),0.55,,bad_time_or_dims_or_event,missing_print_times
job-2bf80f3570,LG-540,New Job(Queue A),OTHER_EVENT:New Job(Queue A),0.55,,bad_time_or_dims_or_event,missing_print_times
job-e48b6923fc,LG-540,Print End,LG540_GLOSS_ONLY,9.094,45916.0,bad_time_or_dims_or_event,possible_idle_gt4h
job-e48b6923fc,LG-540,Print End,DUPLICATE_SUMMARY,9.094,44707.0,duplicate,possible_idle_gt4h
job-4e3f38d09c,LG-540,Print End,LG540_GLOSS_ONLY,9.094,43851.0,bad_time_or_dims_or_event,possible_idle_gt4h
job-4e3f38d09c,LG-540,Print End,DUPLICATE_SUMMARY,9.094,42573.0,duplicate,possible_idle_gt4h
job-1a403527f9,LG-540,Print End,LG540_GLOSS_ONLY,9.094,41854.0,bad_time_or_dims_or_event,possible_idle_gt4h
job-1a403527f9,LG-540,Print End,DUPLICATE_SUMMARY,9.094,40645.0,duplicate,possible_idle_gt4h
job-cfbf10f89f,LG-540,Print End,LG540_GLOSS_ONLY,9.094,39918.0,bad_time_or_dims_or_event,possible_idle_gt4h
job-cfbf10f89f,LG-540,Print End,DUPLICATE_SUMMARY,9.094,38627.0,duplicate,possible_idle_gt4h
job-cfbf10f89f,LG-540,New Job(Queue A),OTHER_EVENT:New Job(Queue A),0.803,,bad_time_or_dims_or_event,missing_print_times
job-1a403527f9,LG-540,New Job(Queue A),OTHER_EVENT:New Job(Queue A),0.803,,bad_time_or_dims_or_event,missing_print_times
job-4e3f38d09c,LG-540,New Job(Queue A),OTHER_EVENT:New Job(Queue A),0.803,,bad_time_or_dims_or_event,missing_print_times
job-e48b6923fc,LG-540,New Job(Queue A),OTHER_EVENT:New Job(Queue A),0.803,,bad_time_or_dims_or_event,missing_print_times
job-997a491236,LG-540,Print End,LG540_GLOSS_ONLY,12.732,41960.0,bad_time_or_dims_or_event,possible_idle_gt4h
job-997a491236,LG-540,Print End,DUPLICATE_SUMMARY,12.732,40520.0,duplicate,possible_idle_gt4h
job-ae76af5cb1,LG-540,New Job(Queue A),OTHER_EVENT:New Job(Queue A),0.803,,bad_time_or_dims_or_event,missing_print_times
job-4d3cf554e9,LG-540,New Job(Queue A),OTHER_EVENT:New Job(Queue A),0.803,,bad_time_or_dims_or_event,missing_print_times
job-a8f8c09ee8,LG-540,New Job(Queue A),OTHER_EVENT:New Job(Queue A),0.803,,bad_time_or_dims_or_event,missing_print_times
job-c91106bc8e,LG-540,New Job(Queue A),OTHER_EVENT:New Job(Queue A),0.803,,bad_time_or_dims_or_event,missing_print_times
job-a4b66bfb3f,LG-540,New Job(Queue A),OTHER_EVENT:New Job(Queue A),0.803,,bad_time_or_dims_or_event,missing_print_times
job-dd2b412b5b,LG-540,New Job(Queue A),OTHER_EVENT:New Job(Queue A),0.803,,bad_time_or_dims_or_event,missing_print_times
job-930d4c2407,LG-540,New Job(Queue A),OTHER_EVENT:New Job(Queue A),0.803,,bad_time_or_dims_or_event,missing_print_times
job-8e1c9f70aa,LG-540,New Job(Queue A),OTHER_EVENT:New Job(Queue A),0.803,,bad_time_or_dims_or_event,missing_print_times
job-b9b0252543,LG-540,New Job(Queue A),OTHER_EVENT:New Job(Queue A),0.803,,bad_time_or_dims_or_event,missing_print_times
job-3a6628d463,LG-540,New Job(Queue A),OTHER_EVENT:New Job(Queue A),0.803,,bad_time_or_dims_or_event,missing_print_times
job-a6435b9174,LG-540,Print End,LG540_GLOSS_ONLY,18.188,46329.0,bad_time_or_dims_or_event,possible_idle_gt4h
job-a6435b9174,LG-540,Print End,DUPLICATE_SUMMARY,18.188,44219.0,duplicate,possible_idle_gt4h
job-a6435b9174,LG-540,Print End,DUPLICATE_SUMMARY,18.188,42812.0,duplicate,possible_idle_gt4h
job-a6435b9174,LG-540,Print End,DUPLICATE_SUMMARY,18.188,40281.0,duplicate,possible_idle_gt4h
job-a7c91440a9,LG-540,Print End,LG540_GLOSS_ONLY,18.188,38942.0,bad_time_or_dims_or_event,possible_idle_gt4h
job-a7c91440a9,LG-540,Print End,DUPLICATE_SUMMARY,18.188,36794.0,duplicate,possible_idle_gt4h
job-a7c91440a9,LG-540,Print End,DUPLICATE_SUMMARY,18.188,35139.0,duplicate,possible_idle_gt4h
job-a7c91440a9,LG-540,Print End,DUPLICATE_SUMMARY,18.188,32835.0,duplicate,possible_idle_gt4h
job-32d518c955,LG-540,Print End,LG540_GLOSS_ONLY,18.188,31359.0,bad_time_or_dims_or_event,possible_idle_gt4h
job-32d518c955,LG-540,Print End,DUPLICATE_SUMMARY,18.188,29054.0,duplicate,possible_idle_gt4h
job-32d518c955,LG-540,Print End,DUPLICATE_SUMMARY,18.188,27708.0,duplicate,possible_idle_gt4h
job-32d518c955,LG-540,Print End,DUPLICATE_SUMMARY,18.188,25471.0,duplicate,possible_idle_gt4h
job-516cbfd767,LG-540,Print End,LG540_GLOSS_ONLY,18.188,24136.0,bad_time_or_dims_or_event,possible_idle_gt4h
job-516cbfd767,LG-540,Print End,DUPLICATE_SUMMARY,18.188,21625.0,duplicate,possible_idle_gt4h
job-516cbfd767,LG-540,Print End,DUPLICATE_SUMMARY,18.188,20283.0,duplicate,possible_idle_gt4h
job-516cbfd767,LG-540,Print End,DUPLICATE_SUMMARY,18.188,15507.0,duplicate,possible_idle_gt4h
job-1bc1f1d106,LG-540,Print End,DUPLICATE_SUMMARY,18.188,11695.0,duplicate,
job-1bc1f1d106,LG-540,Print End,DUPLICATE_SUMMARY,18.188,8064.0,duplicate,
job-5ab1fd65a0,LG-540,Print End,DUPLICATE_SUMMARY,18.188,4523.0,duplicate,
job-5ab1fd65a0,LG-540,Print End,DUPLICATE_SUMMARY,18.188,3186.0,duplicate,
job-5ab1fd65a0,LG-540,Print End,DUPLICATE_SUMMARY,18.188,1074.0,duplicate,
job-1bc1f1d106,LG-540,New Job(Queue A),OTHER_EVENT:New Job(Queue A),0.803,,bad_time_or_dims_or_event,missing_print_times
job-32d518c955,LG-540,New Job(Queue A),OTHER_EVENT:New Job(Queue A),0.803,,bad_time_or_dims_or_event,missing_print_times
job-a7c91440a9,LG-540,New Job(Queue A),OTHER_EVENT:New Job(Queue A),0.803,,bad_time_or_dims_or_event,missing_print_times
job-a6435b9174,LG-540,New Job(Queue A),OTHER_EVENT:New Job(Queue A),0.803,,bad_time_or_dims_or_event,missing_print_times
job-516cbfd767,LG-540,New Job(Queue A),OTHER_EVENT:New Job(Queue A),0.803,,bad_time_or_dims_or_event,missing_print_times
job-5ab1fd65a0,LG-540,New Job(Queue A),OTHER_EVENT:New Job(Queue A),0.803,,bad_time_or_dims_or_event,missing_print_times
job-1595ebc9fd,LG-540,Print End,DUPLICATE_SUMMARY,19.944,1155.0,duplicate,
job-dfc67eed01,LG-540,Print End,DUPLICATE_SUMMARY,11.066,724.0,duplicate,
job-dfc67eed01,LG-540,New Job(Queue A),OTHER_EVENT:New Job(Queue A),0.633,,bad_time_or_dims_or_event,missing_print_times
job-d8fdf105d8,LG-540,Print End,DUPLICATE_SUMMARY,9.094,3905.0,duplicate,
job-d8fdf105d8,LG-540,New Job(Queue A),OTHER_EVENT:New Job(Queue A),0.803,,bad_time_or_dims_or_event,missing_print_times
job-c3071fc3cd,LG-540,Print End,DUPLICATE_SUMMARY,10.188,3065.0,duplicate,
job-c3071fc3cd,LG-540,Print End,DUPLICATE_SUMMARY,10.188,2140.0,duplicate,
job-c3071fc3cd,LG-540,Print End,DUPLICATE_SUMMARY,10.188,708.0,duplicate,
job-c3071fc3cd,LG-540,New Job(Queue A),OTHER_EVENT:New Job(Queue A),0.55,,bad_time_or_dims_or_event,missing_print_times
job-6cce018557,LG-540,New Job(Queue A),OTHER_EVENT:New Job(Queue A),0.533,,bad_time_or_dims_or_event,missing_print_times
job-eae3966d8d,LG-540,Print End,DUPLICATE_SUMMARY,16.599,1000.0,duplicate,
job-61db6f3b32,LG-540,New Job(Queue A),OTHER_EVENT:New Job(Queue A),0.446,,bad_time_or_dims_or_event,missing_print_times
job-cfaf552235,LG-540,New Job(Queue A),OTHER_EVENT:New Job(Queue A),0.445,,bad_time_or_dims_or_event,missing_print_times
job-1089f313d4,LG-540,New Job(Queue A),OTHER_EVENT:New Job(Queue A),0.445,,bad_time_or_dims_or_event,missing_print_times
job-6d2803950b,LG-540,New Job(Queue A),OTHER_EVENT:New Job(Queue A),0.445,,bad_time_or_dims_or_event,missing_print_times
job-cfaf552235,LG-540,New Job(Queue A),OTHER_EVENT:New Job(Queue A),0.421,,bad_time_or_dims_or_event,missing_print_times
job-1089f313d4,LG-540,New Job(Queue A),OTHER_EVENT:New Job(Queue A),0.42,,bad_time_or_dims_or_event,missing_print_times
job-6d2803950b,LG-540,New Job(Queue A),OTHER_EVENT:New Job(Queue A),0.42,,bad_time_or_dims_or_event,missing_print_times
job-61db6f3b32,LG-540,New Job(Queue A),OTHER_EVENT:New Job(Queue A),0.42,,bad_time_or_dims_or_event,missing_print_times
job-eae3966d8d,LG-540,New Job(Queue A),OTHER_EVENT:New Job(Queue A),0.633,,bad_time_or_dims_or_event,missing_print_times
job-4120c1ad7a,LG-540,Print End,DUPLICATE_SUMMARY,9.094,2740.0,duplicate,
job-d8fdf105d8,LG-540,Print End,DUPLICATE_SUMMARY,9.094,491.0,duplicate,
job-4120c1ad7a,LG-540,New Job(Queue A),OTHER_EVENT:New Job(Queue A),0.803,,bad_time_or_dims_or_event,missing_print_times
job-d8fdf105d8,LG-540,New Job(Queue A),OTHER_EVENT:New Job(Queue A),0.803,,bad_time_or_dims_or_event,missing_print_times
job-cfaf552235,LG-540,New Job(Queue A),OTHER_EVENT:New Job(Queue A),0.408,,bad_time_or_dims_or_event,missing_print_times
job-61db6f3b32,LG-540,New Job(Queue A),OTHER_EVENT:New Job(Queue A),0.408,,bad_time_or_dims_or_event,missing_print_times
job-1089f313d4,LG-540,New Job(Queue A),OTHER_EVENT:New Job(Queue A),0.408,,bad_time_or_dims_or_event,missing_print_times
job-6d2803950b,LG-540,New Job(Queue A),OTHER_EVENT:New Job(Queue A),0.408,,bad_time_or_dims_or_event,missing_print_times
job-1b073e1661,LG-540,Print End,LG540_GLOSS_ONLY,11.558,26366.0,bad_time_or_dims_or_event,possible_idle_gt4h
job-1b073e1661,LG-540,Print End,DUPLICATE_SUMMARY,11.558,24893.0,duplicate,possible_idle_gt4h
job-1b073e1661,LG-540,New Job(Queue A),OTHER_EVENT:New Job(Queue A),0.623,,bad_time_or_dims_or_event,missing_print_times
job-198583076a,LG-540,Print End,LG540_GLOSS_ONLY,11.558,23773.0,bad_time_or_dims_or_event,possible_idle_gt4h
job-198583076a,LG-540,Print End,DUPLICATE_SUMMARY,11.558,22158.0,duplicate,possible_idle_gt4h
job-198583076a,LG-540,Print End,DUPLICATE_SUMMARY,11.558,20959.0,duplicate,possible_idle_gt4h
job-198583076a,LG-540,Print End,DUPLICATE_SUMMARY,11.558,19482.0,duplicate,possible_idle_gt4h
job-2f3e7a8e8a,LG-540,Print End,LG540_GLOSS_ONLY,11.558,18295.0,bad_time_or_dims_or_event,possible_idle_gt4h
job-2f3e7a8e8a,LG-540,Print End,DUPLICATE_SUMMARY,11.558,16732.0,duplicate,possible_idle_gt4h
job-2f3e7a8e8a,LG-540,Print End,DUPLICATE_SUMMARY,11.558,15463.0,duplicate,possible_idle_gt4h
job-2f3e7a8e8a,LG-540,Print End,DUPLICATE_SUMMARY,11.558,13673.0,duplicate,
job-e296cb58d2,LG-540,Print End,DUPLICATE_SUMMARY,11.558,10582.0,duplicate,
job-e296cb58d2,LG-540,Print End,DUPLICATE_SUMMARY,11.558,9251.0,duplicate,
job-e296cb58d2,LG-540,Print End,DUPLICATE_SUMMARY,11.558,7771.0,duplicate,
job-3e85fdbd1d,LG-540,Print End,DUPLICATE_SUMMARY,10.235,5325.0,duplicate,
job-3e85fdbd1d,LG-540,Print End,DUPLICATE_SUMMARY,10.235,4409.0,duplicate,
job-3e85fdbd1d,LG-540,Print End,DUPLICATE_SUMMARY,10.235,3074.0,duplicate,
job-3e85fdbd1d,LG-540,Print End,DUPLICATE_SUMMARY,10.235,1852.0,duplicate,
job-3e85fdbd1d,LG-540,Print End,DUPLICATE_SUMMARY,10.235,519.0,duplicate,
job-198583076a,LG-540,New Job(Queue A),OTHER_EVENT:New Job(Queue A),0.623,,bad_time_or_dims_or_event,missing_print_times
job-2f3e7a8e8a,LG-540,Print Canceled,CANCELED,11.558,6275.0,canceled/failed,
job-2f3e7a8e8a,LG-540,Print Canceled,CANCELED,11.558,6275.0,canceled/failed,
job-2f3e7a8e8a,LG-540,Print Canceled,CANCELED,11.558,6275.0,canceled/failed,
job-2f3e7a8e8a,LG-540,Print Canceled,CANCELED,11.558,6275.0,canceled/failed,
job-2f3e7a8e8a,LG-540,New Job(Queue A),OTHER_EVENT:New Job(Queue A),0.623,,bad_time_or_dims_or_event,missing_print_times
job-e296cb58d2,LG-540,Print Canceled,CANCELED,11.558,6384.0,canceled/failed,
job-e296cb58d2,LG-540,Print Canceled,CANCELED,11.558,6384.0,canceled/failed,
job-e296cb58d2,LG-540,Print Canceled,CANCELED,11.558,6385.0,canceled/failed,
job-e296cb58d2,LG-540,Print Canceled,CANCELED,11.558,6385.0,canceled/failed,
job-e296cb58d2,LG-540,New Job(Queue A),OTHER_EVENT:New Job(Queue A),0.623,,bad_time_or_dims_or_event,missing_print_times
job-3e85fdbd1d,LG-540,Print Canceled,CANCELED,10.235,12212.0,canceled/failed,
job-3e85fdbd1d,LG-540,Print Canceled,CANCELED,10.235,12212.0,canceled/failed,
job-3e85fdbd1d,LG-540,Print Canceled,CANCELED,10.235,12212.0,canceled/failed,
job-3e85fdbd1d,LG-540,Print Canceled,CANCELED,10.235,12212.0,canceled/failed,
job-3e85fdbd1d,LG-540,Print Canceled,CANCELED,10.235,12212.0,canceled/failed,
job-3e85fdbd1d,LG-540,Print Canceled,CANCELED,10.235,12212.0,canceled/failed,
job-3e85fdbd1d,LG-540,New Job(Queue A),OTHER_EVENT:New Job(Queue A),0.551,,bad_time_or_dims_or_event,missing_print_times
job-291a19ea4b,LG-540,Print End,DUPLICATE_SUMMARY,10.245,12059.0,duplicate,
job-291a19ea4b,LG-540,Print End,DUPLICATE_SUMMARY,10.245,11006.0,duplicate,
job-291a19ea4b,LG-540,Print End,DUPLICATE_SUMMARY,10.245,9586.0,duplicate,
job-291a19ea4b,LG-540,Print End,DUPLICATE_SUMMARY,10.245,8668.0,duplicate,
job-291a19ea4b,LG-540,Print End,DUPLICATE_SUMMARY,10.245,7319.0,duplicate,
job-a3107b0fe2,LG-540,Print End,LG540_GLOSS_ONLY,10.199,26019.0,bad_time_or_dims_or_event,possible_idle_gt4h
job-a3107b0fe2,LG-540,Print End,DUPLICATE_SUMMARY,10.199,24685.0,duplicate,possible_idle_gt4h
job-a3107b0fe2,LG-540,Print End,DUPLICATE_SUMMARY,10.199,23492.0,duplicate,possible_idle_gt4h
job-a3107b0fe2,LG-540,Print End,LG540_CMYK_ONLY,10.199,21845.0,bad_time_or_dims_or_event,possible_idle_gt4h
job-a3107b0fe2,LG-540,Print End,DUPLICATE_SUMMARY,10.199,20936.0,duplicate,possible_idle_gt4h
job-a3107b0fe2,LG-540,Print End,DUPLICATE_SUMMARY,10.199,19599.0,duplicate,possible_idle_gt4h
job-a3107b0fe2,LG-540,New Job(Queue A),OTHER_EVENT:New Job(Queue A),0.55,,bad_time_or_dims_or_event,missing_print_times
job-c401152b97,LG-540,Print End,LG540_GLOSS_ONLY,10.245,18790.0,bad_time_or_dims_or_event,possible_idle_gt4h
job-c401152b97,LG-540,Print End,LG540_CMYK_ONLY,10.245,17319.0,bad_time_or_dims_or_event,possible_idle_gt4h
job-c401152b97,LG-540,Print End,DUPLICATE_SUMMARY,10.245,16406.0,duplicate,possible_idle_gt4h
job-c401152b97,LG-540,Print End,DUPLICATE_SUMMARY,10.245,14982.0,duplicate,possible_idle_gt4h
job-cb87fc0414,LG-540,Print End,DUPLICATE_SUMMARY,10.245,12740.0,duplicate,
job-cb87fc0414,LG-540,Print End,DUPLICATE_SUMMARY,10.245,11822.0,duplicate,
job-cb87fc0414,LG-540,Print End,DUPLICATE_SUMMARY,10.245,10091.0,duplicate,
job-2c7896c932,LG-540,Print End,DUPLICATE_SUMMARY,10.245,7914.0,duplicate,
job-f8aafd8e73,LG-540,Print End,DUPLICATE_SUMMARY,10.245,5532.0,duplicate,
job-f8aafd8e73,LG-540,Print Canceled,CANCELED,10.245,67.0,canceled/failed,
job-f8aafd8e73,LG-540,Print Canceled,CANCELED,10.245,67.0,canceled/failed,
job-291a19ea4b,LG-540,Print End,DUPLICATE_SUMMARY,10.245,3396.0,duplicate,
job-291a19ea4b,LG-540,Print End,DUPLICATE_SUMMARY,10.245,2403.0,duplicate,
job-291a19ea4b,LG-540,Print End,DUPLICATE_SUMMARY,10.245,758.0,duplicate,
job-fd57956e4d,LG-540,New Job(Queue A),OTHER_EVENT:New Job(Queue A),0.533,,bad_time_or_dims_or_event,missing_print_times
job-6cce018557,LG-540,New Job(Queue A),OTHER_EVENT:New Job(Queue A),0.533,,bad_time_or_dims_or_event,missing_print_times
job-a3107b0fe2,LG-540,New Job(Queue A),OTHER_EVENT:New Job(Queue A),0.534,,bad_time_or_dims_or_event,missing_print_times
job-291a19ea4b,LG-540,New Job(Queue A),OTHER_EVENT:New Job(Queue A),0.551,,bad_time_or_dims_or_event,missing_print_times
job-f8aafd8e73,LG-540,New Job(Queue A),OTHER_EVENT:New Job(Queue A),0.551,,bad_time_or_dims_or_event,missing_print_times
job-2c7896c932,LG-540,New Job(Queue A),OTHER_EVENT:New Job(Queue A),0.551,,bad_time_or_dims_or_event,missing_print_times
job-cb87fc0414,LG-540,New Job(Queue A),OTHER_EVENT:New Job(Queue A),0.551,,bad_time_or_dims_or_event,missing_print_times
job-c401152b97,LG-540,New Job(Queue A),OTHER_EVENT:New Job(Queue A),0.551,,bad_time_or_dims_or_event,missing_print_times
job-a3107b0fe2,LG-540,Print Canceled,CANCELED,10.236,1337.0,canceled/failed,
job-a3107b0fe2,LG-540,Print Canceled,CANCELED,10.236,1337.0,canceled/failed,
job-a3107b0fe2,LG-540,Print Canceled,CANCELED,10.236,1552.0,canceled/failed,
job-a3107b0fe2,LG-540,Print Canceled,CANCELED,10.236,1113.0,canceled/failed,
job-a3107b0fe2,LG-540,Print Canceled,CANCELED,10.236,1097.0,canceled/failed,
job-a3107b0fe2,LG-540,New Job(Queue A),OTHER_EVENT:New Job(Queue A),0.551,,bad_time_or_dims_or_event,missing_print_times
job-dc27c72736,LG-540,New Job(Queue A),OTHER_EVENT:New Job(Queue A),0.358,,bad_time_or_dims_or_event,missing_print_times
job-291a19ea4b,LG-540,New Job(Queue A),OTHER_EVENT:New Job(Queue A),0.551,,bad_time_or_dims_or_event,missing_print_times
job-f8aafd8e73,LG-540,New Job(Queue A),OTHER_EVENT:New Job(Queue A),0.551,,bad_time_or_dims_or_event,missing_print_times
job-2c7896c932,LG-540,New Job(Queue A),OTHER_EVENT:New Job(Queue A),0.551,,bad_time_or_dims_or_event,missing_print_times
job-c401152b97,LG-540,New Job(Queue A),OTHER_EVENT:New Job(Queue A),0.551,,bad_time_or_dims_or_event,missing_print_times
job-1595ebc9fd,LG-540,Print End,DUPLICATE_SUMMARY,9.972,733.0,duplicate,
job-1595ebc9fd,LG-540,New Job(Queue A),OTHER_EVENT:New Job(Queue A),0.446,,bad_time_or_dims_or_event,missing_print_times
job-25b50de9d9,LG-540,New Job(Queue A),OTHER_EVENT:New Job(Queue A),0.326,,bad_time_or_dims_or_event,missing_print_times
job-30b2224a3d,LG-540,New Job(Queue A),OTHER_EVENT:New Job(Queue A),0.336,,bad_time_or_dims_or_event,missing_print_times
job-0a9074d538,LG-540,New Job(Queue A),OTHER_EVENT:New Job(Queue A),0.336,,bad_time_or_dims_or_event,missing_print_times
job-5a40dc80ff,LG-540,New Job(Queue A),OTHER_EVENT:New Job(Queue A),0.336,,bad_time_or_dims_or_event,missing_print_times
job-2710f365a5,LG-540,New Job(Queue A),OTHER_EVENT:New Job(Queue A),0.326,,bad_time_or_dims_or_event,missing_print_times
job-9fcfa6a535,LG-540,Print End,DUPLICATE_SUMMARY,12.414,4551.0,duplicate,
job-9fcfa6a535,LG-540,Print End,DUPLICATE_SUMMARY,12.414,3322.0,duplicate,
job-9fcfa6a535,LG-540,Print End,DUPLICATE_SUMMARY,12.414,791.0,duplicate,
job-9fcfa6a535,LG-540,New Job(Queue A),OTHER_EVENT:New Job(Queue A),0.623,,bad_time_or_dims_or_event,missing_print_times
job-19c1306492,LG-540,Print End,DUPLICATE_SUMMARY,12.415,5049.0,duplicate,
job-19c1306492,LG-540,Print End,DUPLICATE_SUMMARY,12.415,3748.0,duplicate,
job-19c1306492,LG-540,Print End,DUPLICATE_SUMMARY,12.415,978.0,duplicate,
job-19c1306492,LG-540,New Job(Queue A),OTHER_EVENT:New Job(Queue A),0.623,,bad_time_or_dims_or_event,missing_print_times
job-4259a5948b,LG-540,New Job(Queue A),OTHER_EVENT:New Job(Queue A),0.803,,bad_time_or_dims_or_event,missing_print_times
job-cea521a5af,LG-540,New Job(Queue A),OTHER_EVENT:New Job(Queue A),0.803,,bad_time_or_dims_or_event,missing_print_times
job-a7ae95bf4d,LG-540,New Job(Queue A),OTHER_EVENT:New Job(Queue A),0.803,,bad_time_or_dims_or_event,missing_print_times
job-7466ce7ca5,LG-540,New Job(Queue A),OTHER_EVENT:New Job(Queue A),0.803,,bad_time_or_dims_or_event,missing_print_times
job-2e3882f720,LG-540,New Job(Queue A),OTHER_EVENT:New Job(Queue A),0.803,,bad_time_or_dims_or_event,missing_print_times
job-9542cf18b4,LG-540,New Job(Queue A),OTHER_EVENT:New Job(Queue A),0.803,,bad_time_or_dims_or_event,missing_print_times
job-f32717d094,LG-540,New Job(Queue A),OTHER_EVENT:New Job(Queue A),0.803,,bad_time_or_dims_or_event,missing_print_times
job-7ff3268eea,LG-540,New Job(Queue A),OTHER_EVENT:New Job(Queue A),0.803,,bad_time_or_dims_or_event,missing_print_times
job-a8467ac1da,LG-540,New Job(Queue A),OTHER_EVENT:New Job(Queue A),0.803,,bad_time_or_dims_or_event,missing_print_times
job-442a3d6b3c,LG-540,New Job(Queue A),OTHER_EVENT:New Job(Queue A),0.803,,bad_time_or_dims_or_event,missing_print_times
job-91e50c536e,LG-540,New Job(Queue A),OTHER_EVENT:New Job(Queue A),0.803,,bad_time_or_dims_or_event,missing_print_times
job-12395bc9c8,LG-540,New Job(Queue A),OTHER_EVENT:New Job(Queue A),0.803,,bad_time_or_dims_or_event,missing_print_times
job-e3b33ed0d3,LG-540,New Job(Queue A),OTHER_EVENT:New Job(Queue A),0.803,,bad_time_or_dims_or_event,missing_print_times
job-d99e09702b,LG-540,New Job(Queue A),OTHER_EVENT:New Job(Queue A),0.803,,bad_time_or_dims_or_event,missing_print_times
job-73eeba2016,LG-540,New Job(Queue A),OTHER_EVENT:New Job(Queue A),0.803,,bad_time_or_dims_or_event,missing_print_times
job-623037f396,LG-540,New Job(Queue A),OTHER_EVENT:New Job(Queue A),0.803,,bad_time_or_dims_or_event,missing_print_times
job-4286c8a400,LG-540,New Job(Queue A),OTHER_EVENT:New Job(Queue A),0.803,,bad_time_or_dims_or_event,missing_print_times
job-5294f5bf41,LG-540,New Job(Queue A),OTHER_EVENT:New Job(Queue A),0.803,,bad_time_or_dims_or_event,missing_print_times
job-dcc0d36164,LG-540,New Job(Queue A),OTHER_EVENT:New Job(Queue A),0.803,,bad_time_or_dims_or_event,missing_print_times
job-ab9b8815b1,LG-540,New Job(Queue A),OTHER_EVENT:New Job(Queue A),0.803,,bad_time_or_dims_or_event,missing_print_times
job-df67f28965,LG-540,New Job(Queue A),OTHER_EVENT:New Job(Queue A),0.803,,bad_time_or_dims_or_event,missing_print_times
job-de2fe87f0c,LG-540,New Job(Queue A),OTHER_EVENT:New Job(Queue A),0.803,,bad_time_or_dims_or_event,missing_print_times
job-e3a6e408a0,LG-540,New Job(Queue A),OTHER_EVENT:New Job(Queue A),0.803,,bad_time_or_dims_or_event,missing_print_times
job-0b645ae541,LG-540,New Job(Queue A),OTHER_EVENT:New Job(Queue A),0.803,,bad_time_or_dims_or_event,missing_print_times
job-1b073e1661,LG-540,Print End,DUPLICATE_SUMMARY,12.414,4934.0,duplicate,
job-1b073e1661,LG-540,Print End,DUPLICATE_SUMMARY,12.414,3730.0,duplicate,
job-1b073e1661,LG-540,Print End,DUPLICATE_SUMMARY,12.414,1185.0,duplicate,
job-1b073e1661,LG-540,New Job(Queue A),OTHER_EVENT:New Job(Queue A),0.623,,bad_time_or_dims_or_event,missing_print_times
job-49367b05b9,LG-540,New Job(Queue A),OTHER_EVENT:New Job(Queue A),0.803,,bad_time_or_dims_or_event,missing_print_times
job-02ebc61ff8,LG-540,New Job(Queue A),OTHER_EVENT:New Job(Queue A),0.803,,bad_time_or_dims_or_event,missing_print_times
job-ec59e70613,LG-540,New Job(Queue A),OTHER_EVENT:New Job(Queue A),3.467,,bad_time_or_dims_or_event,missing_print_times
job-8d280f8d9c,LG-540,New Job(Queue A),OTHER_EVENT:New Job(Queue A),3.467,,bad_time_or_dims_or_event,missing_print_times
job-26a5071e3a,LG-540,New Job(Queue A),OTHER_EVENT:New Job(Queue A),0.803,,bad_time_or_dims_or_event,missing_print_times
job-f850bb35f7,LG-540,New Job(Queue A),OTHER_EVENT:New Job(Queue A),0.803,,bad_time_or_dims_or_event,missing_print_times
job-f0185a4b7b,LG-540,New Job(Queue A),OTHER_EVENT:New Job(Queue A),0.803,,bad_time_or_dims_or_event,missing_print_times
job-3c3c1e2cf6,LG-540,New Job(Queue A),OTHER_EVENT:New Job(Queue A),0.803,,bad_time_or_dims_or_event,missing_print_times
job-77b517e9db,LG-540,New Job(Queue A),OTHER_EVENT:New Job(Queue A),3.467,,bad_time_or_dims_or_event,missing_print_times
job-61921095bb,LG-540,New Job(Queue A),OTHER_EVENT:New Job(Queue A),3.467,,bad_time_or_dims_or_event,missing_print_times
job-76bcbe409e,LG-540,Print End,DUPLICATE_SUMMARY,18.202,1080.0,duplicate,
job-76bcbe409e,LG-540,New Job(Queue A),OTHER_EVENT:New Job(Queue A),0.803,,bad_time_or_dims_or_event,missing_print_times
job-8e368a2992,LG-540,Print End,DUPLICATE_SUMMARY,18.202,1081.0,duplicate,
job-8e368a2992,LG-540,New Job(Queue A),OTHER_EVENT:New Job(Queue A),0.803,,bad_time_or_dims_or_event,missing_print_times
job-76bcbe409e,LG-540,New Job(Queue A),OTHER_EVENT:New Job(Queue A),0.803,,bad_time_or_dims_or_event,missing_print_times
job-0017cf1a76,LG-540,Print End,LG540_GLOSS_ONLY,18.202,16360.0,bad_time_or_dims_or_event,possible_idle_gt4h
job-0017cf1a76,LG-540,Print End,DUPLICATE_SUMMARY,18.202,15638.0,duplicate,possible_idle_gt4h
job-0017cf1a76,LG-540,New Job(Queue A),OTHER_EVENT:New Job(Queue A),0.803,,bad_time_or_dims_or_event,missing_print_times
job-408beaeed8,LG-540,Print End,LG540_GLOSS_ONLY,18.202,14498.0,bad_time_or_dims_or_event,possible_idle_gt4h
job-408beaeed8,LG-540,Print End,DUPLICATE_SUMMARY,18.202,13699.0,duplicate,
job-e2f30ac29f,LG-540,Print End,DUPLICATE_SUMMARY,18.202,11638.0,duplicate,
job-8e368a2992,LG-540,Print End,DUPLICATE_SUMMARY,18.202,9571.0,duplicate,
job-ddb241664f,LG-540,Print End,DUPLICATE_SUMMARY,18.202,7204.0,duplicate,
job-d8276fa455,LG-540,Print End,DUPLICATE_SUMMARY,18.202,5139.0,duplicate,
job-8e368a2992,LG-540,New Job(Queue A),OTHER_EVENT:New Job(Queue A),0.803,,bad_time_or_dims_or_event,missing_print_times
job-76bcbe409e,LG-540,Print End,DUPLICATE_SUMMARY,18.202,3346.0,duplicate,
job-f910b7329a,LG-540,Print End,DUPLICATE_SUMMARY,18.202,935.0,duplicate,
job-f910b7329a,LG-540,New Job(Queue A),OTHER_EVENT:New Job(Queue A),0.803,,bad_time_or_dims_or_event,missing_print_times
job-e2f30ac29f,LG-540,New Job(Queue A),OTHER_EVENT:New Job(Queue A),0.803,,bad_time_or_dims_or_event,missing_print_times
job-408beaeed8,LG-540,New Job(Queue A),OTHER_EVENT:New Job(Queue A),0.803,,bad_time_or_dims_or_event,missing_print_times
job-d8276fa455,LG-540,New Job(Queue A),OTHER_EVENT:New Job(Queue A),0.803,,bad_time_or_dims_or_event,missing_print_times
job-ddb241664f,LG-540,New Job(Queue A),OTHER_EVENT:New Job(Queue A),0.803,,bad_time_or_dims_or_event,missing_print_times
job-76bcbe409e,LG-540,New Job(Queue A),OTHER_EVENT:New Job(Queue A),0.803,,bad_time_or_dims_or_event,missing_print_times
job-3e0cbce98f,LG-540,Print End,LG540_GLOSS_ONLY,20.505,16741.0,bad_time_or_dims_or_event,possible_idle_gt4h
job-3e0cbce98f,LG-540,Print End,DUPLICATE_SUMMARY,20.505,14232.0,duplicate,
job-3e0cbce98f,LG-540,Print End,DUPLICATE_SUMMARY,20.505,12108.0,duplicate,
job-3e0cbce98f,LG-540,Print End,DUPLICATE_SUMMARY,20.505,9686.0,duplicate,
job-67cc2beda4,LG-540,Print End,DUPLICATE_SUMMARY,20.505,5293.0,duplicate,
job-67cc2beda4,LG-540,Print End,DUPLICATE_SUMMARY,20.505,3547.0,duplicate,
job-67cc2beda4,LG-540,Print End,DUPLICATE_SUMMARY,20.505,1031.0,duplicate,
job-3e0cbce98f,LG-540,Print Canceled,CANCELED,20.505,20446.0,canceled/failed,possible_idle_gt4h
job-3e0cbce98f,LG-540,Print Canceled,CANCELED,20.505,20446.0,canceled/failed,possible_idle_gt4h
job-3e0cbce98f,LG-540,Print Canceled,CANCELED,20.505,20446.0,canceled/failed,possible_idle_gt4h
job-3e0cbce98f,LG-540,Print Canceled,CANCELED,20.505,20446.0,canceled/failed,possible_idle_gt4h
job-67cc2beda4,LG-540,Print Canceled,CANCELED,20.505,20446.0,canceled/failed,possible_idle_gt4h
job-67cc2beda4,LG-540,Print Canceled,CANCELED,20.505,20446.0,canceled/failed,possible_idle_gt4h
job-67cc2beda4,LG-540,Print Canceled,CANCELED,20.505,20446.0,canceled/failed,possible_idle_gt4h
job-67cc2beda4,LG-540,Print Error,FAILED,20.505,20446.0,canceled/failed,possible_idle_gt4h
job-660ee5de95,LG-540,Print End,DUPLICATE_SUMMARY,20.505,9800.0,duplicate,
job-660ee5de95,LG-540,Print End,DUPLICATE_SUMMARY,20.505,7933.0,duplicate,
job-660ee5de95,LG-540,Print End,DUPLICATE_SUMMARY,20.505,5513.0,duplicate,
job-660ee5de95,LG-540,Print End,DUPLICATE_SUMMARY,20.505,3699.0,duplicate,
job-660ee5de95,LG-540,Print End,DUPLICATE_SUMMARY,20.505,1058.0,duplicate,
job-660ee5de95,LG-540,New Job(Queue A),OTHER_EVENT:New Job(Queue A),0.551,,bad_time_or_dims_or_event,missing_print_times
job-67cc2beda4,LG-540,New Job(Queue A),OTHER_EVENT:New Job(Queue A),0.551,,bad_time_or_dims_or_event,missing_print_times
job-3e0cbce98f,LG-540,New Job(Queue A),OTHER_EVENT:New Job(Queue A),0.551,,bad_time_or_dims_or_event,missing_print_times
job-3e0cbce98f,LG-540,Print Canceled,CANCELED,20.505,3205.0,canceled/failed,
job-3e0cbce98f,LG-540,Print Canceled,CANCELED,20.505,3205.0,canceled/failed,
job-3e0cbce98f,LG-540,Print Canceled,CANCELED,20.505,3205.0,canceled/failed,
job-3e0cbce98f,LG-540,Print Canceled,CANCELED,20.505,3205.0,canceled/failed,
job-67cc2beda4,LG-540,Print Canceled,CANCELED,20.505,3205.0,canceled/failed,
job-67cc2beda4,LG-540,Print Canceled,CANCELED,20.505,3205.0,canceled/failed,
job-67cc2beda4,LG-540,Print Canceled,CANCELED,20.505,3205.0,canceled/failed,
job-67cc2beda4,LG-540,Print Canceled,CANCELED,20.505,3205.0,canceled/failed,
job-660ee5de95,LG-540,Print Canceled,CANCELED,20.505,3210.0,canceled/failed,
job-660ee5de95,LG-540,Print Canceled,CANCELED,20.505,3210.0,canceled/failed,
job-660ee5de95,LG-540,Print Canceled,CANCELED,20.505,3233.0,canceled/failed,
job-660ee5de95,LG-540,Print Canceled,CANCELED,20.505,3173.0,canceled/failed,
job-660ee5de95,LG-540,Print Canceled,CANCELED,20.505,3157.0,canceled/failed,
job-660ee5de95,LG-540,New Job(Queue A),OTHER_EVENT:New Job(Queue A),0.551,,bad_time_or_dims_or_event,missing_print_times
job-67cc2beda4,LG-540,New Job(Queue A),OTHER_EVENT:New Job(Queue A),0.551,,bad_time_or_dims_or_event,missing_print_times
job-3e0cbce98f,LG-540,New Job(Queue A),OTHER_EVENT:New Job(Queue A),0.551,,bad_time_or_dims_or_event,missing_print_times
job-8c4b4db82a,LG-540,New Job(Queue A),OTHER_EVENT:New Job(Queue A),0.803,,bad_time_or_dims_or_event,missing_print_times
job-f98fb167c9,LG-540,New Job(Queue A),OTHER_EVENT:New Job(Queue A),0.803,,bad_time_or_dims_or_event,missing_print_times
job-0ed00449b9,LG-540,New Job(Queue A),OTHER_EVENT:New Job(Queue A),0.803,,bad_time_or_dims_or_event,missing_print_times
job-b16c6b06d8,LG-540,New Job(Queue A),OTHER_EVENT:New Job(Queue A),0.803,,bad_time_or_dims_or_event,missing_print_times
job-89de6b10ee,LG-540,New Job(Queue A),OTHER_EVENT:New Job(Queue A),0.803,,bad_time_or_dims_or_event,missing_print_times
job-d254fffba6,LG-540,New Job(Queue A),OTHER_EVENT:New Job(Queue A),0.803,,bad_time_or_dims_or_event,missing_print_times
job-88c3a3f23a,LG-540,New Job(Queue A),OTHER_EVENT:New Job(Queue A),0.803,,bad_time_or_dims_or_event,missing_print_times
job-54b9f6385d,LG-540,New Job(Queue A),OTHER_EVENT:New Job(Queue A),0.803,,bad_time_or_dims_or_event,missing_print_times
job-49a653d306,LG-540,Print End,LG540_GLOSS_ONLY,18.202,17442.0,bad_time_or_dims_or_event,possible_idle_gt4h
job-49a653d306,LG-540,Print End,DUPLICATE_SUMMARY,18.202,16425.0,duplicate,possible_idle_gt4h
job-5c674405e6,LG-540,Print End,LG540_GLOSS_ONLY,18.202,15074.0,bad_time_or_dims_or_event,possible_idle_gt4h
job-5c674405e6,LG-540,Print End,DUPLICATE_SUMMARY,18.202,13721.0,duplicate,
job-7d7c3914d8,LG-540,Print End,DUPLICATE_SUMMARY,18.202,11299.0,duplicate,
job-b8fc02165e,LG-540,Print End,DUPLICATE_SUMMARY,18.202,8537.0,duplicate,
job-c947f5e3a7,LG-540,Print End,DUPLICATE_SUMMARY,18.202,6103.0,duplicate,
job-615d1b702a,LG-540,Print End,DUPLICATE_SUMMARY,18.202,3562.0,duplicate,
job-49a653d306,LG-540,Print Canceled,CANCELED,18.202,51272.0,canceled/failed,possible_idle_gt4h
job-49a653d306,LG-540,Print Canceled,CANCELED,18.202,51272.0,canceled/failed,possible_idle_gt4h
job-5c674405e6,LG-540,Print Canceled,CANCELED,18.202,51290.0,canceled/failed,possible_idle_gt4h
job-5c674405e6,LG-540,Print Canceled,CANCELED,18.202,51290.0,canceled/failed,possible_idle_gt4h
job-7d7c3914d8,LG-540,Print Canceled,CANCELED,18.202,51308.0,canceled/failed,possible_idle_gt4h
job-7d7c3914d8,LG-540,Print Canceled,CANCELED,18.202,51308.0,canceled/failed,possible_idle_gt4h
job-b8fc02165e,LG-540,Print Canceled,CANCELED,18.202,51322.0,canceled/failed,possible_idle_gt4h
job-b8fc02165e,LG-540,Print Canceled,CANCELED,18.202,51322.0,canceled/failed,possible_idle_gt4h
job-c947f5e3a7,LG-540,Print Canceled,CANCELED,18.202,51343.0,canceled/failed,possible_idle_gt4h
job-c947f5e3a7,LG-540,Print Canceled,CANCELED,18.202,51343.0,canceled/failed,possible_idle_gt4h
job-615d1b702a,LG-540,Print Canceled,CANCELED,18.202,51363.0,canceled/failed,possible_idle_gt4h
job-615d1b702a,LG-540,Print Canceled,CANCELED,18.202,51363.0,canceled/failed,possible_idle_gt4h
job-330c640941,LG-540,Print End,LG540_GLOSS_ONLY,18.202,53682.0,bad_time_or_dims_or_event,possible_idle_gt4h
job-330c640941,LG-540,Print End,DUPLICATE_SUMMARY,18.202,51565.0,duplicate,possible_idle_gt4h
job-57282493b3,LG-540,Print End,LG540_GLOSS_ONLY,18.202,50176.0,bad_time_or_dims_or_event,possible_idle_gt4h
job-57282493b3,LG-540,Print End,DUPLICATE_SUMMARY,18.202,47699.0,duplicate,possible_idle_gt4h
job-37334d1615,LG-540,Print End,LG540_GLOSS_ONLY,18.202,46376.0,bad_time_or_dims_or_event,possible_idle_gt4h
job-37334d1615,LG-540,Print End,DUPLICATE_SUMMARY,18.202,44184.0,duplicate,possible_idle_gt4h
job-4e88a8c25d,LG-540,Print End,LG540_GLOSS_ONLY,18.202,42354.0,bad_time_or_dims_or_event,possible_idle_gt4h
job-4e88a8c25d,LG-540,Print End,DUPLICATE_SUMMARY,18.202,35233.0,duplicate,possible_idle_gt4h
job-75de71d6f1,LG-540,Print End,LG540_GLOSS_ONLY,18.202,33823.0,bad_time_or_dims_or_event,possible_idle_gt4h
job-75de71d6f1,LG-540,Print End,DUPLICATE_SUMMARY,18.202,31395.0,duplicate,possible_idle_gt4h
job-069b9f74a8,LG-540,Print End,LG540_GLOSS_ONLY,18.202,29974.0,bad_time_or_dims_or_event,possible_idle_gt4h
job-069b9f74a8,LG-540,Print End,DUPLICATE_SUMMARY,18.202,27678.0,duplicate,possible_idle_gt4h
job-069b9f74a8,LG-540,New Job(Queue A),OTHER_EVENT:New Job(Queue A),0.803,,bad_time_or_dims_or_event,missing_print_times
job-75de71d6f1,LG-540,New Job(Queue A),OTHER_EVENT:New Job(Queue A),0.803,,bad_time_or_dims_or_event,missing_print_times
job-4e88a8c25d,LG-540,New Job(Queue A),OTHER_EVENT:New Job(Queue A),0.803,,bad_time_or_dims_or_event,missing_print_times
job-37334d1615,LG-540,New Job(Queue A),OTHER_EVENT:New Job(Queue A),0.803,,bad_time_or_dims_or_event,missing_print_times
job-57282493b3,LG-540,New Job(Queue A),OTHER_EVENT:New Job(Queue A),0.803,,bad_time_or_dims_or_event,missing_print_times
job-330c640941,LG-540,New Job(Queue A),OTHER_EVENT:New Job(Queue A),0.803,,bad_time_or_dims_or_event,missing_print_times
job-615d1b702a,LG-540,New Job(Queue A),OTHER_EVENT:New Job(Queue A),0.803,,bad_time_or_dims_or_event,missing_print_times
job-c947f5e3a7,LG-540,New Job(Queue A),OTHER_EVENT:New Job(Queue A),0.803,,bad_time_or_dims_or_event,missing_print_times
job-b8fc02165e,LG-540,New Job(Queue A),OTHER_EVENT:New Job(Queue A),0.803,,bad_time_or_dims_or_event,missing_print_times
job-7d7c3914d8,LG-540,New Job(Queue A),OTHER_EVENT:New Job(Queue A),0.803,,bad_time_or_dims_or_event,missing_print_times
job-5c674405e6,LG-540,New Job(Queue A),OTHER_EVENT:New Job(Queue A),0.803,,bad_time_or_dims_or_event,missing_print_times
job-49a653d306,LG-540,New Job(Queue A),OTHER_EVENT:New Job(Queue A),0.803,,bad_time_or_dims_or_event,missing_print_times
job-e9a9147be3,LG-540,Print End,LG540_GLOSS_ONLY,18.202,27071.0,bad_time_or_dims_or_event,possible_idle_gt4h
job-e9a9147be3,LG-540,Print End,DUPLICATE_SUMMARY,18.202,24945.0,duplicate,possible_idle_gt4h
job-be37a52464,LG-540,Print End,LG540_GLOSS_ONLY,18.202,23602.0,bad_time_or_dims_or_event,possible_idle_gt4h
job-be37a52464,LG-540,Print End,DUPLICATE_SUMMARY,18.202,20825.0,duplicate,possible_idle_gt4h
job-7677f0ba22,LG-540,Print End,LG540_GLOSS_ONLY,18.202,19486.0,bad_time_or_dims_or_event,possible_idle_gt4h
job-7677f0ba22,LG-540,Print End,DUPLICATE_SUMMARY,18.202,17232.0,duplicate,possible_idle_gt4h
job-2b8f59dda3,LG-540,Print End,LG540_GLOSS_ONLY,18.202,15888.0,bad_time_or_dims_or_event,possible_idle_gt4h
job-2b8f59dda3,LG-540,Print End,DUPLICATE_SUMMARY,18.202,13724.0,duplicate,
job-2b8f59dda3,LG-540,New Job(Queue A),OTHER_EVENT:New Job(Queue A),0.803,,bad_time_or_dims_or_event,missing_print_times
job-7677f0ba22,LG-540,New Job(Queue A),OTHER_EVENT:New Job(Queue A),0.803,,bad_time_or_dims_or_event,missing_print_times
job-be37a52464,LG-540,New Job(Queue A),OTHER_EVENT:New Job(Queue A),0.803,,bad_time_or_dims_or_event,missing_print_times
job-e9a9147be3,LG-540,New Job(Queue A),OTHER_EVENT:New Job(Queue A),0.803,,bad_time_or_dims_or_event,missing_print_times
job-1d56fae9b4,LG-540,Print End,DUPLICATE_SUMMARY,18.202,11939.0,duplicate,
job-aa42413d1b,LG-540,Print End,DUPLICATE_SUMMARY,18.202,7981.0,duplicate,
job-aa42413d1b,LG-540,Print Canceled,CANCELED,18.202,36.0,canceled/failed,
job-aa42413d1b,LG-540,Print Canceled,CANCELED,18.202,36.0,canceled/failed,
job-aa42413d1b,LG-540,New Job(Queue A),OTHER_EVENT:New Job(Queue A),0.803,,bad_time_or_dims_or_event,missing_print_times
job-1d56fae9b4,LG-540,New Job(Queue A),OTHER_EVENT:New Job(Queue A),0.803,,bad_time_or_dims_or_event,missing_print_times
job-7d1ddc9cdb,LG-540,Print End,DUPLICATE_SUMMARY,18.202,4835.0,duplicate,
job-29c9fa4646,LG-540,Print End,DUPLICATE_SUMMARY,18.202,940.0,duplicate,
job-29c9fa4646,LG-540,New Job(Queue A),OTHER_EVENT:New Job(Queue A),0.803,,bad_time_or_dims_or_event,missing_print_times
job-7d1ddc9cdb,LG-540,New Job(Queue A),OTHER_EVENT:New Job(Queue A),0.803,,bad_time_or_dims_or_event,missing_print_times
job-ad87f05369,LG-540,Print End,LG540_GLOSS_ONLY,18.202,23819.0,bad_time_or_dims_or_event,possible_idle_gt4h
job-ad87f05369,LG-540,Print End,DUPLICATE_SUMMARY,18.202,21347.0,duplicate,possible_idle_gt4h
job-ad87f05369,LG-540,New Job(Queue A),OTHER_EVENT:New Job(Queue A),0.803,,bad_time_or_dims_or_event,missing_print_times
job-0c452797a4,LG-540,Print End,LG540_GLOSS_ONLY,18.202,33245.0,bad_time_or_dims_or_event,possible_idle_gt4h
job-0c452797a4,LG-540,Print End,DUPLICATE_SUMMARY,18.202,30872.0,duplicate,possible_idle_gt4h
job-0c452797a4,LG-540,Print End,DUPLICATE_SUMMARY,18.202,29464.0,duplicate,possible_idle_gt4h
job-0c452797a4,LG-540,Print End,DUPLICATE_SUMMARY,18.202,27298.0,duplicate,possible_idle_gt4h
job-0c452797a4,LG-540,Print End,DUPLICATE_SUMMARY,18.202,25901.0,duplicate,possible_idle_gt4h
job-0c452797a4,LG-540,Print End,DUPLICATE_SUMMARY,18.202,23683.0,duplicate,possible_idle_gt4h
job-0c452797a4,LG-540,Print End,DUPLICATE_SUMMARY,18.202,21982.0,duplicate,possible_idle_gt4h
job-0c452797a4,LG-540,Print End,DUPLICATE_SUMMARY,18.202,19469.0,duplicate,possible_idle_gt4h
job-0c452797a4,LG-540,Print End,DUPLICATE_SUMMARY,18.202,18115.0,duplicate,possible_idle_gt4h
job-0c452797a4,LG-540,Print End,DUPLICATE_SUMMARY,18.202,15949.0,duplicate,possible_idle_gt4h
job-0c452797a4,LG-540,Print End,DUPLICATE_SUMMARY,18.202,14531.0,duplicate,possible_idle_gt4h
job-0c452797a4,LG-540,Print End,DUPLICATE_SUMMARY,18.202,1120.0,duplicate,
job-0c452797a4,LG-540,Print Canceled,CANCELED,18.202,57742.0,canceled/failed,possible_idle_gt4h
job-0c452797a4,LG-540,Print Canceled,CANCELED,18.202,57742.0,canceled/failed,possible_idle_gt4h
job-0c452797a4,LG-540,Print Canceled,CANCELED,18.202,57742.0,canceled/failed,possible_idle_gt4h
job-0c452797a4,LG-540,Print Canceled,CANCELED,18.202,57742.0,canceled/failed,possible_idle_gt4h
job-0c452797a4,LG-540,Print Canceled,CANCELED,18.202,57742.0,canceled/failed,possible_idle_gt4h
job-0c452797a4,LG-540,Print Canceled,CANCELED,18.202,57742.0,canceled/failed,possible_idle_gt4h
job-0c452797a4,LG-540,Print Canceled,CANCELED,18.202,57743.0,canceled/failed,possible_idle_gt4h
job-0c452797a4,LG-540,Print Canceled,CANCELED,18.202,57743.0,canceled/failed,possible_idle_gt4h
job-0c452797a4,LG-540,Print Canceled,CANCELED,18.202,57743.0,canceled/failed,possible_idle_gt4h
job-0c452797a4,LG-540,Print Canceled,CANCELED,18.202,57743.0,canceled/failed,possible_idle_gt4h
job-0c452797a4,LG-540,Print Canceled,CANCELED,18.202,57743.0,canceled/failed,possible_idle_gt4h
job-0c452797a4,LG-540,Print Error,FAILED,18.202,57743.0,canceled/failed,possible_idle_gt4h
job-0c452797a4,LG-540,Print End,LG540_GLOSS_ONLY,18.202,51969.0,bad_time_or_dims_or_event,possible_idle_gt4h
job-0c452797a4,LG-540,Print End,DUPLICATE_SUMMARY,18.202,49672.0,duplicate,possible_idle_gt4h
job-0c452797a4,LG-540,Print End,DUPLICATE_SUMMARY,18.202,48318.0,duplicate,possible_idle_gt4h
job-0c452797a4,LG-540,Print End,DUPLICATE_SUMMARY,18.202,46017.0,duplicate,possible_idle_gt4h
job-0c452797a4,LG-540,Print End,DUPLICATE_SUMMARY,18.202,44670.0,duplicate,possible_idle_gt4h
job-0c452797a4,LG-540,Print End,DUPLICATE_SUMMARY,18.202,41908.0,duplicate,possible_idle_gt4h
job-0c452797a4,LG-540,Print End,DUPLICATE_SUMMARY,18.202,40554.0,duplicate,possible_idle_gt4h
job-0c452797a4,LG-540,Print End,DUPLICATE_SUMMARY,18.202,38254.0,duplicate,possible_idle_gt4h
job-02b859a0af,LG-540,Print End,LG540_GLOSS_ONLY,18.202,36914.0,bad_time_or_dims_or_event,possible_idle_gt4h
job-02b859a0af,LG-540,Print End,DUPLICATE_SUMMARY,18.202,34679.0,duplicate,possible_idle_gt4h
job-02b859a0af,LG-540,Print End,DUPLICATE_SUMMARY,18.202,33327.0,duplicate,possible_idle_gt4h
job-02b859a0af,LG-540,Print End,DUPLICATE_SUMMARY,18.202,30850.0,duplicate,possible_idle_gt4h
job-9ffd1fa8fb,LG-540,Print End,LG540_GLOSS_ONLY,18.202,29506.0,bad_time_or_dims_or_event,possible_idle_gt4h
job-9ffd1fa8fb,LG-540,Print End,DUPLICATE_SUMMARY,18.202,27202.0,duplicate,possible_idle_gt4h
job-9ffd1fa8fb,LG-540,Print End,DUPLICATE_SUMMARY,18.202,25851.0,duplicate,possible_idle_gt4h
job-9ffd1fa8fb,LG-540,Print End,DUPLICATE_SUMMARY,18.202,23597.0,duplicate,possible_idle_gt4h
job-799bd32da2,LG-540,Print End,LG540_GLOSS_ONLY,18.202,22252.0,bad_time_or_dims_or_event,possible_idle_gt4h
job-799bd32da2,LG-540,Print End,DUPLICATE_SUMMARY,18.202,19380.0,duplicate,possible_idle_gt4h
job-799bd32da2,LG-540,Print End,DUPLICATE_SUMMARY,18.202,17946.0,duplicate,possible_idle_gt4h
job-799bd32da2,LG-540,Print End,DUPLICATE_SUMMARY,18.202,15644.0,duplicate,possible_idle_gt4h
job-d8a40a7441,LG-540,Print End,DUPLICATE_SUMMARY,18.202,11995.0,duplicate,
job-d8a40a7441,LG-540,Print End,DUPLICATE_SUMMARY,18.202,10644.0,duplicate,
job-d8a40a7441,LG-540,Print End,DUPLICATE_SUMMARY,18.202,8165.0,duplicate,
job-5869ccf4e0,LG-540,Print End,DUPLICATE_SUMMARY,18.202,4429.0,duplicate,
job-5869ccf4e0,LG-540,Print End,DUPLICATE_SUMMARY,18.202,3078.0,duplicate,
job-5869ccf4e0,LG-540,Print End,DUPLICATE_SUMMARY,18.202,909.0,duplicate,
job-0c452797a4,LG-540,Print Canceled,CANCELED,18.202,362.0,canceled/failed,
job-0c452797a4,LG-540,Print Canceled,CANCELED,18.202,362.0,canceled/failed,
job-0c452797a4,LG-540,Print Canceled,CANCELED,18.202,362.0,canceled/failed,
job-0c452797a4,LG-540,Print Canceled,CANCELED,18.202,362.0,canceled/failed,
job-0c452797a4,LG-540,Print Canceled,CANCELED,18.202,362.0,canceled/failed,
job-0c452797a4,LG-540,Print Canceled,CANCELED,18.202,362.0,canceled/failed,
job-0c452797a4,LG-540,Print Canceled,CANCELED,18.202,362.0,canceled/failed,
job-0c452797a4,LG-540,Print Canceled,CANCELED,18.202,362.0,canceled/failed,
job-0c452797a4,LG-540,Print Canceled,CANCELED,18.202,362.0,canceled/failed,
job-0c452797a4,LG-540,Print Canceled,CANCELED,18.202,362.0,canceled/failed,
job-0c452797a4,LG-540,Print Canceled,CANCELED,18.202,361.0,canceled/failed,
job-0c452797a4,LG-540,Print Canceled,CANCELED,18.202,361.0,canceled/failed,
job-0c452797a4,LG-540,Print Canceled,CANCELED,18.202,361.0,canceled/failed,
job-0c452797a4,LG-540,Print Canceled,CANCELED,18.202,361.0,canceled/failed,
job-0c452797a4,LG-540,Print Canceled,CANCELED,18.202,361.0,canceled/failed,
job-0c452797a4,LG-540,Print Canceled,CANCELED,18.202,361.0,canceled/failed,
job-0c452797a4,LG-540,Print Canceled,CANCELED,18.202,361.0,canceled/failed,
job-0c452797a4,LG-540,Print Canceled,CANCELED,18.202,361.0,canceled/failed,
job-0c452797a4,LG-540,Print Canceled,CANCELED,18.202,361.0,canceled/failed,
job-0c452797a4,LG-540,Print Canceled,CANCELED,18.202,361.0,canceled/failed,
job-5869ccf4e0,LG-540,Print Canceled,CANCELED,18.202,371.0,canceled/failed,
job-5869ccf4e0,LG-540,Print Canceled,CANCELED,18.202,371.0,canceled/failed,
job-0c452797a4,LG-540,New Job(Queue A),OTHER_EVENT:New Job(Queue A),0.803,,bad_time_or_dims_or_event,missing_print_times
job-02b859a0af,LG-540,Print Canceled,CANCELED,18.202,2784.0,canceled/failed,
job-02b859a0af,LG-540,Print Canceled,CANCELED,18.202,2784.0,canceled/failed,
job-02b859a0af,LG-540,Print Canceled,CANCELED,18.202,2784.0,canceled/failed,
job-02b859a0af,LG-540,Print Canceled,CANCELED,18.202,2784.0,canceled/failed,
job-9ffd1fa8fb,LG-540,Print Canceled,CANCELED,18.202,2825.0,canceled/failed,
job-9ffd1fa8fb,LG-540,Print Canceled,CANCELED,18.202,2825.0,canceled/failed,
job-9ffd1fa8fb,LG-540,Print Canceled,CANCELED,18.202,2825.0,canceled/failed,
job-9ffd1fa8fb,LG-540,Print Canceled,CANCELED,18.202,2825.0,canceled/failed,
job-799bd32da2,LG-540,Print Canceled,CANCELED,18.202,2872.0,canceled/failed,
job-799bd32da2,LG-540,Print Canceled,CANCELED,18.202,2872.0,canceled/failed,
job-799bd32da2,LG-540,Print Canceled,CANCELED,18.202,2872.0,canceled/failed,
job-799bd32da2,LG-540,Print Canceled,CANCELED,18.202,2872.0,canceled/failed,
job-799bd32da2,LG-540,New Job(Queue A),OTHER_EVENT:New Job(Queue A),0.803,,bad_time_or_dims_or_event,missing_print_times
job-9ffd1fa8fb,LG-540,New Job(Queue A),OTHER_EVENT:New Job(Queue A),0.803,,bad_time_or_dims_or_event,missing_print_times
job-02b859a0af,LG-540,New Job(Queue A),OTHER_EVENT:New Job(Queue A),0.803,,bad_time_or_dims_or_event,missing_print_times
job-d8a40a7441,LG-540,Print Canceled,CANCELED,18.202,3806.0,canceled/failed,
job-d8a40a7441,LG-540,Print Canceled,CANCELED,18.202,3806.0,canceled/failed,
job-d8a40a7441,LG-540,Print Canceled,CANCELED,18.202,3806.0,canceled/failed,
job-d8a40a7441,LG-540,Print Canceled,CANCELED,18.202,3809.0,canceled/failed,
job-d8a40a7441,LG-540,New Job(Queue A),OTHER_EVENT:New Job(Queue A),0.803,,bad_time_or_dims_or_event,missing_print_times
job-5869ccf4e0,LG-540,Print End,DUPLICATE_SUMMARY,18.202,935.0,duplicate,
job-5869ccf4e0,LG-540,New Job(Queue A),OTHER_EVENT:New Job(Queue A),0.803,,bad_time_or_dims_or_event,missing_print_times
job-5869ccf4e0,LG-540,New Job(Queue A),OTHER_EVENT:New Job(Queue A),0.803,,bad_time_or_dims_or_event,missing_print_times
job-4d788bf888,LG-540,Print Canceled,CANCELED,18.202,3.0,canceled/failed,
job-4d788bf888,LG-540,Print Canceled,CANCELED,18.202,3.0,canceled/failed,
job-4d788bf888,LG-540,New Job(Queue A),OTHER_EVENT:New Job(Queue A),0.803,,bad_time_or_dims_or_event,missing_print_times
job-4d788bf888,LG-540,New Job(Queue A),OTHER_EVENT:New Job(Queue A),0.803,,bad_time_or_dims_or_event,missing_print_times
job-123b1fa48a,LG-540,Print End,DUPLICATE_SUMMARY,18.203,2618.0,duplicate,
job-123b1fa48a,LG-540,New Job(Queue A),OTHER_EVENT:New Job(Queue A),0.803,,bad_time_or_dims_or_event,missing_print_times
job-27914e5294,LG-540,Print End,DUPLICATE_SUMMARY,17.427,1044.0,duplicate,
job-d935dc101c,LG-540,New Job(Queue A),OTHER_EVENT:New Job(Queue A),0.526,,bad_time_or_dims_or_event,missing_print_times
job-879f303032,LG-540,New Job(Queue A),OTHER_EVENT:New Job(Queue A),0.526,,bad_time_or_dims_or_event,missing_print_times
job-60944a1c3f,LG-540,Print End,LG540_GLOSS_ONLY,18.202,64717.0,bad_time_or_dims_or_event,possible_idle_gt4h
job-60944a1c3f,LG-540,Print End,DUPLICATE_SUMMARY,18.202,62553.0,duplicate,possible_idle_gt4h
job-60944a1c3f,LG-540,Print End,DUPLICATE_SUMMARY,18.202,61194.0,duplicate,possible_idle_gt4h
job-60944a1c3f,LG-540,Print End,DUPLICATE_SUMMARY,18.202,57821.0,duplicate,possible_idle_gt4h
job-2b2132758a,LG-540,Print End,LG540_GLOSS_ONLY,18.202,56401.0,bad_time_or_dims_or_event,possible_idle_gt4h
job-2b2132758a,LG-540,Print End,DUPLICATE_SUMMARY,18.202,53605.0,duplicate,possible_idle_gt4h
job-2b2132758a,LG-540,Print End,DUPLICATE_SUMMARY,18.202,52249.0,duplicate,possible_idle_gt4h
job-2b2132758a,LG-540,Print End,DUPLICATE_SUMMARY,18.202,50086.0,duplicate,possible_idle_gt4h
job-73d33e8c28,LG-540,Print End,LG540_GLOSS_ONLY,18.202,48742.0,bad_time_or_dims_or_event,possible_idle_gt4h
job-73d33e8c28,LG-540,Print End,DUPLICATE_SUMMARY,18.202,46193.0,duplicate,possible_idle_gt4h
job-73d33e8c28,LG-540,Print End,DUPLICATE_SUMMARY,18.202,44710.0,duplicate,possible_idle_gt4h
job-73d33e8c28,LG-540,Print End,DUPLICATE_SUMMARY,18.202,42456.0,duplicate,possible_idle_gt4h
job-7a0a3cacdb,LG-540,Print End,LG540_GLOSS_ONLY,18.202,41105.0,bad_time_or_dims_or_event,possible_idle_gt4h
job-7a0a3cacdb,LG-540,Print End,DUPLICATE_SUMMARY,18.202,38857.0,duplicate,possible_idle_gt4h
job-7a0a3cacdb,LG-540,Print End,DUPLICATE_SUMMARY,18.202,37155.0,duplicate,possible_idle_gt4h
job-7a0a3cacdb,LG-540,Print End,DUPLICATE_SUMMARY,18.202,34680.0,duplicate,possible_idle_gt4h
job-83d7c396e5,LG-540,Print End,LG540_GLOSS_ONLY,18.202,33261.0,bad_time_or_dims_or_event,possible_idle_gt4h
job-83d7c396e5,LG-540,Print End,DUPLICATE_SUMMARY,18.202,30894.0,duplicate,possible_idle_gt4h
job-83d7c396e5,LG-540,Print End,DUPLICATE_SUMMARY,18.202,29539.0,duplicate,possible_idle_gt4h
job-83d7c396e5,LG-540,Print End,DUPLICATE_SUMMARY,18.202,27376.0,duplicate,possible_idle_gt4h
job-ad87f05369,LG-540,Print End,LG540_GLOSS_ONLY,18.202,25970.0,bad_time_or_dims_or_event,possible_idle_gt4h
job-ad87f05369,LG-540,Print End,DUPLICATE_SUMMARY,18.202,23406.0,duplicate,possible_idle_gt4h
job-ad87f05369,LG-540,Print End,DUPLICATE_SUMMARY,18.202,21922.0,duplicate,possible_idle_gt4h
job-ad87f05369,LG-540,Print End,DUPLICATE_SUMMARY,18.202,19687.0,duplicate,possible_idle_gt4h
job-ad87f05369,LG-540,Print End,DUPLICATE_SUMMARY,18.202,18122.0,duplicate,possible_idle_gt4h
job-ad87f05369,LG-540,Print End,DUPLICATE_SUMMARY,18.202,15956.0,duplicate,possible_idle_gt4h
job-ad87f05369,LG-540,Print End,DUPLICATE_SUMMARY,18.202,14252.0,duplicate,
job-ad87f05369,LG-540,Print End,DUPLICATE_SUMMARY,18.202,11719.0,duplicate,
job-ad87f05369,LG-540,Print End,DUPLICATE_SUMMARY,18.202,10236.0,duplicate,
job-ad87f05369,LG-540,Print End,DUPLICATE_SUMMARY,18.202,8072.0,duplicate,
job-ad87f05369,LG-540,Print End,DUPLICATE_SUMMARY,18.202,6718.0,duplicate,
job-ad87f05369,LG-540,Print End,DUPLICATE_SUMMARY,18.202,4552.0,duplicate,
job-ad87f05369,LG-540,Print End,DUPLICATE_SUMMARY,18.202,3207.0,duplicate,
job-ad87f05369,LG-540,Print End,DUPLICATE_SUMMARY,18.202,907.0,duplicate,
job-60944a1c3f,LG-540,Print Canceled,CANCELED,18.202,18538.0,canceled/failed,possible_idle_gt4h
job-60944a1c3f,LG-540,Print Canceled,CANCELED,18.202,18538.0,canceled/failed,possible_idle_gt4h
job-60944a1c3f,LG-540,Print Canceled,CANCELED,18.202,18538.0,canceled/failed,possible_idle_gt4h
job-60944a1c3f,LG-540,Print Canceled,CANCELED,18.202,18538.0,canceled/failed,possible_idle_gt4h
job-2b2132758a,LG-540,Print Canceled,CANCELED,18.202,18538.0,canceled/failed,possible_idle_gt4h
job-2b2132758a,LG-540,Print Canceled,CANCELED,18.202,18538.0,canceled/failed,possible_idle_gt4h
job-2b2132758a,LG-540,Print Canceled,CANCELED,18.202,18538.0,canceled/failed,possible_idle_gt4h
job-2b2132758a,LG-540,Print Canceled,CANCELED,18.202,18538.0,canceled/failed,possible_idle_gt4h
job-73d33e8c28,LG-540,Print Canceled,CANCELED,18.202,18538.0,canceled/failed,possible_idle_gt4h
job-73d33e8c28,LG-540,Print Canceled,CANCELED,18.202,18538.0,canceled/failed,possible_idle_gt4h
job-73d33e8c28,LG-540,Print Canceled,CANCELED,18.202,18538.0,canceled/failed,possible_idle_gt4h
job-73d33e8c28,LG-540,Print Canceled,CANCELED,18.202,18537.0,canceled/failed,possible_idle_gt4h
job-7a0a3cacdb,LG-540,Print Canceled,CANCELED,18.202,18537.0,canceled/failed,possible_idle_gt4h
job-7a0a3cacdb,LG-540,Print Canceled,CANCELED,18.202,18537.0,canceled/failed,possible_idle_gt4h
job-7a0a3cacdb,LG-540,Print Canceled,CANCELED,18.202,18537.0,canceled/failed,possible_idle_gt4h
job-7a0a3cacdb,LG-540,Print Canceled,CANCELED,18.202,18537.0,canceled/failed,possible_idle_gt4h
job-83d7c396e5,LG-540,Print Canceled,CANCELED,18.202,18537.0,canceled/failed,possible_idle_gt4h
job-83d7c396e5,LG-540,Print Canceled,CANCELED,18.202,18538.0,canceled/failed,possible_idle_gt4h
job-83d7c396e5,LG-540,Print Canceled,CANCELED,18.202,18538.0,canceled/failed,possible_idle_gt4h
job-83d7c396e5,LG-540,Print Canceled,CANCELED,18.202,18538.0,canceled/failed,possible_idle_gt4h
job-83d7c396e5,LG-540,New Job(Queue A),OTHER_EVENT:New Job(Queue A),0.803,,bad_time_or_dims_or_event,missing_print_times
job-7a0a3cacdb,LG-540,New Job(Queue A),OTHER_EVENT:New Job(Queue A),0.803,,bad_time_or_dims_or_event,missing_print_times
job-73d33e8c28,LG-540,New Job(Queue A),OTHER_EVENT:New Job(Queue A),0.803,,bad_time_or_dims_or_event,missing_print_times
job-2b2132758a,LG-540,New Job(Queue A),OTHER_EVENT:New Job(Queue A),0.803,,bad_time_or_dims_or_event,missing_print_times
job-60944a1c3f,LG-540,New Job(Queue A),OTHER_EVENT:New Job(Queue A),0.803,,bad_time_or_dims_or_event,missing_print_times
job-ad87f05369,LG-540,Print Canceled,CANCELED,18.202,18882.0,canceled/failed,possible_idle_gt4h
job-ad87f05369,LG-540,Print Canceled,CANCELED,18.202,18882.0,canceled/failed,possible_idle_gt4h
job-ad87f05369,LG-540,Print Canceled,CANCELED,18.202,18882.0,canceled/failed,possible_idle_gt4h
job-ad87f05369,LG-540,Print Canceled,CANCELED,18.202,18882.0,canceled/failed,possible_idle_gt4h
job-ad87f05369,LG-540,Print Canceled,CANCELED,18.202,18882.0,canceled/failed,possible_idle_gt4h
job-ad87f05369,LG-540,Print Canceled,CANCELED,18.202,18882.0,canceled/failed,possible_idle_gt4h
job-ad87f05369,LG-540,Print Canceled,CANCELED,18.202,18882.0,canceled/failed,possible_idle_gt4h
job-ad87f05369,LG-540,Print Canceled,CANCELED,18.202,18882.0,canceled/failed,possible_idle_gt4h
job-ad87f05369,LG-540,Print Canceled,CANCELED,18.202,18882.0,canceled/failed,possible_idle_gt4h
job-ad87f05369,LG-540,Print Canceled,CANCELED,18.202,18882.0,canceled/failed,possible_idle_gt4h
job-ad87f05369,LG-540,Print Canceled,CANCELED,18.202,18882.0,canceled/failed,possible_idle_gt4h
job-ad87f05369,LG-540,Print Canceled,CANCELED,18.202,18883.0,canceled/failed,possible_idle_gt4h
job-ad87f05369,LG-540,Print Canceled,CANCELED,18.202,18901.0,canceled/failed,possible_idle_gt4h
job-ad87f05369,LG-540,Print Canceled,CANCELED,18.202,18623.0,canceled/failed,possible_idle_gt4h
job-ad87f05369,LG-540,Print End,DUPLICATE_SUMMARY,18.202,10343.0,duplicate,
job-ad87f05369,LG-540,Print End,DUPLICATE_SUMMARY,18.202,8910.0,duplicate,
job-ad87f05369,LG-540,Print End,DUPLICATE_SUMMARY,18.202,6610.0,duplicate,
job-ad87f05369,LG-540,Print End,DUPLICATE_SUMMARY,18.202,3323.0,duplicate,
job-ad87f05369,LG-540,Print End,DUPLICATE_SUMMARY,18.202,1072.0,duplicate,
job-ad87f05369,LG-540,Print Canceled,CANCELED,18.202,56445.0,canceled/failed,possible_idle_gt4h
job-ad87f05369,LG-540,Print Canceled,CANCELED,18.202,56445.0,canceled/failed,possible_idle_gt4h
job-ad87f05369,LG-540,Print Canceled,CANCELED,18.202,56445.0,canceled/failed,possible_idle_gt4h
job-ad87f05369,LG-540,Print Canceled,CANCELED,18.202,56445.0,canceled/failed,possible_idle_gt4h
job-ad87f05369,LG-540,Print Canceled,CANCELED,18.202,56445.0,canceled/failed,possible_idle_gt4h
job-ad87f05369,LG-540,Print Canceled,CANCELED,18.202,56445.0,canceled/failed,possible_idle_gt4h
job-ad87f05369,LG-540,Print Canceled,CANCELED,18.202,56445.0,canceled/failed,possible_idle_gt4h
job-ad87f05369,LG-540,Print Canceled,CANCELED,18.202,56444.0,canceled/failed,possible_idle_gt4h
job-ad87f05369,LG-540,Print Canceled,CANCELED,18.202,56444.0,canceled/failed,possible_idle_gt4h
job-ad87f05369,LG-540,Print Canceled,CANCELED,18.202,56444.0,canceled/failed,possible_idle_gt4h
job-ad87f05369,LG-540,Print Canceled,CANCELED,18.202,56444.0,canceled/failed,possible_idle_gt4h
job-ad87f05369,LG-540,Print Canceled,CANCELED,18.202,56444.0,canceled/failed,possible_idle_gt4h
job-ad87f05369,LG-540,Print Canceled,CANCELED,18.202,56444.0,canceled/failed,possible_idle_gt4h
job-ad87f05369,LG-540,Print Canceled,CANCELED,18.202,56444.0,canceled/failed,possible_idle_gt4h
job-ad87f05369,LG-540,Print Canceled,CANCELED,18.202,56444.0,canceled/failed,possible_idle_gt4h
job-ad87f05369,LG-540,Print Canceled,CANCELED,18.202,56444.0,canceled/failed,possible_idle_gt4h
job-ad87f05369,LG-540,Print Canceled,CANCELED,18.202,56444.0,canceled/failed,possible_idle_gt4h
job-ad87f05369,LG-540,Print Canceled,CANCELED,18.202,56444.0,canceled/failed,possible_idle_gt4h
job-ad87f05369,LG-540,Print Canceled,CANCELED,18.202,56444.0,canceled/failed,possible_idle_gt4h
job-ad87f05369,LG-540,Print Canceled,CANCELED,18.202,56444.0,canceled/failed,possible_idle_gt4h
job-83d7c396e5,LG-540,Print Canceled,CANCELED,18.202,56465.0,canceled/failed,possible_idle_gt4h
job-83d7c396e5,LG-540,Print Canceled,CANCELED,18.202,56465.0,canceled/failed,possible_idle_gt4h
job-83d7c396e5,LG-540,Print Canceled,CANCELED,18.202,56465.0,canceled/failed,possible_idle_gt4h
job-83d7c396e5,LG-540,Print Canceled,CANCELED,18.202,56465.0,canceled/failed,possible_idle_gt4h
job-60944a1c3f,LG-540,Print Canceled,CANCELED,18.202,56489.0,canceled/failed,possible_idle_gt4h
job-60944a1c3f,LG-540,Print Canceled,CANCELED,18.202,56489.0,canceled/failed,possible_idle_gt4h
job-60944a1c3f,LG-540,Print Canceled,CANCELED,18.202,56489.0,canceled/failed,possible_idle_gt4h
job-60944a1c3f,LG-540,Print Canceled,CANCELED,18.202,56489.0,canceled/failed,possible_idle_gt4h
job-2b2132758a,LG-540,Print Canceled,CANCELED,18.202,56506.0,canceled/failed,possible_idle_gt4h
job-2b2132758a,LG-540,Print Canceled,CANCELED,18.202,56506.0,canceled/failed,possible_idle_gt4h
job-2b2132758a,LG-540,Print Canceled,CANCELED,18.202,56506.0,canceled/failed,possible_idle_gt4h
job-2b2132758a,LG-540,Print Canceled,CANCELED,18.202,56506.0,canceled/failed,possible_idle_gt4h
job-73d33e8c28,LG-540,Print Canceled,CANCELED,18.202,56530.0,canceled/failed,possible_idle_gt4h
job-73d33e8c28,LG-540,Print Canceled,CANCELED,18.202,56530.0,canceled/failed,possible_idle_gt4h
job-73d33e8c28,LG-540,Print Canceled,CANCELED,18.202,57442.0,canceled/failed,possible_idle_gt4h
job-73d33e8c28,LG-540,Print Canceled,CANCELED,18.202,56520.0,canceled/failed,possible_idle_gt4h
job-7a0a3cacdb,LG-540,Print Canceled,CANCELED,18.202,56585.0,canceled/failed,possible_idle_gt4h
job-7a0a3cacdb,LG-540,Print End,DUPLICATE_SUMMARY,18.202,11622.0,duplicate,
job-7a0a3cacdb,LG-540,Print End,DUPLICATE_SUMMARY,18.202,9148.0,duplicate,
job-7a0a3cacdb,LG-540,New Job(Queue A),OTHER_EVENT:New Job(Queue A),0.803,,bad_time_or_dims_or_event,missing_print_times
job-ad87f05369,LG-540,New Job(Queue A),OTHER_EVENT:New Job(Queue A),0.803,,bad_time_or_dims_or_event,missing_print_times
job-73d33e8c28,LG-540,New Job(Queue A),OTHER_EVENT:New Job(Queue A),0.803,,bad_time_or_dims_or_event,missing_print_times
job-2b2132758a,LG-540,New Job(Queue A),OTHER_EVENT:New Job(Queue A),0.803,,bad_time_or_dims_or_event,missing_print_times
job-60944a1c3f,LG-540,New Job(Queue A),OTHER_EVENT:New Job(Queue A),0.803,,bad_time_or_dims_or_event,missing_print_times
job-83d7c396e5,LG-540,New Job(Queue A),OTHER_EVENT:New Job(Queue A),0.803,,bad_time_or_dims_or_event,missing_print_times
job-4e9a5c4de9,LG-540,Print End,LG540_GLOSS_ONLY,18.202,22914.0,bad_time_or_dims_or_event,possible_idle_gt4h
job-4e9a5c4de9,LG-540,Print End,DUPLICATE_SUMMARY,18.202,19216.0,duplicate,possible_idle_gt4h
job-4e9a5c4de9,LG-540,New Job(Queue A),OTHER_EVENT:New Job(Queue A),0.803,,bad_time_or_dims_or_event,missing_print_times
job-f6c3305972,LG-540,Print End,LG540_GLOSS_ONLY,18.202,18599.0,bad_time_or_dims_or_event,possible_idle_gt4h
job-f6c3305972,LG-540,Print End,DUPLICATE_SUMMARY,18.202,15135.0,duplicate,possible_idle_gt4h
job-f6c3305972,LG-540,New Job(Queue A),OTHER_EVENT:New Job(Queue A),0.803,,bad_time_or_dims_or_event,missing_print_times
job-123b1fa48a,LG-540,Print End,LG540_GLOSS_ONLY,18.202,21361.0,bad_time_or_dims_or_event,possible_idle_gt4h
job-123b1fa48a,LG-540,Print End,DUPLICATE_SUMMARY,18.202,17884.0,duplicate,possible_idle_gt4h
job-449278b9e6,LG-540,Print End,LG540_GLOSS_ONLY,18.202,16188.0,bad_time_or_dims_or_event,possible_idle_gt4h
job-449278b9e6,LG-540,Print End,DUPLICATE_SUMMARY,18.202,12710.0,duplicate,
job-449278b9e6,LG-540,New Job(Queue A),OTHER_EVENT:New Job(Queue A),0.803,,bad_time_or_dims_or_event,missing_print_times
job-123b1fa48a,LG-540,New Job(Queue A),OTHER_EVENT:New Job(Queue A),0.803,,bad_time_or_dims_or_event,missing_print_times
job-75bb3a58aa,LG-540,Print End,DUPLICATE_SUMMARY,18.202,9268.0,duplicate,
job-af076b3c6d,LG-540,Print End,DUPLICATE_SUMMARY,18.202,5816.0,duplicate,
job-543bac7c80,LG-540,Print End,DUPLICATE_SUMMARY,18.202,1049.0,duplicate,
job-543bac7c80,LG-540,Print Canceled,CANCELED,18.202,80.0,canceled/failed,
job-543bac7c80,LG-540,Print Start,OTHER_EVENT:Print Start,18.202,,bad_time_or_dims_or_event,missing_print_times
job-af076b3c6d,LG-540,New Job(Queue A),OTHER_EVENT:New Job(Queue A),0.803,,bad_time_or_dims_or_event,missing_print_times
job-75bb3a58aa,LG-540,New Job(Queue A),OTHER_EVENT:New Job(Queue A),0.803,,bad_time_or_dims_or_event,missing_print_times
job-543bac7c80,LG-540,Print Canceled,CANCELED,18.202,642.0,canceled/failed,
job-543bac7c80,LG-540,Print Error,FAILED,18.202,642.0,canceled/failed,
job-543bac7c80,LG-540,New Job(Queue A),OTHER_EVENT:New Job(Queue A),0.803,,bad_time_or_dims_or_event,missing_print_times
job-af076b3c6d,LG-540,Print Canceled,CANCELED,18.202,23.0,canceled/failed,
job-af076b3c6d,LG-540,Print Start,OTHER_EVENT:Print Start,18.202,,bad_time_or_dims_or_event,missing_print_times
job-123b1fa48a,LG-540,Print Start,OTHER_EVENT:Print Start,18.202,,bad_time_or_dims_or_event,missing_print_times
job-123b1fa48a,LG-540,Print Start,OTHER_EVENT:Print Start,18.202,,bad_time_or_dims_or_event,missing_print_times
job-449278b9e6,LG-540,Print Start,OTHER_EVENT:Print Start,18.202,,bad_time_or_dims_or_event,missing_print_times
job-449278b9e6,LG-540,Print Start,OTHER_EVENT:Print Start,18.202,,bad_time_or_dims_or_event,missing_print_times
job-75bb3a58aa,LG-540,Print Start,OTHER_EVENT:Print Start,18.202,,bad_time_or_dims_or_event,missing_print_times
job-75bb3a58aa,LG-540,Print Start,OTHER_EVENT:Print Start,18.202,,bad_time_or_dims_or_event,missing_print_times
job-af076b3c6d,LG-540,Print Start,OTHER_EVENT:Print Start,18.202,,bad_time_or_dims_or_event,missing_print_times
job-af076b3c6d,LG-540,Print Start,OTHER_EVENT:Print Start,18.202,,bad_time_or_dims_or_event,missing_print_times
job-543bac7c80,LG-540,Print Canceled,CANCELED,18.202,451.0,canceled/failed,
job-543bac7c80,LG-540,Print Start,OTHER_EVENT:Print Start,18.202,,bad_time_or_dims_or_event,missing_print_times
job-123b1fa48a,LG-540,Print Canceled,CANCELED,18.202,2406.0,canceled/failed,
job-123b1fa48a,LG-540,Print Canceled,CANCELED,18.202,2406.0,canceled/failed,
job-449278b9e6,LG-540,Print Canceled,CANCELED,18.202,2409.0,canceled/failed,
job-449278b9e6,LG-540,Print Canceled,CANCELED,18.202,2409.0,canceled/failed,
job-75bb3a58aa,LG-540,Print Canceled,CANCELED,18.202,2412.0,canceled/failed,
job-75bb3a58aa,LG-540,Print Canceled,CANCELED,18.202,2412.0,canceled/failed,
job-af076b3c6d,LG-540,Print Canceled,CANCELED,18.202,2416.0,canceled/failed,
job-af076b3c6d,LG-540,Print Canceled,CANCELED,18.202,2416.0,canceled/failed,
job-543bac7c80,LG-540,Print Canceled,CANCELED,18.202,2420.0,canceled/failed,
job-543bac7c80,LG-540,Print Start,OTHER_EVENT:Print Start,18.202,,bad_time_or_dims_or_event,missing_print_times
job-123b1fa48a,LG-540,Print Canceled,CANCELED,18.202,33582.0,canceled/failed,possible_idle_gt4h
job-123b1fa48a,LG-540,Print Canceled,CANCELED,18.202,33582.0,canceled/failed,possible_idle_gt4h
job-449278b9e6,LG-540,Print Canceled,CANCELED,18.202,33583.0,canceled/failed,possible_idle_gt4h
job-449278b9e6,LG-540,Print Canceled,CANCELED,18.202,33583.0,canceled/failed,possible_idle_gt4h
job-123b1fa48a,LG-540,New Job(Queue A),OTHER_EVENT:New Job(Queue A),0.803,,bad_time_or_dims_or_event,missing_print_times
job-449278b9e6,LG-540,New Job(Queue A),OTHER_EVENT:New Job(Queue A),0.803,,bad_time_or_dims_or_event,missing_print_times
job-e3b0c44298,LG-540,Error,FAILED,0.0,,canceled/failed,nonpositive_dims|missing_print_times|missing_copies
job-75bb3a58aa,LG-540,Print Canceled,CANCELED,18.202,34848.0,canceled/failed,possible_idle_gt4h
job-75bb3a58aa,LG-540,Print Canceled,CANCELED,18.202,34848.0,canceled/failed,possible_idle_gt4h
job-af076b3c6d,LG-540,Print Canceled,CANCELED,18.202,34848.0,canceled/failed,possible_idle_gt4h
job-af076b3c6d,LG-540,Print Canceled,CANCELED,18.202,34847.0,canceled/failed,possible_idle_gt4h
job-af076b3c6d,LG-540,New Job(Queue A),OTHER_EVENT:New Job(Queue A),0.803,,bad_time_or_dims_or_event,missing_print_times
job-75bb3a58aa,LG-540,New Job(Queue A),OTHER_EVENT:New Job(Queue A),0.803,,bad_time_or_dims_or_event,missing_print_times
job-543bac7c80,LG-540,Print Error,FAILED,18.202,36229.0,canceled/failed,possible_idle_gt4h
job-543bac7c80,LG-540,New Job(Queue A),OTHER_EVENT:New Job(Queue A),0.803,,bad_time_or_dims_or_event,missing_print_times
job-e3b0c44298,LG-540,Error,FAILED,0.0,,canceled/failed,nonpositive_dims|missing_print_times|missing_copies
job-6e9e83fa59,LG-540,Print End,DUPLICATE_SUMMARY,18.202,1123.0,duplicate,
job-6e9e83fa59,LG-540,New Job(Queue A),OTHER_EVENT:New Job(Queue A),0.803,,bad_time_or_dims_or_event,missing_print_times
job-88eb09bf6e,LG-540,Print End,LG540_GLOSS_ONLY,15.312,14419.0,bad_time_or_dims_or_event,possible_idle_gt4h
job-88eb09bf6e,LG-540,Print End,DUPLICATE_SUMMARY,15.312,13532.0,duplicate,
job-c2364036e6,LG-540,Print End,DUPLICATE_SUMMARY,20.415,10833.0,duplicate,
job-b40b3c1146,LG-540,Print End,DUPLICATE_SUMMARY,20.415,8473.0,duplicate,
job-3235d6bb90,LG-540,Print End,DUPLICATE_SUMMARY,20.415,5954.0,duplicate,
job-ba2aa32ff3,LG-540,Print End,DUPLICATE_SUMMARY,20.415,3459.0,duplicate,
job-1fc214962e,LG-540,RIP End,OTHER_EVENT:RIP End,20.415,,bad_time_or_dims_or_event,missing_print_times
job-1fc214962e,LG-540,RIP End,OTHER_EVENT:RIP End,20.415,,bad_time_or_dims_or_event,missing_print_times
job-1eac7a920c,LG-540,Print End,DUPLICATE_SUMMARY,20.415,1133.0,duplicate,
job-be9caa0c37,LG-540,New Job(Queue A),OTHER_EVENT:New Job(Queue A),3.467,,bad_time_or_dims_or_event,missing_print_times
job-ffac9e2bbd,LG-540,New Job(Queue A),OTHER_EVENT:New Job(Queue A),3.467,,bad_time_or_dims_or_event,missing_print_times
job-7759889ea8,LG-540,New Job(Queue A),OTHER_EVENT:New Job(Queue A),3.467,,bad_time_or_dims_or_event,missing_print_times
job-5afa282379,LG-540,New Job(Queue A),OTHER_EVENT:New Job(Queue A),3.467,,bad_time_or_dims_or_event,missing_print_times
job-3b26fcc898,LG-540,New Job(Queue A),OTHER_EVENT:New Job(Queue A),3.467,,bad_time_or_dims_or_event,missing_print_times
job-3c6b657dfc,LG-540,New Job(Queue A),OTHER_EVENT:New Job(Queue A),3.467,,bad_time_or_dims_or_event,missing_print_times
job-b30dff07ae,LG-540,New Job(Queue A),OTHER_EVENT:New Job(Queue A),3.467,,bad_time_or_dims_or_event,missing_print_times
job-47f568865e,LG-540,New Job(Queue A),OTHER_EVENT:New Job(Queue A),3.467,,bad_time_or_dims_or_event,missing_print_times
job-a12008cd9e,LG-540,New Job(Queue A),OTHER_EVENT:New Job(Queue A),3.467,,bad_time_or_dims_or_event,missing_print_times
job-1d19f9f60a,LG-540,New Job(Queue A),OTHER_EVENT:New Job(Queue A),3.467,,bad_time_or_dims_or_event,missing_print_times
job-18846714bd,LG-540,New Job(Queue A),OTHER_EVENT:New Job(Queue A),3.467,,bad_time_or_dims_or_event,missing_print_times
job-4571817b05,LG-540,New Job(Queue A),OTHER_EVENT:New Job(Queue A),3.467,,bad_time_or_dims_or_event,missing_print_times
job-70af9f8eca,LG-540,New Job(Queue A),OTHER_EVENT:New Job(Queue A),3.467,,bad_time_or_dims_or_event,missing_print_times
job-19fb9e77b5,LG-540,New Job(Queue A),OTHER_EVENT:New Job(Queue A),3.467,,bad_time_or_dims_or_event,missing_print_times
job-dac492e182,LG-540,New Job(Queue A),OTHER_EVENT:New Job(Queue A),3.467,,bad_time_or_dims_or_event,missing_print_times
job-d8eac62d22,LG-540,New Job(Queue A),OTHER_EVENT:New Job(Queue A),3.467,,bad_time_or_dims_or_event,missing_print_times
job-5b0ca852f2,LG-540,New Job(Queue A),OTHER_EVENT:New Job(Queue A),3.467,,bad_time_or_dims_or_event,missing_print_times
job-3fff6474d6,LG-540,New Job(Queue A),OTHER_EVENT:New Job(Queue A),3.467,,bad_time_or_dims_or_event,missing_print_times
job-6b451c9aa1,LG-540,New Job(Queue A),OTHER_EVENT:New Job(Queue A),3.467,,bad_time_or_dims_or_event,missing_print_times
job-a47d91f921,LG-540,New Job(Queue A),OTHER_EVENT:New Job(Queue A),3.467,,bad_time_or_dims_or_event,missing_print_times
job-fba9c11ab8,LG-540,Print End,LG540_GLOSS_ONLY,12.668,26950.0,bad_time_or_dims_or_event,possible_idle_gt4h
job-fba9c11ab8,LG-540,Print End,DUPLICATE_SUMMARY,12.668,24453.0,duplicate,possible_idle_gt4h
job-fba9c11ab8,LG-540,Print End,LG540_GLOSS_ONLY,25.335,23158.0,bad_time_or_dims_or_event,possible_idle_gt4h
job-fba9c11ab8,LG-540,Print End,DUPLICATE_SUMMARY,25.335,18114.0,duplicate,possible_idle_gt4h
job-fba9c11ab8,LG-540,New Job(Queue A),OTHER_EVENT:New Job(Queue A),0.534,,bad_time_or_dims_or_event,missing_print_times
job-cf27938e14,LG-540,Print End,LG540_GLOSS_ONLY,12.668,17437.0,bad_time_or_dims_or_event,possible_idle_gt4h
job-cf27938e14,LG-540,Print End,DUPLICATE_SUMMARY,12.668,14763.0,duplicate,possible_idle_gt4h
job-cf27938e14,LG-540,Print End,DUPLICATE_SUMMARY,25.335,8668.0,duplicate,
job-cf27938e14,LG-540,New Job(Queue A),OTHER_EVENT:New Job(Queue A),0.534,,bad_time_or_dims_or_event,missing_print_times
job-c151c45d3c,LG-540,Print End,LG540_GLOSS_ONLY,12.668,14571.0,bad_time_or_dims_or_event,possible_idle_gt4h
job-c151c45d3c,LG-540,Print End,DUPLICATE_SUMMARY,12.668,11974.0,duplicate,
job-c151c45d3c,LG-540,Print End,DUPLICATE_SUMMARY,25.335,5394.0,duplicate,
job-c151c45d3c,LG-540,New Job(Queue A),OTHER_EVENT:New Job(Queue A),0.534,,bad_time_or_dims_or_event,missing_print_times
job-c151c45d3c,LG-540,New Job(Queue A),OTHER_EVENT:New Job(Queue A),0.652,,bad_time_or_dims_or_event,missing_print_times
job-3fbf7fc767,LG-540,New Job(Queue A),OTHER_EVENT:New Job(Queue A),0.652,,bad_time_or_dims_or_event,missing_print_times
job-0d48c323b3,LG-540,New Job(Queue A),OTHER_EVENT:New Job(Queue A),0.652,,bad_time_or_dims_or_event,missing_print_times
job-a0e957143e,LG-540,Print End,DUPLICATE_SUMMARY,23.133,1185.0,duplicate,
job-a0e957143e,LG-540,New Job(Queue A),OTHER_EVENT:New Job(Queue A),0.623,,bad_time_or_dims_or_event,missing_print_times
job-c97eb9dfe7,LG-540,Print End,DUPLICATE_SUMMARY,2.646,4507.0,duplicate,
job-c97eb9dfe7,LG-540,New Job(Queue A),OTHER_EVENT:New Job(Queue A),0.348,,bad_time_or_dims_or_event,missing_print_times
job-69683003dc,LG-540,Print End,LG540_GLOSS_ONLY,25.335,22016.0,bad_time_or_dims_or_event,possible_idle_gt4h
job-69683003dc,LG-540,Print End,DUPLICATE_SUMMARY,25.335,16970.0,duplicate,possible_idle_gt4h
job-df2555de1b,LG-540,Print End,LG540_GLOSS_ONLY,25.335,15039.0,bad_time_or_dims_or_event,possible_idle_gt4h
job-df2555de1b,LG-540,Print End,DUPLICATE_SUMMARY,25.335,9955.0,duplicate,
job-69683003dc,LG-540,Print End,DUPLICATE_SUMMARY,12.668,5452.0,duplicate,
job-69683003dc,LG-540,New Job(Queue A),OTHER_EVENT:New Job(Queue A),0.534,,bad_time_or_dims_or_event,missing_print_times
job-df2555de1b,LG-540,Print End,DUPLICATE_SUMMARY,12.668,1866.0,duplicate,
job-df2555de1b,LG-540,New Job(Queue A),OTHER_EVENT:New Job(Queue A),0.534,,bad_time_or_dims_or_event,missing_print_times
job-dd91adb17f,LG-540,Print End,DUPLICATE_SUMMARY,23.133,1417.0,duplicate,
job-0d48c323b3,LG-540,Print Canceled,CANCELED,16.735,38941.0,canceled/failed,possible_idle_gt4h
job-0d48c323b3,LG-540,Print Canceled,CANCELED,16.735,38941.0,canceled/failed,possible_idle_gt4h
job-0d48c323b3,LG-540,Print Canceled,CANCELED,16.735,38941.0,canceled/failed,possible_idle_gt4h
job-0d48c323b3,LG-540,Print Canceled,CANCELED,16.735,38941.0,canceled/failed,possible_idle_gt4h
job-0d48c323b3,LG-540,Print Canceled,CANCELED,16.735,38941.0,canceled/failed,possible_idle_gt4h
job-0d48c323b3,LG-540,Print Canceled,CANCELED,16.735,38941.0,canceled/failed,possible_idle_gt4h
job-3fbf7fc767,LG-540,Print Canceled,CANCELED,16.737,38965.0,canceled/failed,possible_idle_gt4h
job-3fbf7fc767,LG-540,Print Canceled,CANCELED,16.737,38965.0,canceled/failed,possible_idle_gt4h
job-3fbf7fc767,LG-540,Print Canceled,CANCELED,16.737,38965.0,canceled/failed,possible_idle_gt4h
job-3fbf7fc767,LG-540,Print Canceled,CANCELED,16.737,38965.0,canceled/failed,possible_idle_gt4h
job-3fbf7fc767,LG-540,Print Canceled,CANCELED,16.737,38965.0,canceled/failed,possible_idle_gt4h
job-3fbf7fc767,LG-540,Print Canceled,CANCELED,16.737,38965.0,canceled/failed,possible_idle_gt4h
job-c151c45d3c,LG-540,Print Canceled,CANCELED,16.745,38989.0,canceled/failed,possible_idle_gt4h
job-c151c45d3c,LG-540,Print Canceled,CANCELED,16.745,38989.0,canceled/failed,possible_idle_gt4h
job-c151c45d3c,LG-540,Print Canceled,CANCELED,16.745,38989.0,canceled/failed,possible_idle_gt4h
job-c151c45d3c,LG-540,Print Canceled,CANCELED,16.745,38989.0,canceled/failed,possible_idle_gt4h
job-c151c45d3c,LG-540,Print Canceled,CANCELED,16.745,38989.0,canceled/failed,possible_idle_gt4h
job-c151c45d3c,LG-540,Print Canceled,CANCELED,16.745,39186.0,canceled/failed,possible_idle_gt4h
job-dd91adb17f,LG-540,Print Canceled,CANCELED,23.133,39177.0,canceled/failed,possible_idle_gt4h
job-dd91adb17f,LG-540,Print Error,FAILED,23.133,39177.0,canceled/failed,possible_idle_gt4h
job-dd91adb17f,LG-540,New Job(Queue A),OTHER_EVENT:New Job(Queue A),0.623,,bad_time_or_dims_or_event,missing_print_times
job-dd91adb17f,LG-540,New Job(Queue A),OTHER_EVENT:New Job(Queue A),0.279,,bad_time_or_dims_or_event,missing_print_times
job-ae13658ff9,LG-540,Print End,LG540_GLOSS_ONLY,23.133,24765.0,bad_time_or_dims_or_event,possible_idle_gt4h
job-ae13658ff9,LG-540,Print End,DUPLICATE_SUMMARY,23.133,20086.0,duplicate,possible_idle_gt4h
job-07ffa14c82,LG-540,Print End,LG540_GLOSS_ONLY,23.133,17448.0,bad_time_or_dims_or_event,possible_idle_gt4h
job-07ffa14c82,LG-540,Print End,DUPLICATE_SUMMARY,23.133,13013.0,duplicate,
job-07ffa14c82,LG-540,New Job(Queue A),OTHER_EVENT:New Job(Queue A),0.623,,bad_time_or_dims_or_event,missing_print_times
job-ae13658ff9,LG-540,New Job(Queue A),OTHER_EVENT:New Job(Queue A),0.623,,bad_time_or_dims_or_event,missing_print_times
job-a0e957143e,LG-540,Print End,DUPLICATE_SUMMARY,23.133,8413.0,duplicate,
job-7dd10fa339,LG-540,Print End,DUPLICATE_SUMMARY,23.133,1333.0,duplicate,
job-7dd10fa339,LG-540,New Job(Queue A),OTHER_EVENT:New Job(Queue A),0.623,,bad_time_or_dims_or_event,missing_print_times
job-a0e957143e,LG-540,New Job(Queue A),OTHER_EVENT:New Job(Queue A),0.623,,bad_time_or_dims_or_event,missing_print_times
job-cb420a1bb3,LG-540,Print End,LG540_GLOSS_ONLY,16.735,20731.0,bad_time_or_dims_or_event,possible_idle_gt4h
job-cb420a1bb3,LG-540,Print End,DUPLICATE_SUMMARY,16.735,18550.0,duplicate,possible_idle_gt4h
job-cb420a1bb3,LG-540,Print End,DUPLICATE_SUMMARY,16.735,17228.0,duplicate,possible_idle_gt4h
job-cb420a1bb3,LG-540,Print End,DUPLICATE_SUMMARY,16.735,15183.0,duplicate,possible_idle_gt4h
job-cb420a1bb3,LG-540,Print End,DUPLICATE_SUMMARY,16.735,13857.0,duplicate,
job-cb420a1bb3,LG-540,Print End,DUPLICATE_SUMMARY,16.735,11497.0,duplicate,
job-df2555de1b,LG-540,Print End,DUPLICATE_SUMMARY,16.735,8202.0,duplicate,
job-df2555de1b,LG-540,Print End,DUPLICATE_SUMMARY,16.735,6871.0,duplicate,
job-df2555de1b,LG-540,Print End,DUPLICATE_SUMMARY,16.735,4388.0,duplicate,
job-df2555de1b,LG-540,Print End,DUPLICATE_SUMMARY,16.735,871.0,duplicate,
job-df2555de1b,LG-540,New Job(Queue A),OTHER_EVENT:New Job(Queue A),0.652,,bad_time_or_dims_or_event,missing_print_times
job-cb420a1bb3,LG-540,New Job(Queue A),OTHER_EVENT:New Job(Queue A),0.652,,bad_time_or_dims_or_event,missing_print_times
job-df2555de1b,LG-540,Print Canceled,CANCELED,16.735,22.0,canceled/failed,
job-df2555de1b,LG-540,Print Canceled,CANCELED,16.735,22.0,canceled/failed,
job-df2555de1b,LG-540,Print Canceled,CANCELED,16.735,23.0,canceled/failed,
job-df2555de1b,LG-540,Print Canceled,CANCELED,16.735,23.0,canceled/failed,
job-df2555de1b,LG-540,Print Canceled,CANCELED,16.735,23.0,canceled/failed,
job-df2555de1b,LG-540,Print Canceled,CANCELED,16.735,30.0,canceled/failed,
job-c151c45d3c,LG-540,New Job(Queue A),OTHER_EVENT:New Job(Queue A),0.652,,bad_time_or_dims_or_event,missing_print_times
job-3fbf7fc767,LG-540,New Job(Queue A),OTHER_EVENT:New Job(Queue A),0.652,,bad_time_or_dims_or_event,missing_print_times
job-0d48c323b3,LG-540,New Job(Queue A),OTHER_EVENT:New Job(Queue A),0.652,,bad_time_or_dims_or_event,missing_print_times
job-df2555de1b,LG-540,New Job(Queue A),OTHER_EVENT:New Job(Queue A),0.652,,bad_time_or_dims_or_event,missing_print_times
job-ebfe8c218c,LG-540,Print Canceled,CANCELED,18.202,24.0,canceled/failed,
job-7ec7a1ee90,LG-540,Print Canceled,CANCELED,18.202,181.0,canceled/failed,
job-ebfe8c218c,LG-540,Print Canceled,CANCELED,18.202,29135.0,canceled/failed,possible_idle_gt4h
job-7ec7a1ee90,LG-540,Print Canceled,CANCELED,18.202,29135.0,canceled/failed,possible_idle_gt4h
job-5c103e4ffe,LG-540,Print Error,FAILED,18.202,29135.0,canceled/failed,possible_idle_gt4h
job-84dd6c4d9e,LG-540,Print End,LG540_CMYK_ONLY,18.202,20273.0,bad_time_or_dims_or_event,possible_idle_gt4h
job-f005fa4cd3,LG-540,Print End,LG540_CMYK_ONLY,18.202,17169.0,bad_time_or_dims_or_event,possible_idle_gt4h
job-ebfe8c218c,LG-540,Print Canceled,CANCELED,18.202,21236.0,canceled/failed,possible_idle_gt4h
job-7ec7a1ee90,LG-540,Print Canceled,CANCELED,18.202,21236.0,canceled/failed,possible_idle_gt4h
job-5c103e4ffe,LG-540,Print Canceled,CANCELED,18.202,21237.0,canceled/failed,possible_idle_gt4h
job-84dd6c4d9e,LG-540,Print Canceled,CANCELED,18.202,21237.0,canceled/failed,possible_idle_gt4h
job-ebfe8c218c,LG-540,New Job(Queue A),OTHER_EVENT:New Job(Queue A),0.803,,bad_time_or_dims_or_event,missing_print_times
job-7ec7a1ee90,LG-540,New Job(Queue A),OTHER_EVENT:New Job(Queue A),0.803,,bad_time_or_dims_or_event,missing_print_times
job-5c103e4ffe,LG-540,New Job(Queue A),OTHER_EVENT:New Job(Queue A),0.803,,bad_time_or_dims_or_event,missing_print_times
job-84dd6c4d9e,LG-540,New Job(Queue A),OTHER_EVENT:New Job(Queue A),0.803,,bad_time_or_dims_or_event,missing_print_times
job-f005fa4cd3,LG-540,Print Canceled,CANCELED,18.202,21371.0,canceled/failed,possible_idle_gt4h
job-305dd10d28,LG-540,Print Canceled,CANCELED,18.202,21371.0,canceled/failed,possible_idle_gt4h
job-48a8f2954c,LG-540,Print Canceled,CANCELED,18.202,21371.0,canceled/failed,possible_idle_gt4h
job-123f0d8655,LG-540,Print Canceled,CANCELED,18.202,21371.0,canceled/failed,possible_idle_gt4h
job-171bf69592,LG-540,Print Canceled,CANCELED,18.202,21371.0,canceled/failed,possible_idle_gt4h
job-f754c1c25a,LG-540,Print Canceled,CANCELED,18.202,21372.0,canceled/failed,possible_idle_gt4h
job-cd0de2ec97,LG-540,Print Error,FAILED,18.202,21372.0,canceled/failed,possible_idle_gt4h
job-f005fa4cd3,LG-540,Print Canceled,CANCELED,18.202,33186.0,canceled/failed,possible_idle_gt4h
job-305dd10d28,LG-540,Print Canceled,CANCELED,18.202,33186.0,canceled/failed,possible_idle_gt4h
job-48a8f2954c,LG-540,Print Canceled,CANCELED,18.202,33186.0,canceled/failed,possible_idle_gt4h
job-123f0d8655,LG-540,Print Canceled,CANCELED,18.202,33186.0,canceled/failed,possible_idle_gt4h
job-171bf69592,LG-540,Print Canceled,CANCELED,18.202,33186.0,canceled/failed,possible_idle_gt4h
job-f754c1c25a,LG-540,Print Canceled,CANCELED,18.202,33186.0,canceled/failed,possible_idle_gt4h
job-cd0de2ec97,LG-540,Print Canceled,CANCELED,18.202,33186.0,canceled/failed,possible_idle_gt4h
job-71933bc366,LG-540,Print Canceled,CANCELED,18.202,33186.0,canceled/failed,possible_idle_gt4h
job-21bff6f82f,LG-540,Print Canceled,CANCELED,18.202,33186.0,canceled/failed,possible_idle_gt4h
job-d23735c925,LG-540,Print Error,FAILED,18.202,33186.0,canceled/failed,possible_idle_gt4h
job-4bb4ecb7b0,LG-540,Print End,LG540_CMYK_ONLY,18.202,18853.0,bad_time_or_dims_or_event,possible_idle_gt4h
job-7a8be231f9,LG-540,Print End,LG540_CMYK_ONLY,18.202,16093.0,bad_time_or_dims_or_event,possible_idle_gt4h
job-f005fa4cd3,LG-540,Print Canceled,CANCELED,18.202,284.0,canceled/failed,
job-305dd10d28,LG-540,Print Canceled,CANCELED,18.202,284.0,canceled/failed,
job-48a8f2954c,LG-540,Print Canceled,CANCELED,18.202,284.0,canceled/failed,
job-123f0d8655,LG-540,Print Canceled,CANCELED,18.202,284.0,canceled/failed,
job-171bf69592,LG-540,Print Canceled,CANCELED,18.202,284.0,canceled/failed,
job-f754c1c25a,LG-540,Print Canceled,CANCELED,18.202,284.0,canceled/failed,
job-cd0de2ec97,LG-540,Print Canceled,CANCELED,18.202,284.0,canceled/failed,
job-71933bc366,LG-540,Print Canceled,CANCELED,18.202,284.0,canceled/failed,
job-21bff6f82f,LG-540,Print Canceled,CANCELED,18.202,284.0,canceled/failed,
job-d23735c925,LG-540,Print Canceled,CANCELED,18.202,284.0,canceled/failed,
job-4bb4ecb7b0,LG-540,Print Canceled,CANCELED,18.202,284.0,canceled/failed,
job-7a8be231f9,LG-540,Print Canceled,CANCELED,18.202,284.0,canceled/failed,
job-c5506b565f,LG-540,Print Canceled,CANCELED,18.202,284.0,canceled/failed,
job-4c3b5f8280,LG-540,Print Canceled,CANCELED,18.202,284.0,canceled/failed,
job-d8e851ce0b,LG-540,Print Canceled,CANCELED,18.202,284.0,canceled/failed,
job-c1b39bacd2,LG-540,Print Canceled,CANCELED,18.202,284.0,canceled/failed,
job-01f0f9160c,LG-540,Print Canceled,CANCELED,18.202,285.0,canceled/failed,
job-1fd79ca12e,LG-540,Print Canceled,CANCELED,18.202,320.0,canceled/failed,
job-1fd79ca12e,LG-540,Print Error,FAILED,18.202,7183.0,canceled/failed,
job-f005fa4cd3,LG-540,Print Canceled,CANCELED,18.202,35044.0,canceled/failed,possible_idle_gt4h
job-305dd10d28,LG-540,Print Canceled,CANCELED,18.202,35044.0,canceled/failed,possible_idle_gt4h
job-48a8f2954c,LG-540,Print Canceled,CANCELED,18.202,35044.0,canceled/failed,possible_idle_gt4h
job-123f0d8655,LG-540,Print Canceled,CANCELED,18.202,35044.0,canceled/failed,possible_idle_gt4h
job-171bf69592,LG-540,Print Canceled,CANCELED,18.202,35044.0,canceled/failed,possible_idle_gt4h
job-f754c1c25a,LG-540,Print Canceled,CANCELED,18.202,35044.0,canceled/failed,possible_idle_gt4h
job-cd0de2ec97,LG-540,Print Canceled,CANCELED,18.202,35044.0,canceled/failed,possible_idle_gt4h
job-71933bc366,LG-540,Print Canceled,CANCELED,18.202,35044.0,canceled/failed,possible_idle_gt4h
job-21bff6f82f,LG-540,Print Canceled,CANCELED,18.202,35044.0,canceled/failed,possible_idle_gt4h
job-d23735c925,LG-540,Print Canceled,CANCELED,18.202,35045.0,canceled/failed,possible_idle_gt4h
job-4bb4ecb7b0,LG-540,Print Canceled,CANCELED,18.202,35045.0,canceled/failed,possible_idle_gt4h
job-7a8be231f9,LG-540,Print Canceled,CANCELED,18.202,35045.0,canceled/failed,possible_idle_gt4h
job-c5506b565f,LG-540,Print Canceled,CANCELED,18.202,35045.0,canceled/failed,possible_idle_gt4h
job-4c3b5f8280,LG-540,Print Canceled,CANCELED,18.202,35045.0,canceled/failed,possible_idle_gt4h
job-d8e851ce0b,LG-540,Print Canceled,CANCELED,18.202,35045.0,canceled/failed,possible_idle_gt4h
job-c1b39bacd2,LG-540,Print Canceled,CANCELED,18.202,35045.0,canceled/failed,possible_idle_gt4h
job-01f0f9160c,LG-540,Print Canceled,CANCELED,18.202,35045.0,canceled/failed,possible_idle_gt4h
job-1fd79ca12e,LG-540,Print End,LG540_CMYK_ONLY,18.202,27862.0,bad_time_or_dims_or_event,possible_idle_gt4h
job-3eb937ec71,LG-540,Print End,LG540_CMYK_ONLY,18.202,24970.0,bad_time_or_dims_or_event,possible_idle_gt4h
job-b6332aedc3,LG-540,Print End,LG540_CMYK_ONLY,0.803,23336.0,bad_time_or_dims_or_event,possible_idle_gt4h
job-d441f4b2bc,LG-540,Print End,LG540_CMYK_ONLY,18.202,21433.0,bad_time_or_dims_or_event,possible_idle_gt4h
job-3bf8bb89ab,LG-540,Print End,LG540_CMYK_ONLY,18.202,18604.0,bad_time_or_dims_or_event,possible_idle_gt4h
job-f11b0b6833,LG-540,Print End,LG540_CMYK_ONLY,18.202,15427.0,bad_time_or_dims_or_event,possible_idle_gt4h
job-f005fa4cd3,LG-540,New Job(Queue A),OTHER_EVENT:New Job(Queue A),0.803,,bad_time_or_dims_or_event,missing_print_times
job-48a8f2954c,LG-540,New Job(Queue A),OTHER_EVENT:New Job(Queue A),0.803,,bad_time_or_dims_or_event,missing_print_times
job-123f0d8655,LG-540,New Job(Queue A),OTHER_EVENT:New Job(Queue A),0.803,,bad_time_or_dims_or_event,missing_print_times
job-171bf69592,LG-540,New Job(Queue A),OTHER_EVENT:New Job(Queue A),0.803,,bad_time_or_dims_or_event,missing_print_times
job-f754c1c25a,LG-540,New Job(Queue A),OTHER_EVENT:New Job(Queue A),0.803,,bad_time_or_dims_or_event,missing_print_times
job-305dd10d28,LG-540,New Job(Queue A),OTHER_EVENT:New Job(Queue A),0.803,,bad_time_or_dims_or_event,missing_print_times
job-cd0de2ec97,LG-540,New Job(Queue A),OTHER_EVENT:New Job(Queue A),0.803,,bad_time_or_dims_or_event,missing_print_times
job-71933bc366,LG-540,New Job(Queue A),OTHER_EVENT:New Job(Queue A),0.803,,bad_time_or_dims_or_event,missing_print_times
job-21bff6f82f,LG-540,New Job(Queue A),OTHER_EVENT:New Job(Queue A),0.803,,bad_time_or_dims_or_event,missing_print_times
job-d23735c925,LG-540,New Job(Queue A),OTHER_EVENT:New Job(Queue A),0.803,,bad_time_or_dims_or_event,missing_print_times
job-4bb4ecb7b0,LG-540,Print Canceled,CANCELED,18.202,1881.0,canceled/failed,
job-7a8be231f9,LG-540,Print Canceled,CANCELED,18.202,1881.0,canceled/failed,
job-c5506b565f,LG-540,Print Canceled,CANCELED,18.202,1881.0,canceled/failed,
job-4c3b5f8280,LG-540,Print Canceled,CANCELED,18.202,1881.0,canceled/failed,
job-d8e851ce0b,LG-540,Print Canceled,CANCELED,18.202,1881.0,canceled/failed,
job-c1b39bacd2,LG-540,Print Canceled,CANCELED,18.202,1881.0,canceled/failed,
job-01f0f9160c,LG-540,Print Canceled,CANCELED,18.202,1881.0,canceled/failed,
job-1fd79ca12e,LG-540,Print Canceled,CANCELED,18.202,1881.0,canceled/failed,
job-4bb4ecb7b0,LG-540,New Job(Queue A),OTHER_EVENT:New Job(Queue A),0.803,,bad_time_or_dims_or_event,missing_print_times
job-7a8be231f9,LG-540,New Job(Queue A),OTHER_EVENT:New Job(Queue A),0.803,,bad_time_or_dims_or_event,missing_print_times
job-c5506b565f,LG-540,New Job(Queue A),OTHER_EVENT:New Job(Queue A),0.803,,bad_time_or_dims_or_event,missing_print_times
job-4c3b5f8280,LG-540,New Job(Queue A),OTHER_EVENT:New Job(Queue A),0.803,,bad_time_or_dims_or_event,missing_print_times
job-d8e851ce0b,LG-540,New Job(Queue A),OTHER_EVENT:New Job(Queue A),0.803,,bad_time_or_dims_or_event,missing_print_times
job-c1b39bacd2,LG-540,New Job(Queue A),OTHER_EVENT:New Job(Queue A),0.803,,bad_time_or_dims_or_event,missing_print_times
job-01f0f9160c,LG-540,New Job(Queue A),OTHER_EVENT:New Job(Queue A),0.803,,bad_time_or_dims_or_event,missing_print_times
job-1fd79ca12e,LG-540,New Job(Queue A),OTHER_EVENT:New Job(Queue A),0.803,,bad_time_or_dims_or_event,missing_print_times
job-3eb937ec71,LG-540,Print Canceled,CANCELED,18.202,2379.0,canceled/failed,
job-b6332aedc3,LG-540,Print Canceled,CANCELED,0.803,2379.0,canceled/failed,
job-d441f4b2bc,LG-540,Print Canceled,CANCELED,18.202,2379.0,canceled/failed,
job-3bf8bb89ab,LG-540,Print Canceled,CANCELED,18.202,2379.0,canceled/failed,
job-f11b0b6833,LG-540,Print Canceled,CANCELED,18.202,2379.0,canceled/failed,
job-9dd8824554,LG-540,Print Canceled,CANCELED,18.202,2379.0,canceled/failed,
job-48bbb064eb,LG-540,Print Canceled,CANCELED,18.202,2378.0,canceled/failed,
job-d9a1a3f46e,LG-540,Print Canceled,CANCELED,18.202,2378.0,canceled/failed,
job-8be2e47ea4,LG-540,Print Canceled,CANCELED,18.202,2378.0,canceled/failed,
job-e11b062640,LG-540,Print Canceled,CANCELED,18.202,2379.0,canceled/failed,
job-3eb937ec71,LG-540,New Job(Queue A),OTHER_EVENT:New Job(Queue A),0.803,,bad_time_or_dims_or_event,missing_print_times
job-b6332aedc3,LG-540,New Job(Queue A),OTHER_EVENT:New Job(Queue A),0.803,,bad_time_or_dims_or_event,missing_print_times
job-d441f4b2bc,LG-540,New Job(Queue A),OTHER_EVENT:New Job(Queue A),0.803,,bad_time_or_dims_or_event,missing_print_times
job-3bf8bb89ab,LG-540,New Job(Queue A),OTHER_EVENT:New Job(Queue A),0.803,,bad_time_or_dims_or_event,missing_print_times
job-f11b0b6833,LG-540,New Job(Queue A),OTHER_EVENT:New Job(Queue A),0.803,,bad_time_or_dims_or_event,missing_print_times
job-9dd8824554,LG-540,New Job(Queue A),OTHER_EVENT:New Job(Queue A),0.803,,bad_time_or_dims_or_event,missing_print_times
job-48bbb064eb,LG-540,New Job(Queue A),OTHER_EVENT:New Job(Queue A),0.803,,bad_time_or_dims_or_event,missing_print_times
job-d9a1a3f46e,LG-540,New Job(Queue A),OTHER_EVENT:New Job(Queue A),0.803,,bad_time_or_dims_or_event,missing_print_times
job-8be2e47ea4,LG-540,New Job(Queue A),OTHER_EVENT:New Job(Queue A),0.803,,bad_time_or_dims_or_event,missing_print_times
job-e11b062640,LG-540,New Job(Queue A),OTHER_EVENT:New Job(Queue A),0.803,,bad_time_or_dims_or_event,missing_print_times
job-38ce436090,LG-540,New Job(Queue A),OTHER_EVENT:New Job(Queue A),0.803,,bad_time_or_dims_or_event,missing_print_times
job-9dadd20eb3,LG-540,Print End,LG540_GLOSS_ONLY,18.202,55173.0,bad_time_or_dims_or_event,possible_idle_gt4h
job-9dadd20eb3,LG-540,Print End,DUPLICATE_SUMMARY,18.202,54156.0,duplicate,possible_idle_gt4h
job-4a4e832fc6,LG-540,Print End,LG540_GLOSS_ONLY,18.202,52817.0,bad_time_or_dims_or_event,possible_idle_gt4h
job-4a4e832fc6,LG-540,Print End,DUPLICATE_SUMMARY,18.202,51521.0,duplicate,possible_idle_gt4h
job-4a4e832fc6,LG-540,New Job(Queue A),OTHER_EVENT:New Job(Queue A),0.803,,bad_time_or_dims_or_event,missing_print_times
job-9dadd20eb3,LG-540,New Job(Queue A),OTHER_EVENT:New Job(Queue A),0.803,,bad_time_or_dims_or_event,missing_print_times
job-f48b67d32d,LG-540,Print End,LG540_GLOSS_ONLY,18.202,50986.0,bad_time_or_dims_or_event,possible_idle_gt4h
job-f48b67d32d,LG-540,Print End,DUPLICATE_SUMMARY,18.202,49911.0,duplicate,possible_idle_gt4h
job-140e88fc0a,LG-540,Print End,LG540_GLOSS_ONLY,18.202,48547.0,bad_time_or_dims_or_event,possible_idle_gt4h
job-140e88fc0a,LG-540,Print End,DUPLICATE_SUMMARY,18.202,44325.0,duplicate,possible_idle_gt4h
job-79d09f2bca,LG-540,Print End,LG540_GLOSS_ONLY,18.202,42672.0,bad_time_or_dims_or_event,possible_idle_gt4h
job-79d09f2bca,LG-540,Print End,DUPLICATE_SUMMARY,18.202,41223.0,duplicate,possible_idle_gt4h
job-8d767b8433,LG-540,Print End,LG540_GLOSS_ONLY,18.202,39777.0,bad_time_or_dims_or_event,possible_idle_gt4h
job-8d767b8433,LG-540,Print End,DUPLICATE_SUMMARY,18.202,38626.0,duplicate,possible_idle_gt4h
job-b043bab0c1,LG-540,Print End,LG540_GLOSS_ONLY,18.202,37277.0,bad_time_or_dims_or_event,possible_idle_gt4h
job-b043bab0c1,LG-540,Print End,DUPLICATE_SUMMARY,18.202,36275.0,duplicate,possible_idle_gt4h
job-ad3fe33e4c,LG-540,Print End,LG540_GLOSS_ONLY,18.202,34911.0,bad_time_or_dims_or_event,possible_idle_gt4h
job-ad3fe33e4c,LG-540,Print End,DUPLICATE_SUMMARY,18.202,33896.0,duplicate,possible_idle_gt4h
job-9db4eb4efc,LG-540,Print End,LG540_GLOSS_ONLY,18.202,32546.0,bad_time_or_dims_or_event,possible_idle_gt4h
job-9db4eb4efc,LG-540,Print End,DUPLICATE_SUMMARY,18.202,31544.0,duplicate,possible_idle_gt4h
job-0b75b408db,LG-540,Print End,DUPLICATE_SUMMARY,18.202,11258.0,duplicate,
job-1c76adae21,LG-540,Print End,DUPLICATE_SUMMARY,18.202,9705.0,duplicate,
job-27b42370e9,LG-540,Print End,DUPLICATE_SUMMARY,18.202,7354.0,duplicate,
job-1c76adae21,LG-540,New Job(Queue A),OTHER_EVENT:New Job(Queue A),0.803,,bad_time_or_dims_or_event,missing_print_times
job-1c76adae21,LG-540,New Job(Queue A),OTHER_EVENT:New Job(Queue A),0.803,,bad_time_or_dims_or_event,missing_print_times
job-05d094eb50,LG-540,Print End,DUPLICATE_SUMMARY,18.202,7071.0,duplicate,
job-bc10eb8758,LG-540,Print End,DUPLICATE_SUMMARY,18.202,4719.0,duplicate,
job-4e8bf89d95,LG-540,New Job(Queue A),OTHER_EVENT:New Job(Queue A),0.803,,bad_time_or_dims_or_event,missing_print_times
job-525826ae0d,LG-540,New Job(Queue A),OTHER_EVENT:New Job(Queue A),0.803,,bad_time_or_dims_or_event,missing_print_times
job-05d094eb50,LG-540,New Job(Queue A),OTHER_EVENT:New Job(Queue A),0.803,,bad_time_or_dims_or_event,missing_print_times
job-ad3fe33e4c,LG-540,New Job(Queue A),OTHER_EVENT:New Job(Queue A),0.803,,bad_time_or_dims_or_event,missing_print_times
job-8d767b8433,LG-540,New Job(Queue A),OTHER_EVENT:New Job(Queue A),0.803,,bad_time_or_dims_or_event,missing_print_times
job-0b75b408db,LG-540,New Job(Queue A),OTHER_EVENT:New Job(Queue A),0.803,,bad_time_or_dims_or_event,missing_print_times
job-140e88fc0a,LG-540,New Job(Queue A),OTHER_EVENT:New Job(Queue A),0.803,,bad_time_or_dims_or_event,missing_print_times
job-9dadd20eb3,LG-540,New Job(Queue A),OTHER_EVENT:New Job(Queue A),0.803,,bad_time_or_dims_or_event,missing_print_times
job-525826ae0d,LG-540,Print End,DUPLICATE_SUMMARY,18.202,13178.0,duplicate,
job-e6b4629301,LG-540,Print End,DUPLICATE_SUMMARY,18.202,10518.0,duplicate,
job-525826ae0d,LG-540,New Job(Queue A),OTHER_EVENT:New Job(Queue A),0.803,,bad_time_or_dims_or_event,missing_print_times
job-4e8bf89d95,LG-540,Print End,DUPLICATE_SUMMARY,18.202,8513.0,duplicate,
job-2c35fd6ba4,LG-540,Print End,DUPLICATE_SUMMARY,18.202,6093.0,duplicate,
job-4e8bf89d95,LG-540,New Job(Queue A),OTHER_EVENT:New Job(Queue A),0.803,,bad_time_or_dims_or_event,missing_print_times
job-7ea6f8fa8b,LG-540,Print End,DUPLICATE_SUMMARY,18.202,3501.0,duplicate,
job-e4bf6ffd6c,LG-540,Print End,DUPLICATE_SUMMARY,18.202,937.0,duplicate,
job-e4bf6ffd6c,LG-540,New Job(Queue A),OTHER_EVENT:New Job(Queue A),0.803,,bad_time_or_dims_or_event,missing_print_times
job-7ea6f8fa8b,LG-540,New Job(Queue A),OTHER_EVENT:New Job(Queue A),0.803,,bad_time_or_dims_or_event,missing_print_times
job-4e8bf89d95,LG-540,New Job(Queue A),OTHER_EVENT:New Job(Queue A),0.803,,bad_time_or_dims_or_event,missing_print_times
job-2c35fd6ba4,LG-540,New Job(Queue A),OTHER_EVENT:New Job(Queue A),0.803,,bad_time_or_dims_or_event,missing_print_times
job-525826ae0d,LG-540,New Job(Queue A),OTHER_EVENT:New Job(Queue A),0.803,,bad_time_or_dims_or_event,missing_print_times
job-e6b4629301,LG-540,New Job(Queue A),OTHER_EVENT:New Job(Queue A),0.803,,bad_time_or_dims_or_event,missing_print_times
job-05d094eb50,LG-540,New Job(Queue A),OTHER_EVENT:New Job(Queue A),0.803,,bad_time_or_dims_or_event,missing_print_times
job-bc10eb8758,LG-540,New Job(Queue A),OTHER_EVENT:New Job(Queue A),0.803,,bad_time_or_dims_or_event,missing_print_times
job-ad3fe33e4c,LG-540,New Job(Queue A),OTHER_EVENT:New Job(Queue A),0.803,,bad_time_or_dims_or_event,missing_print_times
job-b043bab0c1,LG-540,New Job(Queue A),OTHER_EVENT:New Job(Queue A),0.803,,bad_time_or_dims_or_event,missing_print_times
job-8d767b8433,LG-540,New Job(Queue A),OTHER_EVENT:New Job(Queue A),0.803,,bad_time_or_dims_or_event,missing_print_times
job-79d09f2bca,LG-540,New Job(Queue A),OTHER_EVENT:New Job(Queue A),0.803,,bad_time_or_dims_or_event,missing_print_times
job-0b75b408db,LG-540,New Job(Queue A),OTHER_EVENT:New Job(Queue A),0.803,,bad_time_or_dims_or_event,missing_print_times
job-9db4eb4efc,LG-540,New Job(Queue A),OTHER_EVENT:New Job(Queue A),0.803,,bad_time_or_dims_or_event,missing_print_times
job-140e88fc0a,LG-540,New Job(Queue A),OTHER_EVENT:New Job(Queue A),0.803,,bad_time_or_dims_or_event,missing_print_times
job-f48b67d32d,LG-540,New Job(Queue A),OTHER_EVENT:New Job(Queue A),0.803,,bad_time_or_dims_or_event,missing_print_times
job-9dadd20eb3,LG-540,New Job(Queue A),OTHER_EVENT:New Job(Queue A),0.803,,bad_time_or_dims_or_event,missing_print_times
job-4a4e832fc6,LG-540,New Job(Queue A),OTHER_EVENT:New Job(Queue A),0.803,,bad_time_or_dims_or_event,missing_print_times
job-1c76adae21,LG-540,New Job(Queue A),OTHER_EVENT:New Job(Queue A),0.803,,bad_time_or_dims_or_event,missing_print_times
job-27b42370e9,LG-540,New Job(Queue A),OTHER_EVENT:New Job(Queue A),0.803,,bad_time_or_dims_or_event,missing_print_times
job-d5deaed5e3,LG-540,Print End,DUPLICATE_SUMMARY,20.415,8363.0,duplicate,
job-edfc82dc43,LG-540,Print End,DUPLICATE_SUMMARY,20.415,5942.0,duplicate,
job-d6e06a7e9d,LG-540,Print End,DUPLICATE_SUMMARY,20.415,3590.0,duplicate,
job-d5deaed5e3,LG-540,Print Canceled,CANCELED,20.415,5743.0,canceled/failed,
job-d5deaed5e3,LG-540,Print Canceled,CANCELED,20.415,5743.0,canceled/failed,
job-edfc82dc43,LG-540,Print Canceled,CANCELED,20.415,5743.0,canceled/failed,
job-edfc82dc43,LG-540,Print Canceled,CANCELED,20.415,5743.0,canceled/failed,
job-d6e06a7e9d,LG-540,Print Canceled,CANCELED,20.415,5743.0,canceled/failed,
job-d6e06a7e9d,LG-540,Print Canceled,CANCELED,20.415,5743.0,canceled/failed,
job-51ed24b966,LG-540,Print Canceled,CANCELED,20.415,5744.0,canceled/failed,
job-51ed24b966,LG-540,Print Canceled,CANCELED,20.415,5744.0,canceled/failed,
job-09810f22c2,LG-540,Print End,DUPLICATE_SUMMARY,20.415,5510.0,duplicate,
job-cb902c8cd0,LG-540,Print End,DUPLICATE_SUMMARY,20.415,3037.0,duplicate,
job-cc8a6e8d86,LG-540,New Job(Queue A),OTHER_EVENT:New Job(Queue A),3.467,,bad_time_or_dims_or_event,missing_print_times
job-62b7b95522,LG-540,New Job(Queue A),OTHER_EVENT:New Job(Queue A),3.467,,bad_time_or_dims_or_event,missing_print_times
job-a69cc51e58,LG-540,New Job(Queue A),OTHER_EVENT:New Job(Queue A),3.467,,bad_time_or_dims_or_event,missing_print_times
job-da06dd0f26,LG-540,New Job(Queue A),OTHER_EVENT:New Job(Queue A),3.467,,bad_time_or_dims_or_event,missing_print_times
job-4524b4246b,LG-540,New Job(Queue A),OTHER_EVENT:New Job(Queue A),3.467,,bad_time_or_dims_or_event,missing_print_times
job-e6d9573ac3,LG-540,New Job(Queue A),OTHER_EVENT:New Job(Queue A),3.467,,bad_time_or_dims_or_event,missing_print_times
job-90de8c499e,LG-540,New Job(Queue A),OTHER_EVENT:New Job(Queue A),3.467,,bad_time_or_dims_or_event,missing_print_times
job-7a011dde5e,LG-540,New Job(Queue A),OTHER_EVENT:New Job(Queue A),3.467,,bad_time_or_dims_or_event,missing_print_times
job-eacf46222c,LG-540,New Job(Queue A),OTHER_EVENT:New Job(Queue A),3.467,,bad_time_or_dims_or_event,missing_print_times
job-3d6a382f3c,LG-540,New Job(Queue A),OTHER_EVENT:New Job(Queue A),3.467,,bad_time_or_dims_or_event,missing_print_times
job-62af0a7207,LG-540,New Job(Queue A),OTHER_EVENT:New Job(Queue A),3.467,,bad_time_or_dims_or_event,missing_print_times
job-9c5c8fda68,LG-540,New Job(Queue A),OTHER_EVENT:New Job(Queue A),3.467,,bad_time_or_dims_or_event,missing_print_times
job-7400ca5cfa,LG-540,New Job(Queue A),OTHER_EVENT:New Job(Queue A),3.467,,bad_time_or_dims_or_event,missing_print_times
job-360d710ce3,LG-540,New Job(Queue A),OTHER_EVENT:New Job(Queue A),3.467,,bad_time_or_dims_or_event,missing_print_times
job-e951e55ac8,LG-540,New Job(Queue A),OTHER_EVENT:New Job(Queue A),3.467,,bad_time_or_dims_or_event,missing_print_times
job-f352c98835,LG-540,New Job(Queue A),OTHER_EVENT:New Job(Queue A),3.467,,bad_time_or_dims_or_event,missing_print_times
job-8c7b745fd8,LG-540,New Job(Queue A),OTHER_EVENT:New Job(Queue A),3.467,,bad_time_or_dims_or_event,missing_print_times
job-2f8acf5b1d,LG-540,New Job(Queue A),OTHER_EVENT:New Job(Queue A),3.467,,bad_time_or_dims_or_event,missing_print_times
job-1fe2b714f2,LG-540,New Job(Queue A),OTHER_EVENT:New Job(Queue A),3.467,,bad_time_or_dims_or_event,missing_print_times
job-f8011075dc,LG-540,New Job(Queue A),OTHER_EVENT:New Job(Queue A),3.467,,bad_time_or_dims_or_event,missing_print_times
job-1649a2f42f,LG-540,New Job(Queue A),OTHER_EVENT:New Job(Queue A),3.467,,bad_time_or_dims_or_event,missing_print_times
job-c214dbfcc6,LG-540,New Job(Queue A),OTHER_EVENT:New Job(Queue A),3.467,,bad_time_or_dims_or_event,missing_print_times
job-0e84c45b60,LG-540,New Job(Queue A),OTHER_EVENT:New Job(Queue A),3.467,,bad_time_or_dims_or_event,missing_print_times
job-7c24311536,LG-540,New Job(Queue A),OTHER_EVENT:New Job(Queue A),3.467,,bad_time_or_dims_or_event,missing_print_times
job-4a506d302c,LG-540,New Job(Queue A),OTHER_EVENT:New Job(Queue A),3.467,,bad_time_or_dims_or_event,missing_print_times
job-b63e4e74c5,LG-540,New Job(Queue A),OTHER_EVENT:New Job(Queue A),3.467,,bad_time_or_dims_or_event,missing_print_times
job-d402e86099,LG-540,New Job(Queue A),OTHER_EVENT:New Job(Queue A),3.467,,bad_time_or_dims_or_event,missing_print_times
job-dce268fe72,LG-540,New Job(Queue A),OTHER_EVENT:New Job(Queue A),3.467,,bad_time_or_dims_or_event,missing_print_times
job-375d303324,LG-540,New Job(Queue A),OTHER_EVENT:New Job(Queue A),3.467,,bad_time_or_dims_or_event,missing_print_times
job-99cf0e760a,LG-540,New Job(Queue A),OTHER_EVENT:New Job(Queue A),3.467,,bad_time_or_dims_or_event,missing_print_times
job-c197584bad,LG-540,New Job(Queue A),OTHER_EVENT:New Job(Queue A),3.467,,bad_time_or_dims_or_event,missing_print_times
job-4f13da378d,LG-540,New Job(Queue A),OTHER_EVENT:New Job(Queue A),3.467,,bad_time_or_dims_or_event,missing_print_times
job-7e68145f66,LG-540,New Job(Queue A),OTHER_EVENT:New Job(Queue A),3.467,,bad_time_or_dims_or_event,missing_print_times
job-ee24556988,LG-540,New Job(Queue A),OTHER_EVENT:New Job(Queue A),3.467,,bad_time_or_dims_or_event,missing_print_times
job-a4213f15dc,LG-540,New Job(Queue A),OTHER_EVENT:New Job(Queue A),3.467,,bad_time_or_dims_or_event,missing_print_times
job-b7094f87e2,LG-540,New Job(Queue A),OTHER_EVENT:New Job(Queue A),3.467,,bad_time_or_dims_or_event,missing_print_times
job-f2ea5c3700,LG-540,New Job(Queue A),OTHER_EVENT:New Job(Queue A),3.467,,bad_time_or_dims_or_event,missing_print_times
job-59d20f224b,LG-540,New Job(Queue A),OTHER_EVENT:New Job(Queue A),3.467,,bad_time_or_dims_or_event,missing_print_times
job-af88bc6a6a,LG-540,New Job(Queue A),OTHER_EVENT:New Job(Queue A),3.467,,bad_time_or_dims_or_event,missing_print_times
job-d9a27959de,LG-540,New Job(Queue A),OTHER_EVENT:New Job(Queue A),3.467,,bad_time_or_dims_or_event,missing_print_times
job-4a6d685568,LG-540,New Job(Queue A),OTHER_EVENT:New Job(Queue A),3.467,,bad_time_or_dims_or_event,missing_print_times
job-b604faa3e4,LG-540,New Job(Queue A),OTHER_EVENT:New Job(Queue A),3.467,,bad_time_or_dims_or_event,missing_print_times
job-b24dcb0c32,LG-540,New Job(Queue A),OTHER_EVENT:New Job(Queue A),3.467,,bad_time_or_dims_or_event,missing_print_times
job-01a04b9bd4,LG-540,New Job(Queue A),OTHER_EVENT:New Job(Queue A),3.467,,bad_time_or_dims_or_event,missing_print_times
job-26f41067f8,LG-540,New Job(Queue A),OTHER_EVENT:New Job(Queue A),3.467,,bad_time_or_dims_or_event,missing_print_times
job-cfa5a32e2b,LG-540,New Job(Queue A),OTHER_EVENT:New Job(Queue A),3.467,,bad_time_or_dims_or_event,missing_print_times
job-293eef9cd0,LG-540,New Job(Queue A),OTHER_EVENT:New Job(Queue A),3.467,,bad_time_or_dims_or_event,missing_print_times
job-a4cbaf44ec,LG-540,New Job(Queue A),OTHER_EVENT:New Job(Queue A),3.467,,bad_time_or_dims_or_event,missing_print_times
job-ce4efc6a33,LG-540,New Job(Queue A),OTHER_EVENT:New Job(Queue A),3.467,,bad_time_or_dims_or_event,missing_print_times
job-19a489ac14,LG-540,New Job(Queue A),OTHER_EVENT:New Job(Queue A),3.467,,bad_time_or_dims_or_event,missing_print_times
job-c214dbfcc6,LG-540,New Job(Queue A),OTHER_EVENT:New Job(Queue A),3.467,,bad_time_or_dims_or_event,missing_print_times
job-0e84c45b60,LG-540,New Job(Queue A),OTHER_EVENT:New Job(Queue A),3.467,,bad_time_or_dims_or_event,missing_print_times
job-27c3326395,LG-540,Print Canceled,CANCELED,20.415,10576.0,canceled/failed,
job-27c3326395,LG-540,Print Canceled,CANCELED,20.415,10576.0,canceled/failed,
job-fa918fe92d,LG-540,Print Canceled,CANCELED,20.415,10576.0,canceled/failed,
job-fa918fe92d,LG-540,Print Canceled,CANCELED,20.415,10576.0,canceled/failed,
job-4aa379a154,LG-540,Print Canceled,CANCELED,20.415,10576.0,canceled/failed,
job-4aa379a154,LG-540,Print Canceled,CANCELED,20.415,10576.0,canceled/failed,
job-2335bc2591,LG-540,Print Canceled,CANCELED,20.415,10576.0,canceled/failed,
job-2335bc2591,LG-540,Print Canceled,CANCELED,20.415,10576.0,canceled/failed,
job-2bdfb73cce,LG-540,Print Canceled,CANCELED,20.415,10576.0,canceled/failed,
job-2bdfb73cce,LG-540,Print Canceled,CANCELED,20.415,10576.0,canceled/failed,
job-89c467b184,LG-540,Print Error,FAILED,20.415,10579.0,canceled/failed,
job-d5deaed5e3,LG-540,Print End,DUPLICATE_SUMMARY,15.312,963.0,duplicate,
job-cc8a6e8d86,LG-540,New Job(Queue A),OTHER_EVENT:New Job(Queue A),3.467,,bad_time_or_dims_or_event,missing_print_times
job-62af0a7207,LG-540,New Job(Queue A),OTHER_EVENT:New Job(Queue A),3.467,,bad_time_or_dims_or_event,missing_print_times
job-9c5c8fda68,LG-540,New Job(Queue A),OTHER_EVENT:New Job(Queue A),3.467,,bad_time_or_dims_or_event,missing_print_times
job-62b7b95522,LG-540,New Job(Queue A),OTHER_EVENT:New Job(Queue A),3.467,,bad_time_or_dims_or_event,missing_print_times
job-7400ca5cfa,LG-540,New Job(Queue A),OTHER_EVENT:New Job(Queue A),3.467,,bad_time_or_dims_or_event,missing_print_times
job-a69cc51e58,LG-540,New Job(Queue A),OTHER_EVENT:New Job(Queue A),3.467,,bad_time_or_dims_or_event,missing_print_times
job-360d710ce3,LG-540,New Job(Queue A),OTHER_EVENT:New Job(Queue A),3.467,,bad_time_or_dims_or_event,missing_print_times
job-da06dd0f26,LG-540,New Job(Queue A),OTHER_EVENT:New Job(Queue A),3.467,,bad_time_or_dims_or_event,missing_print_times
job-e951e55ac8,LG-540,New Job(Queue A),OTHER_EVENT:New Job(Queue A),3.467,,bad_time_or_dims_or_event,missing_print_times
job-4524b4246b,LG-540,New Job(Queue A),OTHER_EVENT:New Job(Queue A),3.467,,bad_time_or_dims_or_event,missing_print_times
job-f352c98835,LG-540,New Job(Queue A),OTHER_EVENT:New Job(Queue A),3.467,,bad_time_or_dims_or_event,missing_print_times
job-e6d9573ac3,LG-540,New Job(Queue A),OTHER_EVENT:New Job(Queue A),3.467,,bad_time_or_dims_or_event,missing_print_times
job-90de8c499e,LG-540,New Job(Queue A),OTHER_EVENT:New Job(Queue A),3.467,,bad_time_or_dims_or_event,missing_print_times
job-8c7b745fd8,LG-540,New Job(Queue A),OTHER_EVENT:New Job(Queue A),3.467,,bad_time_or_dims_or_event,missing_print_times
job-7a011dde5e,LG-540,New Job(Queue A),OTHER_EVENT:New Job(Queue A),3.467,,bad_time_or_dims_or_event,missing_print_times
job-2f8acf5b1d,LG-540,New Job(Queue A),OTHER_EVENT:New Job(Queue A),3.467,,bad_time_or_dims_or_event,missing_print_times
job-eacf46222c,LG-540,New Job(Queue A),OTHER_EVENT:New Job(Queue A),3.467,,bad_time_or_dims_or_event,missing_print_times
job-1fe2b714f2,LG-540,New Job(Queue A),OTHER_EVENT:New Job(Queue A),3.467,,bad_time_or_dims_or_event,missing_print_times
job-3d6a382f3c,LG-540,New Job(Queue A),OTHER_EVENT:New Job(Queue A),3.467,,bad_time_or_dims_or_event,missing_print_times
job-f8011075dc,LG-540,New Job(Queue A),OTHER_EVENT:New Job(Queue A),3.467,,bad_time_or_dims_or_event,missing_print_times
job-3d6aff31d9,LG-540,Print End,DUPLICATE_SUMMARY,13.066,665.0,duplicate,
job-3d6aff31d9,LG-540,Print End,DUPLICATE_SUMMARY,13.066,808.0,duplicate,
job-7a78181ba0,LG-540,Print Canceled,CANCELED,3.466,6019.0,canceled/failed,
job-7a78181ba0,LG-540,New Job(Queue A),OTHER_EVENT:New Job(Queue A),3.467,,bad_time_or_dims_or_event,missing_print_times
job-3d6aff31d9,LG-540,Print Canceled,CANCELED,13.066,17913.0,canceled/failed,possible_idle_gt4h
job-3d6aff31d9,LG-540,Print Error,FAILED,13.066,17913.0,canceled/failed,possible_idle_gt4h
job-3d6aff31d9,LG-540,Print End,DUPLICATE_SUMMARY,13.066,841.0,duplicate,
job-3d6aff31d9,LG-540,New Job(Queue A),OTHER_EVENT:New Job(Queue A),0.675,,bad_time_or_dims_or_event,missing_print_times
job-62c634f242,LG-540,Print Canceled,CANCELED,20.415,3281.0,canceled/failed,
job-62c634f242,LG-540,Print Canceled,CANCELED,20.415,3271.0,canceled/failed,
job-bfbb0cc8d3,LG-540,Print Canceled,CANCELED,20.415,3272.0,canceled/failed,
job-bfbb0cc8d3,LG-540,Print Canceled,CANCELED,20.415,3263.0,canceled/failed,
job-cb98972133,LG-540,Print Canceled,CANCELED,20.415,3254.0,canceled/failed,
job-cb98972133,LG-540,Print Error,FAILED,20.415,3238.0,canceled/failed,
job-cc7c0eecc9,LG-540,Print End,DUPLICATE_SUMMARY,15.312,752.0,duplicate,
job-62c634f242,LG-540,Print Canceled,CANCELED,20.415,718.0,canceled/failed,
job-62c634f242,LG-540,Print Canceled,CANCELED,20.415,718.0,canceled/failed,
job-bfbb0cc8d3,LG-540,Print Canceled,CANCELED,20.415,718.0,canceled/failed,
job-bfbb0cc8d3,LG-540,Print Canceled,CANCELED,20.415,718.0,canceled/failed,
job-cb98972133,LG-540,Print Canceled,CANCELED,20.415,718.0,canceled/failed,
job-cb98972133,LG-540,Print Canceled,CANCELED,20.415,718.0,canceled/failed,
job-cc7c0eecc9,LG-540,Print Canceled,CANCELED,15.312,718.0,canceled/failed,
job-cc7c0eecc9,LG-540,Print Canceled,CANCELED,15.312,739.0,canceled/failed,
job-62c634f242,LG-540,Print Canceled,CANCELED,20.415,993.0,canceled/failed,
job-62c634f242,LG-540,Print Canceled,CANCELED,20.415,993.0,canceled/failed,
job-bfbb0cc8d3,LG-540,Print Canceled,CANCELED,20.415,1061.0,canceled/failed,
job-bfbb0cc8d3,LG-540,Print Canceled,CANCELED,20.415,1055.0,canceled/failed,
job-cb98972133,LG-540,Print Canceled,CANCELED,20.415,1094.0,canceled/failed,
job-cb98972133,LG-540,Print Canceled,CANCELED,20.415,1082.0,canceled/failed,
job-cc7c0eecc9,LG-540,Print Canceled,CANCELED,15.312,1160.0,canceled/failed,
job-cc7c0eecc9,LG-540,Print Error,FAILED,15.312,1194.0,canceled/failed,
job-cc8a6e8d86,LG-540,New Job(Queue A),OTHER_EVENT:New Job(Queue A),3.467,,bad_time_or_dims_or_event,missing_print_times
job-62af0a7207,LG-540,New Job(Queue A),OTHER_EVENT:New Job(Queue A),3.467,,bad_time_or_dims_or_event,missing_print_times
job-9c5c8fda68,LG-540,New Job(Queue A),OTHER_EVENT:New Job(Queue A),3.467,,bad_time_or_dims_or_event,missing_print_times
job-62b7b95522,LG-540,New Job(Queue A),OTHER_EVENT:New Job(Queue A),3.467,,bad_time_or_dims_or_event,missing_print_times
job-7400ca5cfa,LG-540,New Job(Queue A),OTHER_EVENT:New Job(Queue A),3.467,,bad_time_or_dims_or_event,missing_print_times
job-a69cc51e58,LG-540,New Job(Queue A),OTHER_EVENT:New Job(Queue A),3.467,,bad_time_or_dims_or_event,missing_print_times
job-360d710ce3,LG-540,New Job(Queue A),OTHER_EVENT:New Job(Queue A),3.467,,bad_time_or_dims_or_event,missing_print_times
job-da06dd0f26,LG-540,New Job(Queue A),OTHER_EVENT:New Job(Queue A),3.467,,bad_time_or_dims_or_event,missing_print_times
job-e951e55ac8,LG-540,New Job(Queue A),OTHER_EVENT:New Job(Queue A),3.467,,bad_time_or_dims_or_event,missing_print_times
job-4524b4246b,LG-540,New Job(Queue A),OTHER_EVENT:New Job(Queue A),3.467,,bad_time_or_dims_or_event,missing_print_times
job-f352c98835,LG-540,New Job(Queue A),OTHER_EVENT:New Job(Queue A),3.467,,bad_time_or_dims_or_event,missing_print_times
job-e6d9573ac3,LG-540,New Job(Queue A),OTHER_EVENT:New Job(Queue A),3.467,,bad_time_or_dims_or_event,missing_print_times
job-90de8c499e,LG-540,New Job(Queue A),OTHER_EVENT:New Job(Queue A),3.467,,bad_time_or_dims_or_event,missing_print_times
job-8c7b745fd8,LG-540,New Job(Queue A),OTHER_EVENT:New Job(Queue A),3.467,,bad_time_or_dims_or_event,missing_print_times
job-7a011dde5e,LG-540,New Job(Queue A),OTHER_EVENT:New Job(Queue A),3.467,,bad_time_or_dims_or_event,missing_print_times
job-2f8acf5b1d,LG-540,New Job(Queue A),OTHER_EVENT:New Job(Queue A),3.467,,bad_time_or_dims_or_event,missing_print_times
job-eacf46222c,LG-540,New Job(Queue A),OTHER_EVENT:New Job(Queue A),3.467,,bad_time_or_dims_or_event,missing_print_times
job-1fe2b714f2,LG-540,New Job(Queue A),OTHER_EVENT:New Job(Queue A),3.467,,bad_time_or_dims_or_event,missing_print_times
job-3d6a382f3c,LG-540,New Job(Queue A),OTHER_EVENT:New Job(Queue A),3.467,,bad_time_or_dims_or_event,missing_print_times
job-f8011075dc,LG-540,New Job(Queue A),OTHER_EVENT:New Job(Queue A),3.467,,bad_time_or_dims_or_event,missing_print_times
job-2f73dabc7a,LG-540,Print Canceled,CANCELED,20.415,13764.0,canceled/failed,
job-2f73dabc7a,LG-540,Print Canceled,CANCELED,20.415,13767.0,canceled/failed,
job-bd56c1cfaa,LG-540,Print Canceled,CANCELED,20.415,13776.0,canceled/failed,
job-bd56c1cfaa,LG-540,Print Canceled,CANCELED,20.415,13776.0,canceled/failed,
job-991a1f3dca,LG-540,Print Canceled,CANCELED,20.415,13776.0,canceled/failed,
job-991a1f3dca,LG-540,Print Canceled,CANCELED,20.415,13776.0,canceled/failed,
job-368c67a013,LG-540,Print Canceled,CANCELED,20.415,13776.0,canceled/failed,
job-368c67a013,LG-540,Print Canceled,CANCELED,20.415,13777.0,canceled/failed,
job-49ce897654,LG-540,Print Canceled,CANCELED,20.415,15712.0,canceled/failed,possible_idle_gt4h
job-b433b74062,LG-540,New Job(Queue A),OTHER_EVENT:New Job(Queue A),0.616,,bad_time_or_dims_or_event,missing_print_times
job-bc0056ceec,LG-540,New Job(Queue A),OTHER_EVENT:New Job(Queue A),0.493,,bad_time_or_dims_or_event,missing_print_times
job-bc0056ceec,LG-540,Print Canceled,CANCELED,12.605,27775.0,canceled/failed,possible_idle_gt4h
job-bc0056ceec,LG-540,Print Canceled,CANCELED,12.605,27775.0,canceled/failed,possible_idle_gt4h
job-b433b74062,LG-540,Print Canceled,CANCELED,14.303,27775.0,canceled/failed,possible_idle_gt4h
job-b433b74062,LG-540,Print Canceled,CANCELED,14.303,27775.0,canceled/failed,possible_idle_gt4h
job-b433b74062,LG-540,New Job(Queue A),OTHER_EVENT:New Job(Queue A),0.616,,bad_time_or_dims_or_event,missing_print_times
job-bc0056ceec,LG-540,New Job(Queue A),OTHER_EVENT:New Job(Queue A),0.493,,bad_time_or_dims_or_event,missing_print_times
job-bc0056ceec,LG-540,New Job(Queue A),OTHER_EVENT:New Job(Queue A),0.493,,bad_time_or_dims_or_event,missing_print_times
job-b433b74062,LG-540,New Job(Queue A),OTHER_EVENT:New Job(Queue A),0.616,,bad_time_or_dims_or_event,missing_print_times
job-2f73dabc7a,LG-540,Print Canceled,CANCELED,20.415,32495.0,canceled/failed,possible_idle_gt4h
job-2f73dabc7a,LG-540,Print Canceled,CANCELED,20.415,32495.0,canceled/failed,possible_idle_gt4h
job-bd56c1cfaa,LG-540,Print Canceled,CANCELED,20.415,32495.0,canceled/failed,possible_idle_gt4h
job-bd56c1cfaa,LG-540,Print Canceled,CANCELED,20.415,32495.0,canceled/failed,possible_idle_gt4h
job-991a1f3dca,LG-540,Print Canceled,CANCELED,20.415,32495.0,canceled/failed,possible_idle_gt4h
job-991a1f3dca,LG-540,Print Canceled,CANCELED,20.415,32495.0,canceled/failed,possible_idle_gt4h
job-368c67a013,LG-540,Print Canceled,CANCELED,20.415,32495.0,canceled/failed,possible_idle_gt4h
job-368c67a013,LG-540,Print Canceled,CANCELED,20.415,32495.0,canceled/failed,possible_idle_gt4h
job-49ce897654,LG-540,Print Canceled,CANCELED,20.415,32495.0,canceled/failed,possible_idle_gt4h
job-49ce897654,LG-540,Print Canceled,CANCELED,20.415,32495.0,canceled/failed,possible_idle_gt4h
job-b4b2ab269b,LG-540,Print End,LG540_GLOSS_ONLY,15.312,41021.0,bad_time_or_dims_or_event,possible_idle_gt4h
job-b4b2ab269b,LG-540,Print End,DUPLICATE_SUMMARY,15.312,18896.0,duplicate,possible_idle_gt4h
job-2c69d9086f,LG-540,Print End,LG540_GLOSS_ONLY,20.415,18030.0,bad_time_or_dims_or_event,possible_idle_gt4h
job-2c69d9086f,LG-540,Print End,DUPLICATE_SUMMARY,20.415,16917.0,duplicate,possible_idle_gt4h
job-cc8a6e8d86,LG-540,New Job(Queue A),OTHER_EVENT:New Job(Queue A),3.467,,bad_time_or_dims_or_event,missing_print_times
job-62af0a7207,LG-540,New Job(Queue A),OTHER_EVENT:New Job(Queue A),3.467,,bad_time_or_dims_or_event,missing_print_times
job-9c5c8fda68,LG-540,New Job(Queue A),OTHER_EVENT:New Job(Queue A),3.467,,bad_time_or_dims_or_event,missing_print_times
job-62b7b95522,LG-540,New Job(Queue A),OTHER_EVENT:New Job(Queue A),3.467,,bad_time_or_dims_or_event,missing_print_times
job-7400ca5cfa,LG-540,New Job(Queue A),OTHER_EVENT:New Job(Queue A),3.467,,bad_time_or_dims_or_event,missing_print_times
job-a69cc51e58,LG-540,New Job(Queue A),OTHER_EVENT:New Job(Queue A),3.467,,bad_time_or_dims_or_event,missing_print_times
job-360d710ce3,LG-540,New Job(Queue A),OTHER_EVENT:New Job(Queue A),3.467,,bad_time_or_dims_or_event,missing_print_times
job-da06dd0f26,LG-540,New Job(Queue A),OTHER_EVENT:New Job(Queue A),3.467,,bad_time_or_dims_or_event,missing_print_times
job-e951e55ac8,LG-540,New Job(Queue A),OTHER_EVENT:New Job(Queue A),3.467,,bad_time_or_dims_or_event,missing_print_times
job-4524b4246b,LG-540,New Job(Queue A),OTHER_EVENT:New Job(Queue A),3.467,,bad_time_or_dims_or_event,missing_print_times
job-f352c98835,LG-540,New Job(Queue A),OTHER_EVENT:New Job(Queue A),3.467,,bad_time_or_dims_or_event,missing_print_times
job-e6d9573ac3,LG-540,New Job(Queue A),OTHER_EVENT:New Job(Queue A),3.467,,bad_time_or_dims_or_event,missing_print_times
job-90de8c499e,LG-540,New Job(Queue A),OTHER_EVENT:New Job(Queue A),3.467,,bad_time_or_dims_or_event,missing_print_times
job-8c7b745fd8,LG-540,New Job(Queue A),OTHER_EVENT:New Job(Queue A),3.467,,bad_time_or_dims_or_event,missing_print_times
job-7a011dde5e,LG-540,New Job(Queue A),OTHER_EVENT:New Job(Queue A),3.467,,bad_time_or_dims_or_event,missing_print_times
job-2f8acf5b1d,LG-540,New Job(Queue A),OTHER_EVENT:New Job(Queue A),3.467,,bad_time_or_dims_or_event,missing_print_times
job-eacf46222c,LG-540,New Job(Queue A),OTHER_EVENT:New Job(Queue A),3.467,,bad_time_or_dims_or_event,missing_print_times
job-1fe2b714f2,LG-540,New Job(Queue A),OTHER_EVENT:New Job(Queue A),3.467,,bad_time_or_dims_or_event,missing_print_times
job-3d6a382f3c,LG-540,New Job(Queue A),OTHER_EVENT:New Job(Queue A),3.467,,bad_time_or_dims_or_event,missing_print_times
job-f8011075dc,LG-540,New Job(Queue A),OTHER_EVENT:New Job(Queue A),3.467,,bad_time_or_dims_or_event,missing_print_times
job-e081d1da30,LG-540,Print End,LG540_GLOSS_ONLY,18.202,41486.0,bad_time_or_dims_or_event,possible_idle_gt4h
job-e081d1da30,LG-540,Print End,DUPLICATE_SUMMARY,18.202,40476.0,duplicate,possible_idle_gt4h
job-e5d198505d,LG-540,Print End,LG540_GLOSS_ONLY,18.202,39116.0,bad_time_or_dims_or_event,possible_idle_gt4h
job-e5d198505d,LG-540,Print End,DUPLICATE_SUMMARY,18.202,38033.0,duplicate,possible_idle_gt4h
job-5aca95527c,LG-540,Print End,LG540_GLOSS_ONLY,18.202,36373.0,bad_time_or_dims_or_event,possible_idle_gt4h
job-5aca95527c,LG-540,Print End,DUPLICATE_SUMMARY,18.202,35371.0,duplicate,possible_idle_gt4h
job-c3a9daf20a,LG-540,Print End,LG540_GLOSS_ONLY,18.202,34023.0,bad_time_or_dims_or_event,possible_idle_gt4h
job-c3a9daf20a,LG-540,Print End,DUPLICATE_SUMMARY,18.202,33162.0,duplicate,possible_idle_gt4h
job-6499fb7a51,LG-540,Print End,LG540_GLOSS_ONLY,18.202,31819.0,bad_time_or_dims_or_event,possible_idle_gt4h
job-6499fb7a51,LG-540,Print End,DUPLICATE_SUMMARY,18.202,30811.0,duplicate,possible_idle_gt4h
job-dfa84d75de,LG-540,Print End,LG540_GLOSS_ONLY,18.202,29453.0,bad_time_or_dims_or_event,possible_idle_gt4h
job-dfa84d75de,LG-540,Print End,DUPLICATE_SUMMARY,18.202,28440.0,duplicate,possible_idle_gt4h
job-d72fa6c616,LG-540,Print End,LG540_GLOSS_ONLY,18.202,27099.0,bad_time_or_dims_or_event,possible_idle_gt4h
job-d72fa6c616,LG-540,Print End,DUPLICATE_SUMMARY,18.202,26021.0,duplicate,possible_idle_gt4h
job-ccff67481d,LG-540,Print End,LG540_GLOSS_ONLY,18.202,24333.0,bad_time_or_dims_or_event,possible_idle_gt4h
job-ccff67481d,LG-540,Print End,DUPLICATE_SUMMARY,18.202,23326.0,duplicate,possible_idle_gt4h
job-2a57cec08a,LG-540,Print End,LG540_GLOSS_ONLY,18.202,21984.0,bad_time_or_dims_or_event,possible_idle_gt4h
job-2a57cec08a,LG-540,Print End,DUPLICATE_SUMMARY,18.202,20887.0,duplicate,possible_idle_gt4h
job-b2ed7160ce,LG-540,Print End,LG540_GLOSS_ONLY,18.202,19181.0,bad_time_or_dims_or_event,possible_idle_gt4h
job-b2ed7160ce,LG-540,Print End,DUPLICATE_SUMMARY,18.202,18168.0,duplicate,possible_idle_gt4h
job-74c3410e78,LG-540,Print End,LG540_GLOSS_ONLY,18.202,16750.0,bad_time_or_dims_or_event,possible_idle_gt4h
job-74c3410e78,LG-540,Print End,DUPLICATE_SUMMARY,18.202,15741.0,duplicate,possible_idle_gt4h
job-33ebab3191,LG-540,Print End,DUPLICATE_SUMMARY,18.202,13283.0,duplicate,
job-49cac6115e,LG-540,Print End,DUPLICATE_SUMMARY,18.202,10619.0,duplicate,
job-43e9a4b54d,LG-540,Print End,DUPLICATE_SUMMARY,18.202,7990.0,duplicate,
job-c26e0f90a1,LG-540,Print End,DUPLICATE_SUMMARY,18.202,5637.0,duplicate,
job-356c92e3ea,LG-540,Print End,DUPLICATE_SUMMARY,18.202,3567.0,duplicate,
job-1c0c532b87,LG-540,Print End,DUPLICATE_SUMMARY,18.202,1062.0,duplicate,
job-e081d1da30,LG-540,Print Canceled,CANCELED,18.202,8965.0,canceled/failed,
job-e081d1da30,LG-540,Print Canceled,CANCELED,18.202,8965.0,canceled/failed,
job-e5d198505d,LG-540,Print Canceled,CANCELED,18.202,8999.0,canceled/failed,
job-e5d198505d,LG-540,Print Canceled,CANCELED,18.202,8999.0,canceled/failed,
job-5aca95527c,LG-540,Print Canceled,CANCELED,18.202,9015.0,canceled/failed,
job-5aca95527c,LG-540,Print Canceled,CANCELED,18.202,9015.0,canceled/failed,
job-c3a9daf20a,LG-540,Print Canceled,CANCELED,18.202,9030.0,canceled/failed,
job-c3a9daf20a,LG-540,Print Canceled,CANCELED,18.202,9030.0,canceled/failed,
job-6499fb7a51,LG-540,Print Canceled,CANCELED,18.202,9070.0,canceled/failed,
job-6499fb7a51,LG-540,Print Canceled,CANCELED,18.202,9070.0,canceled/failed,
job-dfa84d75de,LG-540,Print Canceled,CANCELED,18.202,9083.0,canceled/failed,
job-dfa84d75de,LG-540,Print Canceled,CANCELED,18.202,9083.0,canceled/failed,
job-d72fa6c616,LG-540,Print Canceled,CANCELED,18.202,9104.0,canceled/failed,
job-d72fa6c616,LG-540,Print Canceled,CANCELED,18.202,9104.0,canceled/failed,
job-ccff67481d,LG-540,Print Canceled,CANCELED,18.202,9118.0,canceled/failed,
job-ccff67481d,LG-540,Print Canceled,CANCELED,18.202,9118.0,canceled/failed,
job-2a57cec08a,LG-540,Print Canceled,CANCELED,18.202,9199.0,canceled/failed,
job-2a57cec08a,LG-540,Print Canceled,CANCELED,18.202,9199.0,canceled/failed,
job-b2ed7160ce,LG-540,Print Canceled,CANCELED,18.202,9212.0,canceled/failed,
job-b2ed7160ce,LG-540,Print Canceled,CANCELED,18.202,9212.0,canceled/failed,
job-74c3410e78,LG-540,Print Canceled,CANCELED,18.202,9229.0,canceled/failed,
job-74c3410e78,LG-540,Print Canceled,CANCELED,18.202,9228.0,canceled/failed,
job-33ebab3191,LG-540,Print Canceled,CANCELED,18.202,9245.0,canceled/failed,
job-33ebab3191,LG-540,Print Canceled,CANCELED,18.202,9245.0,canceled/failed,
job-49cac6115e,LG-540,Print Canceled,CANCELED,18.202,9260.0,canceled/failed,
job-49cac6115e,LG-540,Print Canceled,CANCELED,18.202,9260.0,canceled/failed,
job-43e9a4b54d,LG-540,Print Canceled,CANCELED,18.202,9277.0,canceled/failed,
job-43e9a4b54d,LG-540,Print Canceled,CANCELED,18.202,9277.0,canceled/failed,
job-c26e0f90a1,LG-540,Print Canceled,CANCELED,18.202,9290.0,canceled/failed,
job-c26e0f90a1,LG-540,Print Canceled,CANCELED,18.202,9290.0,canceled/failed,
job-356c92e3ea,LG-540,Print Canceled,CANCELED,18.202,9305.0,canceled/failed,
job-356c92e3ea,LG-540,Print Canceled,CANCELED,18.202,9305.0,canceled/failed,
job-1c0c532b87,LG-540,Print Canceled,CANCELED,18.202,9320.0,canceled/failed,
job-1c0c532b87,LG-540,Print Error,FAILED,18.202,9320.0,canceled/failed,
job-9ca77f389b,LG-540,Print End,DUPLICATE_SUMMARY,18.202,5884.0,duplicate,
job-8ce824e306,LG-540,Print End,DUPLICATE_SUMMARY,18.202,3559.0,duplicate,
job-94a57a5256,LG-540,Print End,DUPLICATE_SUMMARY,18.202,1080.0,duplicate,
job-94a57a5256,LG-540,New Job(Queue A),OTHER_EVENT:New Job(Queue A),0.803,,bad_time_or_dims_or_event,missing_print_times
job-8ce824e306,LG-540,New Job(Queue A),OTHER_EVENT:New Job(Queue A),0.803,,bad_time_or_dims_or_event,missing_print_times
job-9ca77f389b,LG-540,New Job(Queue A),OTHER_EVENT:New Job(Queue A),0.803,,bad_time_or_dims_or_event,missing_print_times
job-1c0c532b87,LG-540,New Job(Queue A),OTHER_EVENT:New Job(Queue A),0.803,,bad_time_or_dims_or_event,missing_print_times
job-356c92e3ea,LG-540,New Job(Queue A),OTHER_EVENT:New Job(Queue A),0.803,,bad_time_or_dims_or_event,missing_print_times
job-c26e0f90a1,LG-540,New Job(Queue A),OTHER_EVENT:New Job(Queue A),0.803,,bad_time_or_dims_or_event,missing_print_times
job-43e9a4b54d,LG-540,New Job(Queue A),OTHER_EVENT:New Job(Queue A),0.803,,bad_time_or_dims_or_event,missing_print_times
job-49cac6115e,LG-540,New Job(Queue A),OTHER_EVENT:New Job(Queue A),0.803,,bad_time_or_dims_or_event,missing_print_times
job-33ebab3191,LG-540,New Job(Queue A),OTHER_EVENT:New Job(Queue A),0.803,,bad_time_or_dims_or_event,missing_print_times
job-74c3410e78,LG-540,New Job(Queue A),OTHER_EVENT:New Job(Queue A),0.803,,bad_time_or_dims_or_event,missing_print_times
job-b2ed7160ce,LG-540,New Job(Queue A),OTHER_EVENT:New Job(Queue A),0.803,,bad_time_or_dims_or_event,missing_print_times
job-2a57cec08a,LG-540,New Job(Queue A),OTHER_EVENT:New Job(Queue A),0.803,,bad_time_or_dims_or_event,missing_print_times
job-ccff67481d,LG-540,New Job(Queue A),OTHER_EVENT:New Job(Queue A),0.803,,bad_time_or_dims_or_event,missing_print_times
job-d72fa6c616,LG-540,New Job(Queue A),OTHER_EVENT:New Job(Queue A),0.803,,bad_time_or_dims_or_event,missing_print_times
job-dfa84d75de,LG-540,New Job(Queue A),OTHER_EVENT:New Job(Queue A),0.803,,bad_time_or_dims_or_event,missing_print_times
job-6499fb7a51,LG-540,New Job(Queue A),OTHER_EVENT:New Job(Queue A),0.803,,bad_time_or_dims_or_event,missing_print_times
job-c3a9daf20a,LG-540,New Job(Queue A),OTHER_EVENT:New Job(Queue A),0.803,,bad_time_or_dims_or_event,missing_print_times
job-5aca95527c,LG-540,New Job(Queue A),OTHER_EVENT:New Job(Queue A),0.803,,bad_time_or_dims_or_event,missing_print_times
job-e5d198505d,LG-540,New Job(Queue A),OTHER_EVENT:New Job(Queue A),0.803,,bad_time_or_dims_or_event,missing_print_times
job-e081d1da30,LG-540,New Job(Queue A),OTHER_EVENT:New Job(Queue A),0.803,,bad_time_or_dims_or_event,missing_print_times
job-8d36d8e34e,LG-540,Print Error,FAILED,18.202,15600.0,canceled/failed,possible_idle_gt4h
job-5410c41248,LG-540,New Job(Queue A),OTHER_EVENT:New Job(Queue A),0.803,,bad_time_or_dims_or_event,missing_print_times
job-8d36d8e34e,LG-540,New Job(Queue A),OTHER_EVENT:New Job(Queue A),0.803,,bad_time_or_dims_or_event,missing_print_times
job-05aa63a661,LG-540,Print End,LG540_CMYK_ONLY,18.202,21250.0,bad_time_or_dims_or_event,possible_idle_gt4h
job-49570d7867,LG-540,Print End,LG540_CMYK_ONLY,18.202,18422.0,bad_time_or_dims_or_event,possible_idle_gt4h
job-e16ba3a487,LG-540,Print End,LG540_CMYK_ONLY,18.202,15629.0,bad_time_or_dims_or_event,possible_idle_gt4h
job-05aa63a661,LG-540,New Job(Queue A),OTHER_EVENT:New Job(Queue A),0.803,,bad_time_or_dims_or_event,missing_print_times
job-49570d7867,LG-540,New Job(Queue A),OTHER_EVENT:New Job(Queue A),0.803,,bad_time_or_dims_or_event,missing_print_times
job-e16ba3a487,LG-540,New Job(Queue A),OTHER_EVENT:New Job(Queue A),0.803,,bad_time_or_dims_or_event,missing_print_times
job-4c8847345d,LG-540,New Job(Queue A),OTHER_EVENT:New Job(Queue A),0.803,,bad_time_or_dims_or_event,missing_print_times
job-a0c78ba31b,LG-540,New Job(Queue A),OTHER_EVENT:New Job(Queue A),0.803,,bad_time_or_dims_or_event,missing_print_times
job-c70459330d,LG-540,New Job(Queue A),OTHER_EVENT:New Job(Queue A),0.803,,bad_time_or_dims_or_event,missing_print_times
job-da2a92cf2a,LG-540,New Job(Queue A),OTHER_EVENT:New Job(Queue A),0.803,,bad_time_or_dims_or_event,missing_print_times
job-53c1db037d,LG-540,New Job(Queue A),OTHER_EVENT:New Job(Queue A),0.803,,bad_time_or_dims_or_event,missing_print_times
job-4c06c7239f,LG-540,Print End,LG540_CMYK_ONLY,15.313,32331.0,bad_time_or_dims_or_event,possible_idle_gt4h
job-eaddc8593d,LG-540,Print End,LG540_CMYK_ONLY,20.417,31452.0,bad_time_or_dims_or_event,possible_idle_gt4h
job-3c921896c8,LG-540,Print End,LG540_CMYK_ONLY,20.417,30283.0,bad_time_or_dims_or_event,possible_idle_gt4h
job-7c24311536,LG-540,New Job(Queue A),OTHER_EVENT:New Job(Queue A),3.467,,bad_time_or_dims_or_event,missing_print_times
job-4a506d302c,LG-540,New Job(Queue A),OTHER_EVENT:New Job(Queue A),3.467,,bad_time_or_dims_or_event,missing_print_times
job-b63e4e74c5,LG-540,New Job(Queue A),OTHER_EVENT:New Job(Queue A),3.467,,bad_time_or_dims_or_event,missing_print_times
job-d402e86099,LG-540,New Job(Queue A),OTHER_EVENT:New Job(Queue A),3.467,,bad_time_or_dims_or_event,missing_print_times
job-dce268fe72,LG-540,New Job(Queue A),OTHER_EVENT:New Job(Queue A),3.467,,bad_time_or_dims_or_event,missing_print_times
job-375d303324,LG-540,New Job(Queue A),OTHER_EVENT:New Job(Queue A),3.467,,bad_time_or_dims_or_event,missing_print_times
job-99cf0e760a,LG-540,New Job(Queue A),OTHER_EVENT:New Job(Queue A),3.467,,bad_time_or_dims_or_event,missing_print_times
job-c197584bad,LG-540,New Job(Queue A),OTHER_EVENT:New Job(Queue A),3.467,,bad_time_or_dims_or_event,missing_print_times
job-4f13da378d,LG-540,New Job(Queue A),OTHER_EVENT:New Job(Queue A),3.467,,bad_time_or_dims_or_event,missing_print_times
job-7e68145f66,LG-540,New Job(Queue A),OTHER_EVENT:New Job(Queue A),3.467,,bad_time_or_dims_or_event,missing_print_times
job-ee24556988,LG-540,New Job(Queue A),OTHER_EVENT:New Job(Queue A),3.467,,bad_time_or_dims_or_event,missing_print_times
job-a4213f15dc,LG-540,New Job(Queue A),OTHER_EVENT:New Job(Queue A),3.467,,bad_time_or_dims_or_event,missing_print_times
job-b7094f87e2,LG-540,New Job(Queue A),OTHER_EVENT:New Job(Queue A),3.467,,bad_time_or_dims_or_event,missing_print_times
job-f2ea5c3700,LG-540,New Job(Queue A),OTHER_EVENT:New Job(Queue A),3.467,,bad_time_or_dims_or_event,missing_print_times
job-59d20f224b,LG-540,New Job(Queue A),OTHER_EVENT:New Job(Queue A),3.467,,bad_time_or_dims_or_event,missing_print_times
job-af88bc6a6a,LG-540,New Job(Queue A),OTHER_EVENT:New Job(Queue A),3.467,,bad_time_or_dims_or_event,missing_print_times
job-d9a27959de,LG-540,New Job(Queue A),OTHER_EVENT:New Job(Queue A),3.467,,bad_time_or_dims_or_event,missing_print_times
job-4a6d685568,LG-540,New Job(Queue A),OTHER_EVENT:New Job(Queue A),3.467,,bad_time_or_dims_or_event,missing_print_times
job-b604faa3e4,LG-540,New Job(Queue A),OTHER_EVENT:New Job(Queue A),3.467,,bad_time_or_dims_or_event,missing_print_times
job-b24dcb0c32,LG-540,New Job(Queue A),OTHER_EVENT:New Job(Queue A),3.467,,bad_time_or_dims_or_event,missing_print_times
job-01a04b9bd4,LG-540,New Job(Queue A),OTHER_EVENT:New Job(Queue A),3.467,,bad_time_or_dims_or_event,missing_print_times
job-26f41067f8,LG-540,New Job(Queue A),OTHER_EVENT:New Job(Queue A),3.467,,bad_time_or_dims_or_event,missing_print_times
job-cfa5a32e2b,LG-540,New Job(Queue A),OTHER_EVENT:New Job(Queue A),3.467,,bad_time_or_dims_or_event,missing_print_times
job-293eef9cd0,LG-540,New Job(Queue A),OTHER_EVENT:New Job(Queue A),3.467,,bad_time_or_dims_or_event,missing_print_times
job-a4cbaf44ec,LG-540,New Job(Queue A),OTHER_EVENT:New Job(Queue A),3.467,,bad_time_or_dims_or_event,missing_print_times
job-ce4efc6a33,LG-540,New Job(Queue A),OTHER_EVENT:New Job(Queue A),3.467,,bad_time_or_dims_or_event,missing_print_times
job-19a489ac14,LG-540,New Job(Queue A),OTHER_EVENT:New Job(Queue A),3.467,,bad_time_or_dims_or_event,missing_print_times
job-c214dbfcc6,LG-540,New Job(Queue A),OTHER_EVENT:New Job(Queue A),3.467,,bad_time_or_dims_or_event,missing_print_times
job-0e84c45b60,LG-540,New Job(Queue A),OTHER_EVENT:New Job(Queue A),3.467,,bad_time_or_dims_or_event,missing_print_times
job-1649a2f42f,LG-540,New Job(Queue A),OTHER_EVENT:New Job(Queue A),3.467,,bad_time_or_dims_or_event,missing_print_times
job-87d1f269d5,LG-540,New Job(Queue A),OTHER_EVENT:New Job(Queue A),3.467,,bad_time_or_dims_or_event,missing_print_times
job-167710e936,LG-540,New Job(Queue A),OTHER_EVENT:New Job(Queue A),3.467,,bad_time_or_dims_or_event,missing_print_times
job-b8c5871c8f,LG-540,Print End,LG540_CMYK_ONLY,18.202,27884.0,bad_time_or_dims_or_event,possible_idle_gt4h
job-ff564070ec,LG-540,Print End,LG540_CMYK_ONLY,18.202,24911.0,bad_time_or_dims_or_event,possible_idle_gt4h
job-657873af4b,LG-540,Print End,LG540_CMYK_ONLY,18.202,21846.0,bad_time_or_dims_or_event,possible_idle_gt4h
job-846cdfdde8,LG-540,Print End,LG540_CMYK_ONLY,18.202,18943.0,bad_time_or_dims_or_event,possible_idle_gt4h
job-0e79a1a24a,LG-540,Print End,LG540_CMYK_ONLY,18.202,16188.0,bad_time_or_dims_or_event,possible_idle_gt4h
job-b8c5871c8f,LG-540,New Job(Queue A),OTHER_EVENT:New Job(Queue A),0.803,,bad_time_or_dims_or_event,missing_print_times
job-ff564070ec,LG-540,New Job(Queue A),OTHER_EVENT:New Job(Queue A),0.803,,bad_time_or_dims_or_event,missing_print_times
job-657873af4b,LG-540,New Job(Queue A),OTHER_EVENT:New Job(Queue A),0.803,,bad_time_or_dims_or_event,missing_print_times
job-846cdfdde8,LG-540,New Job(Queue A),OTHER_EVENT:New Job(Queue A),0.803,,bad_time_or_dims_or_event,missing_print_times
job-0e79a1a24a,LG-540,New Job(Queue A),OTHER_EVENT:New Job(Queue A),0.803,,bad_time_or_dims_or_event,missing_print_times
job-8fa04cdb2e,LG-540,Print End,LG540_GLOSS_ONLY,13.066,15603.0,bad_time_or_dims_or_event,possible_idle_gt4h
job-8fa04cdb2e,LG-540,Print End,DUPLICATE_SUMMARY,13.066,12820.0,duplicate,
job-8fa04cdb2e,LG-540,Print End,DUPLICATE_SUMMARY,13.066,11432.0,duplicate,
job-8fa04cdb2e,LG-540,Print End,DUPLICATE_SUMMARY,13.066,8720.0,duplicate,
job-168ee3f759,LG-540,Print End,DUPLICATE_SUMMARY,13.066,4559.0,duplicate,
job-168ee3f759,LG-540,Print End,DUPLICATE_SUMMARY,13.066,3479.0,duplicate,
job-168ee3f759,LG-540,Print End,DUPLICATE_SUMMARY,13.066,842.0,duplicate,
job-8fa04cdb2e,LG-540,New Job(Queue A),OTHER_EVENT:New Job(Queue A),0.675,,bad_time_or_dims_or_event,missing_print_times
job-3c921896c8,LG-540,Print Canceled,CANCELED,11.825,1097.0,canceled/failed,
job-b7d82e70cf,LG-540,New Job(Queue A),OTHER_EVENT:New Job(Queue A),0.205,,bad_time_or_dims_or_event,missing_print_times
job-283010a54c,LG-540,New Job(Queue A),OTHER_EVENT:New Job(Queue A),0.205,,bad_time_or_dims_or_event,missing_print_times
job-4752a80a00,LG-540,New Job(Queue A),OTHER_EVENT:New Job(Queue A),0.205,,bad_time_or_dims_or_event,missing_print_times
job-d6683efde1,LG-540,New Job(Queue A),OTHER_EVENT:New Job(Queue A),0.205,,bad_time_or_dims_or_event,missing_print_times
job-001a9e2457,LG-540,New Job(Queue A),OTHER_EVENT:New Job(Queue A),0.205,,bad_time_or_dims_or_event,missing_print_times
job-c701563e63,LG-540,New Job(Queue A),OTHER_EVENT:New Job(Queue A),1.043,,bad_time_or_dims_or_event,missing_print_times
job-4e516203d4,LG-540,New Job(Queue A),OTHER_EVENT:New Job(Queue A),1.298,,bad_time_or_dims_or_event,missing_print_times
job-a1f26bf2f7,LG-540,New Job(Queue A),OTHER_EVENT:New Job(Queue A),1.505,,bad_time_or_dims_or_event,missing_print_times
job-a93b0ae0ad,LG-540,New Job(Queue A),OTHER_EVENT:New Job(Queue A),0.292,,bad_time_or_dims_or_event,missing_print_times
job-168ee3f759,LG-540,New Job(Queue A),OTHER_EVENT:New Job(Queue A),0.675,,bad_time_or_dims_or_event,missing_print_times
job-3c921896c8,LG-540,Print Canceled,CANCELED,10.124,353.0,canceled/failed,
job-4c06c7239f,LG-540,Print End,DUPLICATE_SUMMARY,9.638,2860.0,duplicate,
job-af73acc382,LG-540,Print End,DUPLICATE_SUMMARY,4.229,709.0,duplicate,
job-af73acc382,LG-540,Print Canceled,CANCELED,4.229,154.0,canceled/failed,
job-af73acc382,LG-540,Print Canceled,CANCELED,4.229,110.0,canceled/failed,
job-175f1d02b6,LG-540,New Job(Queue A),OTHER_EVENT:New Job(Queue A),0.302,,bad_time_or_dims_or_event,missing_print_times
job-68d6f48e5f,LG-540,New Job(Queue A),OTHER_EVENT:New Job(Queue A),0.302,,bad_time_or_dims_or_event,missing_print_times
job-47c5898310,LG-540,New Job(Queue A),OTHER_EVENT:New Job(Queue A),0.302,,bad_time_or_dims_or_event,missing_print_times
job-72fa63470a,LG-540,New Job(Queue A),OTHER_EVENT:New Job(Queue A),0.302,,bad_time_or_dims_or_event,missing_print_times
job-337616be3b,LG-540,New Job(Queue A),OTHER_EVENT:New Job(Queue A),0.302,,bad_time_or_dims_or_event,missing_print_times
job-6df0c7ebe5,LG-540,New Job(Queue A),OTHER_EVENT:New Job(Queue A),0.302,,bad_time_or_dims_or_event,missing_print_times
job-285600caca,LG-540,New Job(Queue A),OTHER_EVENT:New Job(Queue A),0.302,,bad_time_or_dims_or_event,missing_print_times
job-f39350c6c4,LG-540,New Job(Queue A),OTHER_EVENT:New Job(Queue A),0.302,,bad_time_or_dims_or_event,missing_print_times
job-5a93d5d26c,LG-540,New Job(Queue A),OTHER_EVENT:New Job(Queue A),0.31,,bad_time_or_dims_or_event,missing_print_times
job-331af354ab,LG-540,New Job(Queue A),OTHER_EVENT:New Job(Queue A),0.302,,bad_time_or_dims_or_event,missing_print_times
job-4fc4569c56,LG-540,New Job(Queue A),OTHER_EVENT:New Job(Queue A),0.302,,bad_time_or_dims_or_event,missing_print_times
job-f1e50f65d0,LG-540,New Job(Queue A),OTHER_EVENT:New Job(Queue A),0.302,,bad_time_or_dims_or_event,missing_print_times
job-a2918b021c,LG-540,New Job(Queue A),OTHER_EVENT:New Job(Queue A),0.302,,bad_time_or_dims_or_event,missing_print_times
job-07693a0404,LG-540,New Job(Queue A),OTHER_EVENT:New Job(Queue A),0.305,,bad_time_or_dims_or_event,missing_print_times
job-4f3c1403ad,LG-540,New Job(Queue A),OTHER_EVENT:New Job(Queue A),0.305,,bad_time_or_dims_or_event,missing_print_times
job-eb5811c838,LG-540,New Job(Queue A),OTHER_EVENT:New Job(Queue A),0.302,,bad_time_or_dims_or_event,missing_print_times
job-2d4061c701,LG-540,New Job(Queue A),OTHER_EVENT:New Job(Queue A),0.275,,bad_time_or_dims_or_event,missing_print_times
job-4eecea736d,LG-540,New Job(Queue A),OTHER_EVENT:New Job(Queue A),0.273,,bad_time_or_dims_or_event,missing_print_times
job-1d4b65c3af,LG-540,New Job(Queue A),OTHER_EVENT:New Job(Queue A),0.275,,bad_time_or_dims_or_event,missing_print_times
job-abb959b96b,LG-540,New Job(Queue A),OTHER_EVENT:New Job(Queue A),0.273,,bad_time_or_dims_or_event,missing_print_times
job-4047ccd25d,LG-540,New Job(Queue A),OTHER_EVENT:New Job(Queue A),0.273,,bad_time_or_dims_or_event,missing_print_times
job-9ffea0d7ab,LG-540,New Job(Queue A),OTHER_EVENT:New Job(Queue A),0.273,,bad_time_or_dims_or_event,missing_print_times
job-15f6999458,LG-540,New Job(Queue A),OTHER_EVENT:New Job(Queue A),0.273,,bad_time_or_dims_or_event,missing_print_times
job-8de1e5809d,LG-540,New Job(Queue A),OTHER_EVENT:New Job(Queue A),0.273,,bad_time_or_dims_or_event,missing_print_times
job-73cd28a114,LG-540,New Job(Queue A),OTHER_EVENT:New Job(Queue A),0.292,,bad_time_or_dims_or_event,missing_print_times
job-b7e8387c07,LG-540,New Job(Queue A),OTHER_EVENT:New Job(Queue A),0.292,,bad_time_or_dims_or_event,missing_print_times
job-c39f9a8d12,LG-540,New Job(Queue A),OTHER_EVENT:New Job(Queue A),0.292,,bad_time_or_dims_or_event,missing_print_times
job-f153d11a56,LG-540,New Job(Queue A),OTHER_EVENT:New Job(Queue A),0.292,,bad_time_or_dims_or_event,missing_print_times
job-f61033d10c,LG-540,New Job(Queue A),OTHER_EVENT:New Job(Queue A),0.292,,bad_time_or_dims_or_event,missing_print_times
job-32b314d65c,LG-540,New Job(Queue A),OTHER_EVENT:New Job(Queue A),0.292,,bad_time_or_dims_or_event,missing_print_times
job-175f1d02b6,LG-540,New Job(Queue A),OTHER_EVENT:New Job(Queue A),0.302,,bad_time_or_dims_or_event,missing_print_times
job-68d6f48e5f,LG-540,New Job(Queue A),OTHER_EVENT:New Job(Queue A),0.302,,bad_time_or_dims_or_event,missing_print_times
job-47c5898310,LG-540,New Job(Queue A),OTHER_EVENT:New Job(Queue A),0.302,,bad_time_or_dims_or_event,missing_print_times
job-72fa63470a,LG-540,New Job(Queue A),OTHER_EVENT:New Job(Queue A),0.302,,bad_time_or_dims_or_event,missing_print_times
job-337616be3b,LG-540,New Job(Queue A),OTHER_EVENT:New Job(Queue A),0.302,,bad_time_or_dims_or_event,missing_print_times
job-6df0c7ebe5,LG-540,New Job(Queue A),OTHER_EVENT:New Job(Queue A),0.302,,bad_time_or_dims_or_event,missing_print_times
job-285600caca,LG-540,New Job(Queue A),OTHER_EVENT:New Job(Queue A),0.302,,bad_time_or_dims_or_event,missing_print_times
job-f39350c6c4,LG-540,New Job(Queue A),OTHER_EVENT:New Job(Queue A),0.302,,bad_time_or_dims_or_event,missing_print_times
job-5a93d5d26c,LG-540,New Job(Queue A),OTHER_EVENT:New Job(Queue A),0.31,,bad_time_or_dims_or_event,missing_print_times
job-331af354ab,LG-540,New Job(Queue A),OTHER_EVENT:New Job(Queue A),0.302,,bad_time_or_dims_or_event,missing_print_times
job-4fc4569c56,LG-540,New Job(Queue A),OTHER_EVENT:New Job(Queue A),0.302,,bad_time_or_dims_or_event,missing_print_times
job-f1e50f65d0,LG-540,New Job(Queue A),OTHER_EVENT:New Job(Queue A),0.302,,bad_time_or_dims_or_event,missing_print_times
job-a2918b021c,LG-540,New Job(Queue A),OTHER_EVENT:New Job(Queue A),0.302,,bad_time_or_dims_or_event,missing_print_times
job-4e516203d4,LG-540,New Job(Queue A),OTHER_EVENT:New Job(Queue A),1.298,,bad_time_or_dims_or_event,missing_print_times
job-07693a0404,LG-540,New Job(Queue A),OTHER_EVENT:New Job(Queue A),0.305,,bad_time_or_dims_or_event,missing_print_times
job-4f3c1403ad,LG-540,New Job(Queue A),OTHER_EVENT:New Job(Queue A),0.305,,bad_time_or_dims_or_event,missing_print_times
job-b1fd5e5b35,LG-540,New Job(Queue A),OTHER_EVENT:New Job(Queue A),0.292,,bad_time_or_dims_or_event,missing_print_times
job-eb5811c838,LG-540,New Job(Queue A),OTHER_EVENT:New Job(Queue A),0.302,,bad_time_or_dims_or_event,missing_print_times
job-41f89a2d56,LG-540,New Job(Queue A),OTHER_EVENT:New Job(Queue A),1.301,,bad_time_or_dims_or_event,missing_print_times
job-c37e5c193a,LG-540,New Job(Queue A),OTHER_EVENT:New Job(Queue A),1.298,,bad_time_or_dims_or_event,missing_print_times
job-54d7b3e0ec,LG-540,New Job(Queue A),OTHER_EVENT:New Job(Queue A),1.301,,bad_time_or_dims_or_event,missing_print_times
job-1a018a0c91,LG-540,New Job(Queue A),OTHER_EVENT:New Job(Queue A),0.497,,bad_time_or_dims_or_event,missing_print_times
job-b8c5871c8f,LG-540,Print Canceled,CANCELED,18.202,19618.0,canceled/failed,possible_idle_gt4h
job-ff564070ec,LG-540,Print Canceled,CANCELED,18.202,19618.0,canceled/failed,possible_idle_gt4h
job-657873af4b,LG-540,Print Canceled,CANCELED,18.202,19618.0,canceled/failed,possible_idle_gt4h
job-846cdfdde8,LG-540,Print Canceled,CANCELED,18.202,19618.0,canceled/failed,possible_idle_gt4h
job-0e79a1a24a,LG-540,Print Canceled,CANCELED,18.202,19618.0,canceled/failed,possible_idle_gt4h
job-d0e256026d,LG-540,Print End,LG540_CMYK_ONLY,18.202,18426.0,bad_time_or_dims_or_event,possible_idle_gt4h
job-e29add3492,LG-540,Print End,LG540_CMYK_ONLY,18.202,15672.0,bad_time_or_dims_or_event,possible_idle_gt4h
job-08b493df09,LG-540,Print Canceled,CANCELED,18.202,649.0,canceled/failed,
job-b8c5871c8f,LG-540,Print Canceled,CANCELED,18.202,31193.0,canceled/failed,possible_idle_gt4h
job-ff564070ec,LG-540,Print Canceled,CANCELED,18.202,31192.0,canceled/failed,possible_idle_gt4h
job-657873af4b,LG-540,Print Canceled,CANCELED,18.202,31192.0,canceled/failed,possible_idle_gt4h
job-846cdfdde8,LG-540,Print Canceled,CANCELED,18.202,31192.0,canceled/failed,possible_idle_gt4h
job-0e79a1a24a,LG-540,Print Canceled,CANCELED,18.202,31192.0,canceled/failed,possible_idle_gt4h
job-d0e256026d,LG-540,Print Canceled,CANCELED,18.202,31192.0,canceled/failed,possible_idle_gt4h
job-e29add3492,LG-540,Print Canceled,CANCELED,18.202,31192.0,canceled/failed,possible_idle_gt4h
job-fb22fad477,LG-540,Print Canceled,CANCELED,18.202,31192.0,canceled/failed,possible_idle_gt4h
job-7a423d3512,LG-540,Print Canceled,CANCELED,18.202,31192.0,canceled/failed,possible_idle_gt4h
job-eec7642b03,LG-540,Print Canceled,CANCELED,18.202,31192.0,canceled/failed,possible_idle_gt4h
job-73b4dea67a,LG-540,Print Canceled,CANCELED,18.202,31192.0,canceled/failed,possible_idle_gt4h
job-08b493df09,LG-540,Print End,LG540_CMYK_ONLY,18.202,30546.0,bad_time_or_dims_or_event,possible_idle_gt4h
job-0dc30e0d21,LG-540,Print End,LG540_CMYK_ONLY,18.202,27323.0,bad_time_or_dims_or_event,possible_idle_gt4h
job-0307b4351a,LG-540,Print End,LG540_CMYK_ONLY,18.202,24563.0,bad_time_or_dims_or_event,possible_idle_gt4h
job-81c3414ce8,LG-540,Print End,LG540_CMYK_ONLY,18.202,21601.0,bad_time_or_dims_or_event,possible_idle_gt4h
job-f885858eef,LG-540,Print End,LG540_CMYK_ONLY,18.202,18793.0,bad_time_or_dims_or_event,possible_idle_gt4h
job-3695c17e08,LG-540,Print End,LG540_CMYK_ONLY,18.202,15753.0,bad_time_or_dims_or_event,possible_idle_gt4h
job-b8c5871c8f,LG-540,New Job(Queue A),OTHER_EVENT:New Job(Queue A),0.803,,bad_time_or_dims_or_event,missing_print_times
job-ff564070ec,LG-540,New Job(Queue A),OTHER_EVENT:New Job(Queue A),0.803,,bad_time_or_dims_or_event,missing_print_times
job-657873af4b,LG-540,New Job(Queue A),OTHER_EVENT:New Job(Queue A),0.803,,bad_time_or_dims_or_event,missing_print_times
job-846cdfdde8,LG-540,New Job(Queue A),OTHER_EVENT:New Job(Queue A),0.803,,bad_time_or_dims_or_event,missing_print_times
job-0e79a1a24a,LG-540,New Job(Queue A),OTHER_EVENT:New Job(Queue A),0.803,,bad_time_or_dims_or_event,missing_print_times
job-d0e256026d,LG-540,New Job(Queue A),OTHER_EVENT:New Job(Queue A),0.803,,bad_time_or_dims_or_event,missing_print_times
job-e29add3492,LG-540,New Job(Queue A),OTHER_EVENT:New Job(Queue A),0.803,,bad_time_or_dims_or_event,missing_print_times
job-fb22fad477,LG-540,New Job(Queue A),OTHER_EVENT:New Job(Queue A),0.803,,bad_time_or_dims_or_event,missing_print_times
job-7a423d3512,LG-540,New Job(Queue A),OTHER_EVENT:New Job(Queue A),0.803,,bad_time_or_dims_or_event,missing_print_times
job-eec7642b03,LG-540,New Job(Queue A),OTHER_EVENT:New Job(Queue A),0.803,,bad_time_or_dims_or_event,missing_print_times
job-73b4dea67a,LG-540,New Job(Queue A),OTHER_EVENT:New Job(Queue A),0.803,,bad_time_or_dims_or_event,missing_print_times
job-08b493df09,LG-540,New Job(Queue A),OTHER_EVENT:New Job(Queue A),0.803,,bad_time_or_dims_or_event,missing_print_times
job-0dc30e0d21,LG-540,New Job(Queue A),OTHER_EVENT:New Job(Queue A),0.803,,bad_time_or_dims_or_event,missing_print_times
job-0307b4351a,LG-540,New Job(Queue A),OTHER_EVENT:New Job(Queue A),0.803,,bad_time_or_dims_or_event,missing_print_times
job-81c3414ce8,LG-540,New Job(Queue A),OTHER_EVENT:New Job(Queue A),0.803,,bad_time_or_dims_or_event,missing_print_times
job-f885858eef,LG-540,New Job(Queue A),OTHER_EVENT:New Job(Queue A),0.803,,bad_time_or_dims_or_event,missing_print_times
job-3695c17e08,LG-540,New Job(Queue A),OTHER_EVENT:New Job(Queue A),0.803,,bad_time_or_dims_or_event,missing_print_times
job-1f04253736,LG-540,New Job(Queue A),OTHER_EVENT:New Job(Queue A),0.803,,bad_time_or_dims_or_event,missing_print_times
job-d2cc74bbb2,LG-540,New Job(Queue A),OTHER_EVENT:New Job(Queue A),0.803,,bad_time_or_dims_or_event,missing_print_times
job-e7bfb57e80,LG-540,New Job(Queue A),OTHER_EVENT:New Job(Queue A),0.803,,bad_time_or_dims_or_event,missing_print_times
job-7e5b0016b1,LG-540,New Job(Queue A),OTHER_EVENT:New Job(Queue A),0.803,,bad_time_or_dims_or_event,missing_print_times
job-98847ac3dc,LG-540,New Job(Queue A),OTHER_EVENT:New Job(Queue A),0.803,,bad_time_or_dims_or_event,missing_print_times
job-9955184644,LG-540,Print End,LG540_GLOSS_ONLY,9.101,17803.0,bad_time_or_dims_or_event,possible_idle_gt4h
job-9955184644,LG-540,Print End,DUPLICATE_SUMMARY,9.101,15895.0,duplicate,possible_idle_gt4h
job-9955184644,LG-540,Print End,DUPLICATE_SUMMARY,9.101,15174.0,duplicate,possible_idle_gt4h
job-9955184644,LG-540,Print End,DUPLICATE_SUMMARY,9.101,12929.0,duplicate,
job-9955184644,LG-540,New Job(Queue A),OTHER_EVENT:New Job(Queue A),0.803,,bad_time_or_dims_or_event,missing_print_times
job-c25cad0acb,LG-540,Print End,DUPLICATE_SUMMARY,9.101,3252.0,duplicate,
job-c25cad0acb,LG-540,Print End,DUPLICATE_SUMMARY,9.101,2535.0,duplicate,
job-c25cad0acb,LG-540,Print End,DUPLICATE_SUMMARY,9.101,620.0,duplicate,
job-c25cad0acb,LG-540,New Job(Queue A),OTHER_EVENT:New Job(Queue A),0.803,,bad_time_or_dims_or_event,missing_print_times
job-2710f365a5,LG-540,Print End,DUPLICATE_SUMMARY,1.851,109.0,duplicate,
job-2710f365a5,LG-540,New Job(Queue A),OTHER_EVENT:New Job(Queue A),0.326,,bad_time_or_dims_or_event,missing_print_times
job-2710f365a5,LG-540,Print End,DUPLICATE_SUMMARY,1.851,257.0,duplicate,
job-2710f365a5,LG-540,New Job(Queue A),OTHER_EVENT:New Job(Queue A),0.326,,bad_time_or_dims_or_event,missing_print_times
job-e35820adcc,LG-540,Print End,LG540_GLOSS_ONLY,11.566,27983.0,bad_time_or_dims_or_event,possible_idle_gt4h
job-e35820adcc,LG-540,Print End,DUPLICATE_SUMMARY,11.566,25630.0,duplicate,possible_idle_gt4h
job-e35820adcc,LG-540,Print Canceled,CANCELED,11.566,265.0,canceled/failed,
job-e35820adcc,LG-540,Print Canceled,CANCELED,11.566,265.0,canceled/failed,
job-e35820adcc,LG-540,New Job(Queue A),OTHER_EVENT:New Job(Queue A),0.623,,bad_time_or_dims_or_event,missing_print_times
job-126f996d17,LG-540,Print End,LG540_GLOSS_ONLY,11.566,24621.0,bad_time_or_dims_or_event,possible_idle_gt4h
job-126f996d17,LG-540,Print End,DUPLICATE_SUMMARY,11.566,23294.0,duplicate,possible_idle_gt4h
job-b380af4a1f,LG-540,Print End,LG540_GLOSS_ONLY,11.566,22005.0,bad_time_or_dims_or_event,possible_idle_gt4h
job-b380af4a1f,LG-540,Print End,DUPLICATE_SUMMARY,11.566,19659.0,duplicate,possible_idle_gt4h
job-486d7bd1fd,LG-540,Print End,LG540_GLOSS_ONLY,11.566,18450.0,bad_time_or_dims_or_event,possible_idle_gt4h
job-486d7bd1fd,LG-540,Print End,DUPLICATE_SUMMARY,11.566,15744.0,duplicate,possible_idle_gt4h
job-b3817f7e4c,LG-540,Print End,LG540_GLOSS_ONLY,11.566,14491.0,bad_time_or_dims_or_event,possible_idle_gt4h
job-b3817f7e4c,LG-540,Print End,DUPLICATE_SUMMARY,11.566,11825.0,duplicate,
job-b3817f7e4c,LG-540,Print End,DUPLICATE_SUMMARY,11.566,10561.0,duplicate,
job-b3817f7e4c,LG-540,Print End,DUPLICATE_SUMMARY,11.566,8138.0,duplicate,
job-d677d3c24c,LG-540,Print End,DUPLICATE_SUMMARY,11.566,4334.0,duplicate,
job-d677d3c24c,LG-540,Print End,DUPLICATE_SUMMARY,11.566,3115.0,duplicate,
job-d677d3c24c,LG-540,Print End,DUPLICATE_SUMMARY,11.566,761.0,duplicate,
job-d677d3c24c,LG-540,New Job(Queue A),OTHER_EVENT:New Job(Queue A),0.623,,bad_time_or_dims_or_event,missing_print_times
job-b3817f7e4c,LG-540,New Job(Queue A),OTHER_EVENT:New Job(Queue A),0.623,,bad_time_or_dims_or_event,missing_print_times
job-cd94e7fe21,LG-540,New Job(Queue A),OTHER_EVENT:New Job(Queue A),0.485,,bad_time_or_dims_or_event,missing_print_times
job-6cab299149,LG-540,Print Error,FAILED,20.401,1735.0,canceled/failed,
job-6cab299149,LG-540,Print Canceled,CANCELED,20.403,5.0,canceled/failed,
job-6cab299149,LG-540,New Job(Queue A),OTHER_EVENT:New Job(Queue A),1.27,,bad_time_or_dims_or_event,missing_print_times
job-6cab299149,LG-540,New Job(Queue A),OTHER_EVENT:New Job(Queue A),1.27,,bad_time_or_dims_or_event,missing_print_times
job-c2db914b40,LG-540,New Job(Queue A),OTHER_EVENT:New Job(Queue A),1.27,,bad_time_or_dims_or_event,missing_print_times
job-6cab299149,LG-540,New Job(Queue A),OTHER_EVENT:New Job(Queue A),1.262,,bad_time_or_dims_or_event,missing_print_times
job-c2db914b40,LG-540,New Job(Queue A),OTHER_EVENT:New Job(Queue A),1.262,,bad_time_or_dims_or_event,missing_print_times
job-126f996d17,LG-540,Print End,DUPLICATE_SUMMARY,11.553,11608.0,duplicate,
job-b380af4a1f,LG-540,Print End,DUPLICATE_SUMMARY,11.553,7841.0,duplicate,
job-486d7bd1fd,LG-540,Print End,DUPLICATE_SUMMARY,11.553,4288.0,duplicate,
job-e35820adcc,LG-540,Print End,DUPLICATE_SUMMARY,11.553,736.0,duplicate,
job-b380af4a1f,LG-540,Print End,DUPLICATE_SUMMARY,11.553,725.0,duplicate,
job-486d7bd1fd,LG-540,Print End,DUPLICATE_SUMMARY,11.553,11044.0,duplicate,
job-e35820adcc,LG-540,Print End,DUPLICATE_SUMMARY,11.553,7071.0,duplicate,
job-126f996d17,LG-540,Print End,LG540_GLOSS_ONLY,11.553,15148.0,bad_time_or_dims_or_event,possible_idle_gt4h
job-126f996d17,LG-540,Print End,DUPLICATE_SUMMARY,11.553,13895.0,duplicate,
job-b380af4a1f,LG-540,Print End,DUPLICATE_SUMMARY,11.553,10043.0,duplicate,
job-486d7bd1fd,LG-540,Print End,DUPLICATE_SUMMARY,11.553,6255.0,duplicate,
job-e35820adcc,LG-540,Print End,DUPLICATE_SUMMARY,11.553,2647.0,duplicate,
job-126f996d17,LG-540,Print Canceled,CANCELED,11.553,2045.0,canceled/failed,
job-126f996d17,LG-540,Print Canceled,CANCELED,11.553,2045.0,canceled/failed,
job-126f996d17,LG-540,New Job(Queue A),OTHER_EVENT:New Job(Queue A),0.623,,bad_time_or_dims_or_event,missing_print_times
job-b380af4a1f,LG-540,Print Canceled,CANCELED,11.553,29408.0,canceled/failed,possible_idle_gt4h
job-b380af4a1f,LG-540,Print Canceled,CANCELED,11.553,29408.0,canceled/failed,possible_idle_gt4h
job-b380af4a1f,LG-540,Print Canceled,CANCELED,11.553,29408.0,canceled/failed,possible_idle_gt4h
job-b380af4a1f,LG-540,Print Canceled,CANCELED,11.553,29407.0,canceled/failed,possible_idle_gt4h
job-486d7bd1fd,LG-540,Print Canceled,CANCELED,11.553,29408.0,canceled/failed,possible_idle_gt4h
job-486d7bd1fd,LG-540,Print Canceled,CANCELED,11.553,29408.0,canceled/failed,possible_idle_gt4h
job-486d7bd1fd,LG-540,Print Canceled,CANCELED,11.553,29408.0,canceled/failed,possible_idle_gt4h
job-486d7bd1fd,LG-540,Print Canceled,CANCELED,11.553,29408.0,canceled/failed,possible_idle_gt4h
job-e35820adcc,LG-540,Print Canceled,CANCELED,11.553,29408.0,canceled/failed,possible_idle_gt4h
job-e35820adcc,LG-540,Print Canceled,CANCELED,11.553,29408.0,canceled/failed,possible_idle_gt4h
job-e35820adcc,LG-540,Print Canceled,CANCELED,11.553,29408.0,canceled/failed,possible_idle_gt4h
job-e35820adcc,LG-540,Print Canceled,CANCELED,11.553,29408.0,canceled/failed,possible_idle_gt4h
job-b3817f7e4c,LG-540,Print End,LG540_GLOSS_ONLY,11.553,30852.0,bad_time_or_dims_or_event,possible_idle_gt4h
job-b3817f7e4c,LG-540,Print End,DUPLICATE_SUMMARY,11.553,28062.0,duplicate,possible_idle_gt4h
job-b3817f7e4c,LG-540,Print End,DUPLICATE_SUMMARY,11.553,26838.0,duplicate,possible_idle_gt4h
job-b3817f7e4c,LG-540,Print End,DUPLICATE_SUMMARY,11.553,24111.0,duplicate,possible_idle_gt4h
job-d677d3c24c,LG-540,Print End,DUPLICATE_SUMMARY,11.553,7725.0,duplicate,
job-d677d3c24c,LG-540,Print End,DUPLICATE_SUMMARY,11.553,6518.0,duplicate,
job-d677d3c24c,LG-540,Print End,DUPLICATE_SUMMARY,11.553,3773.0,duplicate,
job-b380af4a1f,LG-540,Print Canceled,CANCELED,11.553,298.0,canceled/failed,
job-b380af4a1f,LG-540,Print Canceled,CANCELED,11.553,298.0,canceled/failed,
job-b380af4a1f,LG-540,Print Canceled,CANCELED,11.553,298.0,canceled/failed,
job-b380af4a1f,LG-540,Print Canceled,CANCELED,11.553,298.0,canceled/failed,
job-b380af4a1f,LG-540,New Job(Queue A),OTHER_EVENT:New Job(Queue A),0.623,,bad_time_or_dims_or_event,missing_print_times
job-486d7bd1fd,LG-540,Print Canceled,CANCELED,11.553,452.0,canceled/failed,
job-486d7bd1fd,LG-540,Print Canceled,CANCELED,11.553,452.0,canceled/failed,
job-486d7bd1fd,LG-540,Print Canceled,CANCELED,11.553,453.0,canceled/failed,
job-486d7bd1fd,LG-540,Print Canceled,CANCELED,11.553,453.0,canceled/failed,
job-486d7bd1fd,LG-540,New Job(Queue A),OTHER_EVENT:New Job(Queue A),0.623,,bad_time_or_dims_or_event,missing_print_times
job-e35820adcc,LG-540,Print Canceled,CANCELED,11.553,3302.0,canceled/failed,
job-e35820adcc,LG-540,Print Canceled,CANCELED,11.553,3302.0,canceled/failed,
job-e35820adcc,LG-540,Print Canceled,CANCELED,11.553,3303.0,canceled/failed,
job-e35820adcc,LG-540,Print Canceled,CANCELED,11.553,3303.0,canceled/failed,
job-e35820adcc,LG-540,New Job(Queue A),OTHER_EVENT:New Job(Queue A),0.623,,bad_time_or_dims_or_event,missing_print_times
job-b3817f7e4c,LG-540,Print Canceled,CANCELED,11.553,3890.0,canceled/failed,
job-b3817f7e4c,LG-540,Print Canceled,CANCELED,11.553,3889.0,canceled/failed,
job-b3817f7e4c,LG-540,Print Canceled,CANCELED,11.553,3889.0,canceled/failed,
job-b3817f7e4c,LG-540,Print Canceled,CANCELED,11.553,3889.0,canceled/failed,
job-b3817f7e4c,LG-540,New Job(Queue A),OTHER_EVENT:New Job(Queue A),0.623,,bad_time_or_dims_or_event,missing_print_times
job-d677d3c24c,LG-540,Print Canceled,CANCELED,11.553,4340.0,canceled/failed,
job-d677d3c24c,LG-540,Print Canceled,CANCELED,11.553,4340.0,canceled/failed,
job-d677d3c24c,LG-540,Print Canceled,CANCELED,11.553,4340.0,canceled/failed,
job-d677d3c24c,LG-540,Print Canceled,CANCELED,11.553,4340.0,canceled/failed,
job-b3817f7e4c,LG-540,Print Canceled,CANCELED,11.553,63.0,canceled/failed,
job-b3817f7e4c,LG-540,Print Canceled,CANCELED,11.553,63.0,canceled/failed,
job-b3817f7e4c,LG-540,Print Canceled,CANCELED,11.553,63.0,canceled/failed,
job-b3817f7e4c,LG-540,Print Canceled,CANCELED,11.553,63.0,canceled/failed,
job-126f996d17,LG-540,Print End,DUPLICATE_SUMMARY,11.553,4314.0,duplicate,
job-126f996d17,LG-540,Print End,DUPLICATE_SUMMARY,11.553,3118.0,duplicate,
job-126f996d17,LG-540,Print End,DUPLICATE_SUMMARY,11.553,773.0,duplicate,
job-126f996d17,LG-540,Print Canceled,CANCELED,11.553,10.0,canceled/failed,
job-126f996d17,LG-540,Print Canceled,CANCELED,11.553,10.0,canceled/failed,
job-126f996d17,LG-540,Print Canceled,CANCELED,11.553,11.0,canceled/failed,
job-126f996d17,LG-540,Print Canceled,CANCELED,11.553,11.0,canceled/failed,
job-d677d3c24c,LG-540,Print Canceled,CANCELED,11.553,67.0,canceled/failed,
job-d677d3c24c,LG-540,Print Canceled,CANCELED,11.553,212.0,canceled/failed,
job-d677d3c24c,LG-540,New Job(Queue A),OTHER_EVENT:New Job(Queue A),0.623,,bad_time_or_dims_or_event,missing_print_times
job-126f996d17,LG-540,New Job(Queue A),OTHER_EVENT:New Job(Queue A),0.623,,bad_time_or_dims_or_event,missing_print_times
job-b3817f7e4c,LG-540,New Job(Queue A),OTHER_EVENT:New Job(Queue A),0.623,,bad_time_or_dims_or_event,missing_print_times
job-d677d3c24c,LG-540,Print Canceled,CANCELED,11.544,2767.0,canceled/failed,
job-d677d3c24c,LG-540,New Job(Queue A),OTHER_EVENT:New Job(Queue A),0.623,,bad_time_or_dims_or_event,missing_print_times
job-5d5100550f,LG-540,Print End,LG540_NO_INK,0.623,101.0,no_ink,
job-5d5100550f,LG-540,New Job(Queue A),OTHER_EVENT:New Job(Queue A),0.623,,bad_time_or_dims_or_event,missing_print_times
job-5d5100550f,LG-540,Print End,LG540_NO_INK,0.607,10.0,no_ink,
job-5d5100550f,LG-540,Print End,LG540_NO_INK,0.607,24.0,no_ink,
job-5d5100550f,LG-540,New Job(Queue A),OTHER_EVENT:New Job(Queue A),0.609,,bad_time_or_dims_or_event,missing_print_times
job-380febe5fe,LG-540,Print End,DUPLICATE_SUMMARY,16.906,6231.0,duplicate,
job-380febe5fe,LG-540,Print End,DUPLICATE_SUMMARY,16.906,4896.0,duplicate,
job-380febe5fe,LG-540,Print End,DUPLICATE_SUMMARY,16.906,1659.0,duplicate,
job-e4466435e9,LG-540,Print End,DUPLICATE_SUMMARY,1.107,55.0,duplicate,
job-380febe5fe,LG-540,Print Canceled,CANCELED,16.906,114.0,canceled/failed,
job-380febe5fe,LG-540,Print Canceled,CANCELED,16.906,114.0,canceled/failed,
job-380febe5fe,LG-540,Print Canceled,CANCELED,16.906,114.0,canceled/failed,
job-380febe5fe,LG-540,Print Canceled,CANCELED,16.906,114.0,canceled/failed,
job-e4466435e9,LG-540,Print Canceled,CANCELED,1.107,119.0,canceled/failed,
job-e4466435e9,LG-540,Print Start,OTHER_EVENT:Print Start,1.107,,bad_time_or_dims_or_event,missing_print_times
job-380febe5fe,LG-540,Print Canceled,CANCELED,16.937,31.0,canceled/failed,
job-380febe5fe,LG-540,Print Canceled,CANCELED,16.937,31.0,canceled/failed,
job-380febe5fe,LG-540,Print Canceled,CANCELED,16.937,30.0,canceled/failed,
job-380febe5fe,LG-540,Print Canceled,CANCELED,16.937,30.0,canceled/failed,
job-e4466435e9,LG-540,Print Canceled,CANCELED,1.109,35.0,canceled/failed,
job-e4466435e9,LG-540,Print Canceled,CANCELED,1.109,38.0,canceled/failed,
job-e4466435e9,LG-540,New Job(Queue A),OTHER_EVENT:New Job(Queue A),0.226,,bad_time_or_dims_or_event,missing_print_times
job-380febe5fe,LG-540,Print Canceled,CANCELED,16.937,3499.0,canceled/failed,
job-380febe5fe,LG-540,Print Canceled,CANCELED,16.937,3499.0,canceled/failed,
job-380febe5fe,LG-540,Print Canceled,CANCELED,16.937,3499.0,canceled/failed,
job-380febe5fe,LG-540,Print Canceled,CANCELED,16.937,3502.0,canceled/failed,
job-380febe5fe,LG-540,Print Canceled,CANCELED,16.937,182.0,canceled/failed,
job-380febe5fe,LG-540,Print Canceled,CANCELED,16.937,182.0,canceled/failed,
job-380febe5fe,LG-540,Print Canceled,CANCELED,16.937,182.0,canceled/failed,
job-380febe5fe,LG-540,Print Canceled,CANCELED,16.937,196.0,canceled/failed,
job-380febe5fe,LG-540,New Job(Queue A),OTHER_EVENT:New Job(Queue A),0.198,,bad_time_or_dims_or_event,missing_print_times
job-33aa43d47e,LG-540,Print End,DUPLICATE_SUMMARY,9.541,6651.0,duplicate,
job-5fd19322d7,LG-540,Print End,DUPLICATE_SUMMARY,9.541,3351.0,duplicate,
job-5fd19322d7,LG-540,Print Canceled,CANCELED,9.541,121.0,canceled/failed,
job-5fd19322d7,LG-540,Print Canceled,CANCELED,9.541,136.0,canceled/failed,
job-024d373fbc,LG-540,Print End,DUPLICATE_SUMMARY,9.541,517.0,duplicate,
job-6ae078c064,LG-540,New Job(Queue A),OTHER_EVENT:New Job(Queue A),0.032,,bad_time_or_dims_or_event,missing_print_times
job-30b2224a3d,LG-540,New Job(Queue A),OTHER_EVENT:New Job(Queue A),0.032,,bad_time_or_dims_or_event,missing_print_times
job-ae2b48b2e3,LG-540,New Job(Queue A),OTHER_EVENT:New Job(Queue A),0.032,,bad_time_or_dims_or_event,missing_print_times
job-0a9074d538,LG-540,New Job(Queue A),OTHER_EVENT:New Job(Queue A),0.032,,bad_time_or_dims_or_event,missing_print_times
job-8646db1fb7,LG-540,New Job(Queue A),OTHER_EVENT:New Job(Queue A),0.032,,bad_time_or_dims_or_event,missing_print_times
job-5d1661367a,LG-540,New Job(Queue A),OTHER_EVENT:New Job(Queue A),0.032,,bad_time_or_dims_or_event,missing_print_times
job-1aea9fb61e,LG-540,New Job(Queue A),OTHER_EVENT:New Job(Queue A),0.032,,bad_time_or_dims_or_event,missing_print_times
job-5a40dc80ff,LG-540,New Job(Queue A),OTHER_EVENT:New Job(Queue A),0.032,,bad_time_or_dims_or_event,missing_print_times
job-47ed2f9b1c,LG-540,New Job(Queue A),OTHER_EVENT:New Job(Queue A),0.032,,bad_time_or_dims_or_event,missing_print_times
job-dca2463298,LG-540,Print Canceled,CANCELED,9.534,5351.0,canceled/failed,
job-dca2463298,LG-540,Print Canceled,CANCELED,9.541,5348.0,canceled/failed,
job-030d707abd,LG-540,Print Canceled,CANCELED,9.534,5346.0,canceled/failed,
job-030d707abd,LG-540,Print Canceled,CANCELED,9.541,5343.0,canceled/failed,
job-6ae078c064,LG-540,New Job(Queue A),OTHER_EVENT:New Job(Queue A),0.032,,bad_time_or_dims_or_event,missing_print_times
job-30b2224a3d,LG-540,New Job(Queue A),OTHER_EVENT:New Job(Queue A),0.032,,bad_time_or_dims_or_event,missing_print_times
job-ae2b48b2e3,LG-540,New Job(Queue A),OTHER_EVENT:New Job(Queue A),0.032,,bad_time_or_dims_or_event,missing_print_times
job-0a9074d538,LG-540,New Job(Queue A),OTHER_EVENT:New Job(Queue A),0.032,,bad_time_or_dims_or_event,missing_print_times
job-8646db1fb7,LG-540,New Job(Queue A),OTHER_EVENT:New Job(Queue A),0.032,,bad_time_or_dims_or_event,missing_print_times
job-5d1661367a,LG-540,New Job(Queue A),OTHER_EVENT:New Job(Queue A),0.032,,bad_time_or_dims_or_event,missing_print_times
job-1aea9fb61e,LG-540,New Job(Queue A),OTHER_EVENT:New Job(Queue A),0.032,,bad_time_or_dims_or_event,missing_print_times
job-5a40dc80ff,LG-540,New Job(Queue A),OTHER_EVENT:New Job(Queue A),0.032,,bad_time_or_dims_or_event,missing_print_times
job-47ed2f9b1c,LG-540,New Job(Queue A),OTHER_EVENT:New Job(Queue A),0.032,,bad_time_or_dims_or_event,missing_print_times
job-bd2c9d9c95,LG-540,Print End,DUPLICATE_SUMMARY,16.925,5941.0,duplicate,
job-bd2c9d9c95,LG-540,Print End,DUPLICATE_SUMMARY,16.925,4605.0,duplicate,
job-bd2c9d9c95,LG-540,Print End,DUPLICATE_SUMMARY,16.925,1019.0,duplicate,
job-bd2c9d9c95,LG-540,New Job(Queue A),OTHER_EVENT:New Job(Queue A),0.198,,bad_time_or_dims_or_event,missing_print_times
job-5e7902abc0,LG-540,Print End,LG540_GLOSS_ONLY,16.925,28247.0,bad_time_or_dims_or_event,possible_idle_gt4h
job-5e7902abc0,LG-540,Print End,DUPLICATE_SUMMARY,16.925,24941.0,duplicate,possible_idle_gt4h
job-5e7902abc0,LG-540,Print End,DUPLICATE_SUMMARY,16.925,23603.0,duplicate,possible_idle_gt4h
job-5e7902abc0,LG-540,Print End,DUPLICATE_SUMMARY,16.925,20053.0,duplicate,possible_idle_gt4h
job-c65e7b9277,LG-540,Print End,LG540_GLOSS_ONLY,16.925,18578.0,bad_time_or_dims_or_event,possible_idle_gt4h
job-c65e7b9277,LG-540,Print End,DUPLICATE_SUMMARY,16.925,15343.0,duplicate,possible_idle_gt4h
job-c65e7b9277,LG-540,Print End,DUPLICATE_SUMMARY,16.925,14007.0,duplicate,
job-c65e7b9277,LG-540,Print End,DUPLICATE_SUMMARY,16.925,10457.0,duplicate,
job-380febe5fe,LG-540,Print End,DUPLICATE_SUMMARY,16.925,4251.0,duplicate,
job-380febe5fe,LG-540,Print End,DUPLICATE_SUMMARY,16.925,882.0,duplicate,
job-c65e7b9277,LG-540,New Job(Queue A),OTHER_EVENT:New Job(Queue A),0.198,,bad_time_or_dims_or_event,missing_print_times
job-5e7902abc0,LG-540,New Job(Queue A),OTHER_EVENT:New Job(Queue A),0.198,,bad_time_or_dims_or_event,missing_print_times
job-380febe5fe,LG-540,New Job(Queue A),OTHER_EVENT:New Job(Queue A),0.198,,bad_time_or_dims_or_event,missing_print_times
job-c151c45d3c,LG-540,Print End,DUPLICATE_SUMMARY,0.81,69.0,duplicate,
job-c151c45d3c,LG-540,New Job(Queue A),OTHER_EVENT:New Job(Queue A),0.155,,bad_time_or_dims_or_event,missing_print_times
job-077436a4ed,LG-540,Print End,DUPLICATE_SUMMARY,0.928,154.0,duplicate,
job-c65e7b9277,LG-540,New Job(Queue A),OTHER_EVENT:New Job(Queue A),0.174,,bad_time_or_dims_or_event,missing_print_times
job-380febe5fe,LG-540,New Job(Queue A),OTHER_EVENT:New Job(Queue A),0.174,,bad_time_or_dims_or_event,missing_print_times
job-bd2c9d9c95,LG-540,New Job(Queue A),OTHER_EVENT:New Job(Queue A),0.174,,bad_time_or_dims_or_event,missing_print_times
job-5e7902abc0,LG-540,New Job(Queue A),OTHER_EVENT:New Job(Queue A),0.174,,bad_time_or_dims_or_event,missing_print_times
job-c65e7b9277,LG-540,New Job(Queue A),OTHER_EVENT:New Job(Queue A),0.174,,bad_time_or_dims_or_event,missing_print_times
job-380febe5fe,LG-540,New Job(Queue A),OTHER_EVENT:New Job(Queue A),0.174,,bad_time_or_dims_or_event,missing_print_times
job-5e7902abc0,LG-540,New Job(Queue A),OTHER_EVENT:New Job(Queue A),0.174,,bad_time_or_dims_or_event,missing_print_times
job-bd2c9d9c95,LG-540,New Job(Queue A),OTHER_EVENT:New Job(Queue A),0.174,,bad_time_or_dims_or_event,missing_print_times
job-c151c45d3c,LG-540,New Job(Queue A),OTHER_EVENT:New Job(Queue A),0.155,,bad_time_or_dims_or_event,missing_print_times
job-0d48c323b3,LG-540,New Job(Queue A),OTHER_EVENT:New Job(Queue A),0.154,,bad_time_or_dims_or_event,missing_print_times
job-3fbf7fc767,LG-540,New Job(Queue A),OTHER_EVENT:New Job(Queue A),0.155,,bad_time_or_dims_or_event,missing_print_times
job-c151c45d3c,LG-540,New Job(Queue A),OTHER_EVENT:New Job(Queue A),0.465,,bad_time_or_dims_or_event,missing_print_times
job-3fbf7fc767,LG-540,New Job(Queue A),OTHER_EVENT:New Job(Queue A),0.465,,bad_time_or_dims_or_event,missing_print_times
job-0d48c323b3,LG-540,New Job(Queue A),OTHER_EVENT:New Job(Queue A),0.465,,bad_time_or_dims_or_event,missing_print_times
job-c401152b97,LG-540,Print End,DUPLICATE_SUMMARY,10.896,4036.0,duplicate,
job-c401152b97,LG-540,Print End,DUPLICATE_SUMMARY,10.896,2951.0,duplicate,
job-c401152b97,LG-540,Print End,DUPLICATE_SUMMARY,10.896,662.0,duplicate,
job-c401152b97,LG-540,New Job(Queue A),OTHER_EVENT:New Job(Queue A),0.153,,bad_time_or_dims_or_event,missing_print_times
job-d15900bf78,LG-540,New Job(Queue A),OTHER_EVENT:New Job(Queue A),0.051,,bad_time_or_dims_or_event,missing_print_times
job-d15900bf78,LG-540,New Job(Queue A),OTHER_EVENT:New Job(Queue A),0.051,,bad_time_or_dims_or_event,missing_print_times
job-fa8c24554b,LG-540,Print Canceled,CANCELED,18.505,4790.0,canceled/failed,
job-fa8c24554b,LG-540,Print Canceled,CANCELED,0.139,6.0,canceled/failed,
job-fa8c24554b,LG-540,New Job(Queue A),OTHER_EVENT:New Job(Queue A),0.139,,bad_time_or_dims_or_event,missing_print_times
job-2edc596bf3,LG-540,New Job(Queue A),OTHER_EVENT:New Job(Queue A),0.139,,bad_time_or_dims_or_event,missing_print_times
job-c401152b97,LG-540,Print Canceled,CANCELED,12.371,6947.0,canceled/failed,
job-c401152b97,LG-540,Print End,DUPLICATE_SUMMARY,12.371,3090.0,duplicate,
job-c401152b97,LG-540,Print End,DUPLICATE_SUMMARY,12.371,615.0,duplicate,
job-c401152b97,LG-540,Print Canceled,CANCELED,12.347,1751.0,canceled/failed,
job-c401152b97,LG-540,Print Canceled,CANCELED,12.347,1751.0,canceled/failed,
job-c401152b97,LG-540,Print Canceled,CANCELED,12.347,1752.0,canceled/failed,
job-c401152b97,LG-540,Print Canceled,CANCELED,12.347,1781.0,canceled/failed,
job-c401152b97,LG-540,New Job(Queue A),OTHER_EVENT:New Job(Queue A),0.153,,bad_time_or_dims_or_event,missing_print_times
job-f860fbbf7c,LG-540,Print Canceled,CANCELED,15.276,5.0,canceled/failed,
job-7e01e2d5a9,LG-540,New Job(Queue A),OTHER_EVENT:New Job(Queue A),1.638,,bad_time_or_dims_or_event,missing_print_times
job-7d6ffd7922,LG-540,New Job(Queue A),OTHER_EVENT:New Job(Queue A),1.638,,bad_time_or_dims_or_event,missing_print_times
job-9e79d3d887,LG-540,New Job(Queue A),OTHER_EVENT:New Job(Queue A),1.638,,bad_time_or_dims_or_event,missing_print_times
job-a3c3a882c7,LG-540,New Job(Queue A),OTHER_EVENT:New Job(Queue A),1.638,,bad_time_or_dims_or_event,missing_print_times
job-264b80a81e,LG-540,New Job(Queue A),OTHER_EVENT:New Job(Queue A),1.638,,bad_time_or_dims_or_event,missing_print_times
job-7f1ed86897,LG-540,New Job(Queue A),OTHER_EVENT:New Job(Queue A),1.638,,bad_time_or_dims_or_event,missing_print_times
job-b0cd1df741,LG-540,New Job(Queue A),OTHER_EVENT:New Job(Queue A),1.638,,bad_time_or_dims_or_event,missing_print_times
job-8ba25683c0,LG-540,New Job(Queue A),OTHER_EVENT:New Job(Queue A),1.638,,bad_time_or_dims_or_event,missing_print_times
job-b2ff4629b6,LG-540,New Job(Queue A),OTHER_EVENT:New Job(Queue A),1.638,,bad_time_or_dims_or_event,missing_print_times
job-e94eb0863c,LG-540,New Job(Queue A),OTHER_EVENT:New Job(Queue A),1.638,,bad_time_or_dims_or_event,missing_print_times
job-0baf5af8c6,LG-540,New Job(Queue A),OTHER_EVENT:New Job(Queue A),1.638,,bad_time_or_dims_or_event,missing_print_times
job-c2dfaa8bed,LG-540,New Job(Queue A),OTHER_EVENT:New Job(Queue A),1.638,,bad_time_or_dims_or_event,missing_print_times
job-57e407105b,LG-540,New Job(Queue A),OTHER_EVENT:New Job(Queue A),1.638,,bad_time_or_dims_or_event,missing_print_times
job-0e33fed31c,LG-540,New Job(Queue A),OTHER_EVENT:New Job(Queue A),1.638,,bad_time_or_dims_or_event,missing_print_times
job-32b5299f88,LG-540,New Job(Queue A),OTHER_EVENT:New Job(Queue A),1.638,,bad_time_or_dims_or_event,missing_print_times
job-d5f5500bfc,LG-540,New Job(Queue A),OTHER_EVENT:New Job(Queue A),1.638,,bad_time_or_dims_or_event,missing_print_times
job-2596ea6a81,LG-540,Print Canceled,CANCELED,20.368,8533.0,canceled/failed,
job-2596ea6a81,LG-540,Print Canceled,CANCELED,20.368,8568.0,canceled/failed,
job-f860fbbf7c,LG-540,Print Canceled,CANCELED,20.368,8428.0,canceled/failed,
job-f860fbbf7c,LG-540,Print Canceled,CANCELED,20.368,8411.0,canceled/failed,
job-12fa4f5cbc,LG-540,Print End,DUPLICATE_SUMMARY,15.276,6962.0,duplicate,
job-7e01e2d5a9,LG-540,New Job(Queue A),OTHER_EVENT:New Job(Queue A),1.638,,bad_time_or_dims_or_event,missing_print_times
job-7d6ffd7922,LG-540,New Job(Queue A),OTHER_EVENT:New Job(Queue A),1.638,,bad_time_or_dims_or_event,missing_print_times
job-9e79d3d887,LG-540,New Job(Queue A),OTHER_EVENT:New Job(Queue A),1.638,,bad_time_or_dims_or_event,missing_print_times
job-a3c3a882c7,LG-540,New Job(Queue A),OTHER_EVENT:New Job(Queue A),1.638,,bad_time_or_dims_or_event,missing_print_times
job-264b80a81e,LG-540,New Job(Queue A),OTHER_EVENT:New Job(Queue A),1.638,,bad_time_or_dims_or_event,missing_print_times
job-7f1ed86897,LG-540,New Job(Queue A),OTHER_EVENT:New Job(Queue A),1.638,,bad_time_or_dims_or_event,missing_print_times
job-b0cd1df741,LG-540,New Job(Queue A),OTHER_EVENT:New Job(Queue A),1.638,,bad_time_or_dims_or_event,missing_print_times
job-8ba25683c0,LG-540,New Job(Queue A),OTHER_EVENT:New Job(Queue A),1.638,,bad_time_or_dims_or_event,missing_print_times
job-b2ff4629b6,LG-540,New Job(Queue A),OTHER_EVENT:New Job(Queue A),1.638,,bad_time_or_dims_or_event,missing_print_times
job-e94eb0863c,LG-540,New Job(Queue A),OTHER_EVENT:New Job(Queue A),1.638,,bad_time_or_dims_or_event,missing_print_times
job-0baf5af8c6,LG-540,New Job(Queue A),OTHER_EVENT:New Job(Queue A),1.638,,bad_time_or_dims_or_event,missing_print_times
job-c2dfaa8bed,LG-540,New Job(Queue A),OTHER_EVENT:New Job(Queue A),1.638,,bad_time_or_dims_or_event,missing_print_times
job-57e407105b,LG-540,New Job(Queue A),OTHER_EVENT:New Job(Queue A),1.638,,bad_time_or_dims_or_event,missing_print_times
job-0e33fed31c,LG-540,New Job(Queue A),OTHER_EVENT:New Job(Queue A),1.638,,bad_time_or_dims_or_event,missing_print_times
job-32b5299f88,LG-540,New Job(Queue A),OTHER_EVENT:New Job(Queue A),1.638,,bad_time_or_dims_or_event,missing_print_times
job-d5f5500bfc,LG-540,New Job(Queue A),OTHER_EVENT:New Job(Queue A),1.638,,bad_time_or_dims_or_event,missing_print_times
job-efb632486f,LG-540,Print End,DUPLICATE_SUMMARY,19.439,5894.0,duplicate,
job-efb632486f,LG-540,New Job(Queue A),OTHER_EVENT:New Job(Queue A),0.138,,bad_time_or_dims_or_event,missing_print_times
job-2052ffc34a,LG-540,New Job(Queue A),OTHER_EVENT:New Job(Queue A),0.057,,bad_time_or_dims_or_event,missing_print_times
job-a591322a10,LG-540,New Job(Queue A),OTHER_EVENT:New Job(Queue A),0.057,,bad_time_or_dims_or_event,missing_print_times
job-2dd6400c96,LG-540,New Job(Queue A),OTHER_EVENT:New Job(Queue A),0.057,,bad_time_or_dims_or_event,missing_print_times
job-c178def2b3,LG-540,New Job(Queue A),OTHER_EVENT:New Job(Queue A),0.057,,bad_time_or_dims_or_event,missing_print_times
job-ea55efc7f6,LG-540,New Job(Queue A),OTHER_EVENT:New Job(Queue A),0.057,,bad_time_or_dims_or_event,missing_print_times
job-5f21aaf9b6,LG-540,New Job(Queue A),OTHER_EVENT:New Job(Queue A),0.057,,bad_time_or_dims_or_event,missing_print_times
job-d4345f930b,LG-540,New Job(Queue A),OTHER_EVENT:New Job(Queue A),0.057,,bad_time_or_dims_or_event,missing_print_times
job-cb87fc0414,LG-540,Print End,LG540_GLOSS_ONLY,12.347,17288.0,bad_time_or_dims_or_event,possible_idle_gt4h
job-cb87fc0414,LG-540,Print End,DUPLICATE_SUMMARY,12.347,14459.0,duplicate,possible_idle_gt4h
job-cb87fc0414,LG-540,Print End,DUPLICATE_SUMMARY,12.347,13368.0,duplicate,
job-cb87fc0414,LG-540,Print End,DUPLICATE_SUMMARY,12.347,10578.0,duplicate,
job-cb87fc0414,LG-540,Print Canceled,CANCELED,12.347,32122.0,canceled/failed,possible_idle_gt4h
job-cb87fc0414,LG-540,Print Canceled,CANCELED,12.347,32123.0,canceled/failed,possible_idle_gt4h
job-cb87fc0414,LG-540,Print Canceled,CANCELED,12.347,32123.0,canceled/failed,possible_idle_gt4h
job-cb87fc0414,LG-540,Print Canceled,CANCELED,12.347,32123.0,canceled/failed,possible_idle_gt4h
job-cb87fc0414,LG-540,Print Canceled,CANCELED,12.347,32123.0,canceled/failed,possible_idle_gt4h
job-cb87fc0414,LG-540,Print Canceled,CANCELED,12.347,32123.0,canceled/failed,possible_idle_gt4h
job-cb87fc0414,LG-540,Print Canceled,CANCELED,12.347,32123.0,canceled/failed,possible_idle_gt4h
job-cb87fc0414,LG-540,Print Canceled,CANCELED,12.347,32123.0,canceled/failed,possible_idle_gt4h
job-2c7896c932,LG-540,Print End,LG540_GLOSS_ONLY,12.347,41631.0,bad_time_or_dims_or_event,possible_idle_gt4h
job-2c7896c932,LG-540,Print End,DUPLICATE_SUMMARY,12.347,39025.0,duplicate,possible_idle_gt4h
job-2c7896c932,LG-540,Print End,DUPLICATE_SUMMARY,12.347,37933.0,duplicate,possible_idle_gt4h
job-2c7896c932,LG-540,Print End,DUPLICATE_SUMMARY,12.347,35460.0,duplicate,possible_idle_gt4h
job-2c7896c932,LG-540,Print End,DUPLICATE_SUMMARY,12.347,34369.0,duplicate,possible_idle_gt4h
job-2c7896c932,LG-540,Print End,DUPLICATE_SUMMARY,12.347,31443.0,duplicate,possible_idle_gt4h
job-2c7896c932,LG-540,Print End,DUPLICATE_SUMMARY,12.347,30349.0,duplicate,possible_idle_gt4h
job-2c7896c932,LG-540,Print End,DUPLICATE_SUMMARY,12.347,27819.0,duplicate,possible_idle_gt4h
job-f8aafd8e73,LG-540,Print End,LG540_GLOSS_ONLY,12.347,26723.0,bad_time_or_dims_or_event,possible_idle_gt4h
job-f8aafd8e73,LG-540,Print End,DUPLICATE_SUMMARY,12.347,23811.0,duplicate,possible_idle_gt4h
job-f8aafd8e73,LG-540,Print End,DUPLICATE_SUMMARY,12.347,22716.0,duplicate,possible_idle_gt4h
job-f8aafd8e73,LG-540,Print End,DUPLICATE_SUMMARY,12.347,19927.0,duplicate,possible_idle_gt4h
job-f8aafd8e73,LG-540,Print End,DUPLICATE_SUMMARY,12.347,18831.0,duplicate,possible_idle_gt4h
job-f8aafd8e73,LG-540,Print End,DUPLICATE_SUMMARY,12.347,16221.0,duplicate,possible_idle_gt4h
job-f8aafd8e73,LG-540,Print End,DUPLICATE_SUMMARY,12.347,15129.0,duplicate,possible_idle_gt4h
job-f8aafd8e73,LG-540,Print End,DUPLICATE_SUMMARY,12.347,12584.0,duplicate,
job-f8aafd8e73,LG-540,New Job(Queue A),OTHER_EVENT:New Job(Queue A),0.153,,bad_time_or_dims_or_event,missing_print_times
job-2c7896c932,LG-540,New Job(Queue A),OTHER_EVENT:New Job(Queue A),0.153,,bad_time_or_dims_or_event,missing_print_times
job-cb87fc0414,LG-540,New Job(Queue A),OTHER_EVENT:New Job(Queue A),0.153,,bad_time_or_dims_or_event,missing_print_times
job-291a19ea4b,LG-540,Print End,LG540_GLOSS_ONLY,12.347,14563.0,bad_time_or_dims_or_event,possible_idle_gt4h
job-291a19ea4b,LG-540,Print End,DUPLICATE_SUMMARY,12.347,11780.0,duplicate,
job-291a19ea4b,LG-540,Print End,DUPLICATE_SUMMARY,12.347,10690.0,duplicate,
job-291a19ea4b,LG-540,Print End,DUPLICATE_SUMMARY,12.347,8217.0,duplicate,
job-291a19ea4b,LG-540,Print End,DUPLICATE_SUMMARY,12.347,7126.0,duplicate,
job-291a19ea4b,LG-540,Print End,DUPLICATE_SUMMARY,12.347,4301.0,duplicate,
job-291a19ea4b,LG-540,Print End,DUPLICATE_SUMMARY,12.347,3212.0,duplicate,
job-291a19ea4b,LG-540,Print End,DUPLICATE_SUMMARY,12.347,739.0,duplicate,
job-291a19ea4b,LG-540,New Job(Queue A),OTHER_EVENT:New Job(Queue A),0.153,,bad_time_or_dims_or_event,missing_print_times
job-66a971f73f,LG-540,Print End,DUPLICATE_SUMMARY,0.613,1592.0,duplicate,
job-c665df06c4,LG-540,Print End,DUPLICATE_SUMMARY,0.613,1003.0,duplicate,
job-9c0e10517c,LG-540,Print End,DUPLICATE_SUMMARY,1.742,126.0,duplicate,
job-c665df06c4,LG-540,New Job(Queue A),OTHER_EVENT:New Job(Queue A),0.066,,bad_time_or_dims_or_event,missing_print_times
job-9c0e10517c,LG-540,New Job(Queue A),OTHER_EVENT:New Job(Queue A),0.066,,bad_time_or_dims_or_event,missing_print_times
job-66a971f73f,LG-540,New Job(Queue A),OTHER_EVENT:New Job(Queue A),0.066,,bad_time_or_dims_or_event,missing_print_times
job-bf1ec3df9d,LG-540,Print End,DUPLICATE_SUMMARY,0.772,3923.0,duplicate,
job-96f87b3415,LG-540,Print End,DUPLICATE_SUMMARY,1.742,3073.0,duplicate,
job-1a84527fad,LG-540,Print End,DUPLICATE_SUMMARY,0.772,2579.0,duplicate,
job-a8ce29c201,LG-540,Print End,DUPLICATE_SUMMARY,0.772,1828.0,duplicate,
job-7f9126b2f5,LG-540,Print End,DUPLICATE_SUMMARY,0.772,1101.0,duplicate,
job-7f9126b2f5,LG-540,Print End,DUPLICATE_SUMMARY,0.772,923.0,duplicate,
job-7f9126b2f5,LG-540,Print End,DUPLICATE_SUMMARY,0.772,372.0,duplicate,
job-7f9126b2f5,LG-540,New Job(Queue A),OTHER_EVENT:New Job(Queue A),0.066,,bad_time_or_dims_or_event,missing_print_times
job-a8ce29c201,LG-540,New Job(Queue A),OTHER_EVENT:New Job(Queue A),0.066,,bad_time_or_dims_or_event,missing_print_times
job-1a84527fad,LG-540,New Job(Queue A),OTHER_EVENT:New Job(Queue A),0.066,,bad_time_or_dims_or_event,missing_print_times
job-96f87b3415,LG-540,New Job(Queue A),OTHER_EVENT:New Job(Queue A),0.066,,bad_time_or_dims_or_event,missing_print_times
job-bf1ec3df9d,LG-540,New Job(Queue A),OTHER_EVENT:New Job(Queue A),0.066,,bad_time_or_dims_or_event,missing_print_times
job-e12f7a2c5c,LG-540,Print Canceled,CANCELED,19.248,37091.0,canceled/failed,possible_idle_gt4h
job-45bdc3ef04,LG-540,Print Canceled,CANCELED,19.248,37094.0,canceled/failed,possible_idle_gt4h
job-ff142752b0,LG-540,Print Canceled,CANCELED,19.248,37101.0,canceled/failed,possible_idle_gt4h
job-3ee153250c,LG-540,Print Canceled,CANCELED,19.248,37061.0,canceled/failed,possible_idle_gt4h
job-6dd36f5b59,LG-540,Print Canceled,CANCELED,19.248,37111.0,canceled/failed,possible_idle_gt4h
job-8e4f51918f,LG-540,Print Canceled,CANCELED,19.248,37114.0,canceled/failed,possible_idle_gt4h
job-b4f6f3a4c1,LG-540,Print Canceled,CANCELED,19.248,37119.0,canceled/failed,possible_idle_gt4h
job-bf28038a64,LG-540,Print Canceled,CANCELED,19.248,37124.0,canceled/failed,possible_idle_gt4h
job-0983f3eb12,LG-540,Print Canceled,CANCELED,19.248,37128.0,canceled/failed,possible_idle_gt4h
job-9113703db3,LG-540,Print Canceled,CANCELED,19.248,37132.0,canceled/failed,possible_idle_gt4h
job-97b585e8f3,LG-540,Print Canceled,CANCELED,19.248,37136.0,canceled/failed,possible_idle_gt4h
job-97e505718a,LG-540,Print Canceled,CANCELED,19.248,37155.0,canceled/failed,possible_idle_gt4h
job-29253309b7,LG-540,Print End,LG540_GLOSS_ONLY,19.02,36000.0,bad_time_or_dims_or_event,possible_idle_gt4h
job-29253309b7,LG-540,Print End,DUPLICATE_SUMMARY,19.02,17293.0,duplicate,possible_idle_gt4h
job-efb632486f,LG-540,Print End,LG540_GLOSS_ONLY,19.02,16122.0,bad_time_or_dims_or_event,possible_idle_gt4h
job-efb632486f,LG-540,Print End,DUPLICATE_SUMMARY,19.02,13786.0,duplicate,
job-8c97611a83,LG-540,Print End,DUPLICATE_SUMMARY,19.02,9821.0,duplicate,
job-cd94e7fe21,LG-540,New Job(Queue A),OTHER_EVENT:New Job(Queue A),0.093,,bad_time_or_dims_or_event,missing_print_times
job-e12f7a2c5c,LG-540,Print Canceled,CANCELED,19.248,572.0,canceled/failed,
job-45bdc3ef04,LG-540,Print Canceled,CANCELED,19.248,576.0,canceled/failed,
job-ff142752b0,LG-540,Print Canceled,CANCELED,19.248,583.0,canceled/failed,
job-3ee153250c,LG-540,Print Canceled,CANCELED,19.248,588.0,canceled/failed,
job-6dd36f5b59,LG-540,Print Canceled,CANCELED,19.248,595.0,canceled/failed,
job-8e4f51918f,LG-540,Print Canceled,CANCELED,19.248,600.0,canceled/failed,
job-b4f6f3a4c1,LG-540,Print Canceled,CANCELED,19.248,609.0,canceled/failed,
job-bf28038a64,LG-540,Print Canceled,CANCELED,19.248,614.0,canceled/failed,
job-0983f3eb12,LG-540,Print Canceled,CANCELED,19.248,620.0,canceled/failed,
job-9113703db3,LG-540,Print Canceled,CANCELED,19.248,627.0,canceled/failed,
job-97b585e8f3,LG-540,Print Canceled,CANCELED,19.248,636.0,canceled/failed,
job-97e505718a,LG-540,Print Canceled,CANCELED,19.248,648.0,canceled/failed,
job-3ee153250c,LG-540,New Job(Queue A),OTHER_EVENT:New Job(Queue A),0.138,,bad_time_or_dims_or_event,missing_print_times
job-6dd36f5b59,LG-540,New Job(Queue A),OTHER_EVENT:New Job(Queue A),0.138,,bad_time_or_dims_or_event,missing_print_times
job-b4f6f3a4c1,LG-540,New Job(Queue A),OTHER_EVENT:New Job(Queue A),0.138,,bad_time_or_dims_or_event,missing_print_times
job-bf28038a64,LG-540,New Job(Queue A),OTHER_EVENT:New Job(Queue A),0.138,,bad_time_or_dims_or_event,missing_print_times
job-9113703db3,LG-540,New Job(Queue A),OTHER_EVENT:New Job(Queue A),0.138,,bad_time_or_dims_or_event,missing_print_times
job-97b585e8f3,LG-540,New Job(Queue A),OTHER_EVENT:New Job(Queue A),0.138,,bad_time_or_dims_or_event,missing_print_times
job-e12f7a2c5c,LG-540,New Job(Queue A),OTHER_EVENT:New Job(Queue A),0.138,,bad_time_or_dims_or_event,missing_print_times
job-45bdc3ef04,LG-540,New Job(Queue A),OTHER_EVENT:New Job(Queue A),0.138,,bad_time_or_dims_or_event,missing_print_times
job-ff142752b0,LG-540,New Job(Queue A),OTHER_EVENT:New Job(Queue A),0.138,,bad_time_or_dims_or_event,missing_print_times
job-8e4f51918f,LG-540,New Job(Queue A),OTHER_EVENT:New Job(Queue A),0.138,,bad_time_or_dims_or_event,missing_print_times
job-0983f3eb12,LG-540,New Job(Queue A),OTHER_EVENT:New Job(Queue A),0.138,,bad_time_or_dims_or_event,missing_print_times
job-97e505718a,LG-540,New Job(Queue A),OTHER_EVENT:New Job(Queue A),0.138,,bad_time_or_dims_or_event,missing_print_times
job-29253309b7,LG-540,Print Canceled,CANCELED,19.02,1455.0,canceled/failed,
job-29253309b7,LG-540,Print Canceled,CANCELED,19.02,1455.0,canceled/failed,
job-efb632486f,LG-540,Print Canceled,CANCELED,19.02,1456.0,canceled/failed,
job-efb632486f,LG-540,Print Canceled,CANCELED,19.02,1456.0,canceled/failed,
job-8c97611a83,LG-540,Print Canceled,CANCELED,19.02,1456.0,canceled/failed,
job-8c97611a83,LG-540,Print Canceled,CANCELED,19.02,1456.0,canceled/failed,
job-efb632486f,LG-540,New Job(Queue A),OTHER_EVENT:New Job(Queue A),0.138,,bad_time_or_dims_or_event,missing_print_times
job-29253309b7,LG-540,New Job(Queue A),OTHER_EVENT:New Job(Queue A),0.138,,bad_time_or_dims_or_event,missing_print_times
job-8c97611a83,LG-540,New Job(Queue A),OTHER_EVENT:New Job(Queue A),0.138,,bad_time_or_dims_or_event,missing_print_times
job-1f3f2e7c83,LG-540,Print Canceled,CANCELED,23.886,119.0,canceled/failed,
job-b914575e0d,LG-540,Print Canceled,CANCELED,23.886,119.0,canceled/failed,
job-269cc694e1,LG-540,Print Canceled,CANCELED,23.886,119.0,canceled/failed,
job-cd94e7fe21,LG-540,Print Canceled,CANCELED,23.886,122.0,canceled/failed,
job-1f3f2e7c83,LG-540,New Job(Queue A),OTHER_EVENT:New Job(Queue A),0.093,,bad_time_or_dims_or_event,missing_print_times
job-b914575e0d,LG-540,New Job(Queue A),OTHER_EVENT:New Job(Queue A),0.093,,bad_time_or_dims_or_event,missing_print_times
job-269cc694e1,LG-540,New Job(Queue A),OTHER_EVENT:New Job(Queue A),0.093,,bad_time_or_dims_or_event,missing_print_times
job-cd94e7fe21,LG-540,New Job(Queue A),OTHER_EVENT:New Job(Queue A),0.093,,bad_time_or_dims_or_event,missing_print_times
job-53739bfed4,LG-540,Print End,LG540_GLOSS_ONLY,5.014,33764.0,bad_time_or_dims_or_event,possible_idle_gt4h
job-53739bfed4,LG-540,Print End,DUPLICATE_SUMMARY,5.014,32331.0,duplicate,possible_idle_gt4h
job-53739bfed4,LG-540,Print End,DUPLICATE_SUMMARY,5.014,31765.0,duplicate,possible_idle_gt4h
job-53739bfed4,LG-540,Print End,DUPLICATE_SUMMARY,5.014,30486.0,duplicate,possible_idle_gt4h
job-a8c44f3020,LG-540,Print End,LG540_GLOSS_ONLY,9.396,29942.0,bad_time_or_dims_or_event,possible_idle_gt4h
job-a8c44f3020,LG-540,Print End,DUPLICATE_SUMMARY,9.396,27979.0,duplicate,possible_idle_gt4h
job-a8c44f3020,LG-540,Print End,DUPLICATE_SUMMARY,9.396,27193.0,duplicate,possible_idle_gt4h
job-a8c44f3020,LG-540,Print End,DUPLICATE_SUMMARY,9.396,24699.0,duplicate,possible_idle_gt4h
job-a8c44f3020,LG-540,Print End,DUPLICATE_SUMMARY,9.396,20858.0,duplicate,possible_idle_gt4h
job-a8c44f3020,LG-540,Print End,DUPLICATE_SUMMARY,9.396,18826.0,duplicate,possible_idle_gt4h
job-a8c44f3020,LG-540,Print End,DUPLICATE_SUMMARY,9.396,17904.0,duplicate,possible_idle_gt4h
job-a8c44f3020,LG-540,Print End,DUPLICATE_SUMMARY,9.396,15939.0,duplicate,possible_idle_gt4h
job-dc27c72736,LG-540,Print End,LG540_GLOSS_ONLY,5.014,15088.0,bad_time_or_dims_or_event,possible_idle_gt4h
job-dc27c72736,LG-540,Print End,DUPLICATE_SUMMARY,5.014,14492.0,duplicate,possible_idle_gt4h
job-dc27c72736,LG-540,Print End,DUPLICATE_SUMMARY,5.014,13845.0,duplicate,
job-dc27c72736,LG-540,Print End,DUPLICATE_SUMMARY,5.014,13249.0,duplicate,
job-de5f4a3d4b,LG-540,Print End,DUPLICATE_SUMMARY,9.509,10416.0,duplicate,
job-de5f4a3d4b,LG-540,Print End,DUPLICATE_SUMMARY,9.509,9626.0,duplicate,
job-de5f4a3d4b,LG-540,Print End,DUPLICATE_SUMMARY,9.509,7523.0,duplicate,
job-de5f4a3d4b,LG-540,Print End,DUPLICATE_SUMMARY,9.509,6731.0,duplicate,
job-de5f4a3d4b,LG-540,Print End,DUPLICATE_SUMMARY,9.509,4765.0,duplicate,
job-de5f4a3d4b,LG-540,Print End,DUPLICATE_SUMMARY,9.509,3975.0,duplicate,
job-de5f4a3d4b,LG-540,Print End,DUPLICATE_SUMMARY,9.509,1937.0,duplicate,
job-dc27c72736,LG-540,New Job(Queue A),OTHER_EVENT:New Job(Queue A),0.025,,bad_time_or_dims_or_event,missing_print_times
job-53739bfed4,LG-540,New Job(Queue A),OTHER_EVENT:New Job(Queue A),0.025,,bad_time_or_dims_or_event,missing_print_times
job-39d4d048a1,LG-540,New Job(Queue A),OTHER_EVENT:New Job(Queue A),0.139,,bad_time_or_dims_or_event,missing_print_times
job-46ce7acdc8,LG-540,New Job(Queue A),OTHER_EVENT:New Job(Queue A),0.139,,bad_time_or_dims_or_event,missing_print_times
job-a8c44f3020,LG-540,New Job(Queue A),OTHER_EVENT:New Job(Queue A),0.117,,bad_time_or_dims_or_event,missing_print_times
job-de5f4a3d4b,LG-540,New Job(Queue A),OTHER_EVENT:New Job(Queue A),0.119,,bad_time_or_dims_or_event,missing_print_times
job-de5f4a3d4b,LG-540,New Job(Queue A),OTHER_EVENT:New Job(Queue A),0.119,,bad_time_or_dims_or_event,missing_print_times
job-47ed2f9b1c,LG-540,Print End,DUPLICATE_SUMMARY,1.963,6560.0,duplicate,
job-5a40dc80ff,LG-540,Print End,DUPLICATE_SUMMARY,1.963,5499.0,duplicate,
job-1aea9fb61e,LG-540,Print End,DUPLICATE_SUMMARY,1.963,4520.0,duplicate,
job-5d1661367a,LG-540,Print End,DUPLICATE_SUMMARY,1.963,3543.0,duplicate,
job-8646db1fb7,LG-540,Print End,DUPLICATE_SUMMARY,1.963,2564.0,duplicate,
job-8646db1fb7,LG-540,New Job(Queue A),OTHER_EVENT:New Job(Queue A),0.032,,bad_time_or_dims_or_event,missing_print_times
job-5d1661367a,LG-540,New Job(Queue A),OTHER_EVENT:New Job(Queue A),0.032,,bad_time_or_dims_or_event,missing_print_times
job-1aea9fb61e,LG-540,New Job(Queue A),OTHER_EVENT:New Job(Queue A),0.032,,bad_time_or_dims_or_event,missing_print_times
job-5a40dc80ff,LG-540,New Job(Queue A),OTHER_EVENT:New Job(Queue A),0.032,,bad_time_or_dims_or_event,missing_print_times
job-47ed2f9b1c,LG-540,New Job(Queue A),OTHER_EVENT:New Job(Queue A),0.032,,bad_time_or_dims_or_event,missing_print_times
job-0a9074d538,LG-540,Print End,DUPLICATE_SUMMARY,1.963,3705.0,duplicate,
job-ae2b48b2e3,LG-540,Print End,DUPLICATE_SUMMARY,1.963,2637.0,duplicate,
job-30b2224a3d,LG-540,Print End,DUPLICATE_SUMMARY,1.963,1265.0,duplicate,
job-6ae078c064,LG-540,Print End,DUPLICATE_SUMMARY,1.963,291.0,duplicate,
job-6ae078c064,LG-540,New Job(Queue A),OTHER_EVENT:New Job(Queue A),0.032,,bad_time_or_dims_or_event,missing_print_times
job-30b2224a3d,LG-540,New Job(Queue A),OTHER_EVENT:New Job(Queue A),0.032,,bad_time_or_dims_or_event,missing_print_times
job-ae2b48b2e3,LG-540,New Job(Queue A),OTHER_EVENT:New Job(Queue A),0.032,,bad_time_or_dims_or_event,missing_print_times
job-0a9074d538,LG-540,New Job(Queue A),OTHER_EVENT:New Job(Queue A),0.032,,bad_time_or_dims_or_event,missing_print_times
job-a1d336df12,LG-540,Print End,DUPLICATE_SUMMARY,9.552,3778.0,duplicate,
job-a1d336df12,LG-540,Print End,DUPLICATE_SUMMARY,9.552,2902.0,duplicate,
job-a1d336df12,LG-540,Print End,DUPLICATE_SUMMARY,9.552,504.0,duplicate,
job-a1d336df12,LG-540,New Job(Queue A),OTHER_EVENT:New Job(Queue A),0.072,,bad_time_or_dims_or_event,missing_print_times
job-a1d336df12,LG-540,Print Canceled,CANCELED,9.949,26929.0,canceled/failed,possible_idle_gt4h
job-a1d336df12,LG-540,Print End,LG540_CMYK_ONLY,9.949,26354.0,bad_time_or_dims_or_event,possible_idle_gt4h
job-a1d336df12,LG-540,Print End,DUPLICATE_SUMMARY,9.949,25162.0,duplicate,possible_idle_gt4h
job-a1d336df12,LG-540,Print End,DUPLICATE_SUMMARY,9.949,22597.0,duplicate,possible_idle_gt4h
job-2f6477b585,LG-540,Print End,LG540_GLOSS_ONLY,9.949,21409.0,bad_time_or_dims_or_event,possible_idle_gt4h
job-2f6477b585,LG-540,Print End,DUPLICATE_SUMMARY,9.949,19015.0,duplicate,possible_idle_gt4h
job-2f6477b585,LG-540,Print End,DUPLICATE_SUMMARY,9.949,17830.0,duplicate,possible_idle_gt4h
job-2f6477b585,LG-540,Print End,DUPLICATE_SUMMARY,9.949,15572.0,duplicate,possible_idle_gt4h
job-907661f5ea,LG-540,Print End,DUPLICATE_SUMMARY,9.949,12137.0,duplicate,
job-907661f5ea,LG-540,Print End,DUPLICATE_SUMMARY,9.949,10635.0,duplicate,
job-907661f5ea,LG-540,Print End,DUPLICATE_SUMMARY,9.949,8306.0,duplicate,
job-4fc40d0b6c,LG-540,Print End,DUPLICATE_SUMMARY,9.949,4447.0,duplicate,
job-4fc40d0b6c,LG-540,Print End,DUPLICATE_SUMMARY,9.949,3189.0,duplicate,
job-4fc40d0b6c,LG-540,Print End,DUPLICATE_SUMMARY,9.949,936.0,duplicate,
job-907661f5ea,LG-540,New Job(Queue A),OTHER_EVENT:New Job(Queue A),0.072,,bad_time_or_dims_or_event,missing_print_times
job-907661f5ea,LG-540,New Job(Queue A),OTHER_EVENT:New Job(Queue A),0.072,,bad_time_or_dims_or_event,missing_print_times
job-4fc40d0b6c,LG-540,New Job(Queue A),OTHER_EVENT:New Job(Queue A),0.072,,bad_time_or_dims_or_event,missing_print_times
job-2f6477b585,LG-540,New Job(Queue A),OTHER_EVENT:New Job(Queue A),0.072,,bad_time_or_dims_or_event,missing_print_times
job-a1d336df12,LG-540,New Job(Queue A),OTHER_EVENT:New Job(Queue A),0.072,,bad_time_or_dims_or_event,missing_print_times
job-4fc40d0b6c,LG-540,New Job(Queue A),OTHER_EVENT:New Job(Queue A),0.072,,bad_time_or_dims_or_event,missing_print_times
job-2f6477b585,LG-540,New Job(Queue A),OTHER_EVENT:New Job(Queue A),0.072,,bad_time_or_dims_or_event,missing_print_times
job-907661f5ea,LG-540,New Job(Queue A),OTHER_EVENT:New Job(Queue A),0.072,,bad_time_or_dims_or_event,missing_print_times
job-a1d336df12,LG-540,New Job(Queue A),OTHER_EVENT:New Job(Queue A),0.072,,bad_time_or_dims_or_event,missing_print_times
job-ab5df4ee75,LG-540,Print End,DUPLICATE_SUMMARY,0.546,4961.0,duplicate,
job-1ddf809ff8,LG-540,Print End,DUPLICATE_SUMMARY,0.546,4281.0,duplicate,
job-1ddf809ff8,LG-540,New Job(Queue A),OTHER_EVENT:New Job(Queue A),0.035,,bad_time_or_dims_or_event,missing_print_times
job-ab5df4ee75,LG-540,New Job(Queue A),OTHER_EVENT:New Job(Queue A),0.035,,bad_time_or_dims_or_event,missing_print_times
job-f46c30aa41,LG-540,Print End,DUPLICATE_SUMMARY,0.711,4183.0,duplicate,
job-5d39ebe42a,LG-540,Print End,DUPLICATE_SUMMARY,0.372,3469.0,duplicate,
job-5d39ebe42a,LG-540,New Job(Queue A),OTHER_EVENT:New Job(Queue A),0.035,,bad_time_or_dims_or_event,missing_print_times
job-f46c30aa41,LG-540,New Job(Queue A),OTHER_EVENT:New Job(Queue A),0.035,,bad_time_or_dims_or_event,missing_print_times
job-ae722d79f7,LG-540,Print End,DUPLICATE_SUMMARY,0.452,2935.0,duplicate,
job-e710d51067,LG-540,Print End,DUPLICATE_SUMMARY,0.546,2580.0,duplicate,
job-9b01a7e3c2,LG-540,Print End,DUPLICATE_SUMMARY,1.481,1399.0,duplicate,
job-c8e823b45c,LG-540,Print End,DUPLICATE_SUMMARY,0.447,742.0,duplicate,
job-e710d51067,LG-540,Print Canceled,CANCELED,0.546,395.0,canceled/failed,
job-e710d51067,LG-540,Print Canceled,CANCELED,0.546,395.0,canceled/failed,
job-e710d51067,LG-540,New Job(Queue A),OTHER_EVENT:New Job(Queue A),0.035,,bad_time_or_dims_or_event,missing_print_times
job-5d39ebe42a,LG-540,New Job(Queue A),OTHER_EVENT:New Job(Queue A),0.035,,bad_time_or_dims_or_event,missing_print_times
job-9b01a7e3c2,LG-540,Print Canceled,CANCELED,1.481,2103.0,canceled/failed,
job-9b01a7e3c2,LG-540,Print Canceled,CANCELED,1.481,2103.0,canceled/failed,
job-ae722d79f7,LG-540,Print End,DUPLICATE_SUMMARY,0.452,1593.0,duplicate,
job-c8e823b45c,LG-540,Print End,DUPLICATE_SUMMARY,0.447,1002.0,duplicate,
job-ae722d79f7,LG-540,New Job(Queue A),OTHER_EVENT:New Job(Queue A),0.035,,bad_time_or_dims_or_event,missing_print_times
job-9b01a7e3c2,LG-540,New Job(Queue A),OTHER_EVENT:New Job(Queue A),0.035,,bad_time_or_dims_or_event,missing_print_times
job-c8e823b45c,LG-540,New Job(Queue A),OTHER_EVENT:New Job(Queue A),0.035,,bad_time_or_dims_or_event,missing_print_times
job-9b01a7e3c2,LG-540,New Job(Queue A),OTHER_EVENT:New Job(Queue A),0.035,,bad_time_or_dims_or_event,missing_print_times
job-c8e823b45c,LG-540,New Job(Queue A),OTHER_EVENT:New Job(Queue A),0.035,,bad_time_or_dims_or_event,missing_print_times
job-ae722d79f7,LG-540,New Job(Queue A),OTHER_EVENT:New Job(Queue A),0.035,,bad_time_or_dims_or_event,missing_print_times
job-9b01a7e3c2,LG-540,New Job(Queue A),OTHER_EVENT:New Job(Queue A),0.035,,bad_time_or_dims_or_event,missing_print_times
job-c8e823b45c,LG-540,New Job(Queue A),OTHER_EVENT:New Job(Queue A),0.035,,bad_time_or_dims_or_event,missing_print_times
job-57629350e1,LG-540,Print End,LG540_GLOSS_ONLY,2.624,62222.0,bad_time_or_dims_or_event,possible_idle_gt4h
job-57629350e1,LG-540,Print End,DUPLICATE_SUMMARY,2.624,61604.0,duplicate,possible_idle_gt4h
job-57629350e1,LG-540,Print End,LG540_GLOSS_ONLY,6.682,60887.0,bad_time_or_dims_or_event,possible_idle_gt4h
job-57629350e1,LG-540,Print End,DUPLICATE_SUMMARY,6.682,58441.0,duplicate,possible_idle_gt4h
job-57629350e1,LG-540,Print End,DUPLICATE_SUMMARY,6.682,57327.0,duplicate,possible_idle_gt4h
job-57629350e1,LG-540,Print End,DUPLICATE_SUMMARY,6.682,55123.0,duplicate,possible_idle_gt4h
job-e0c6d8a6b2,LG-540,Print End,LG540_GLOSS_ONLY,11.897,53945.0,bad_time_or_dims_or_event,possible_idle_gt4h
job-e0c6d8a6b2,LG-540,Print End,DUPLICATE_SUMMARY,11.897,45022.0,duplicate,possible_idle_gt4h
job-e0c6d8a6b2,LG-540,Print End,DUPLICATE_SUMMARY,11.897,42821.0,duplicate,possible_idle_gt4h
job-e0c6d8a6b2,LG-540,Print End,DUPLICATE_SUMMARY,11.897,38555.0,duplicate,possible_idle_gt4h
job-e0c6d8a6b2,LG-540,Print End,DUPLICATE_SUMMARY,11.897,36357.0,duplicate,possible_idle_gt4h
job-e0c6d8a6b2,LG-540,Print End,LG540_CMYK_WHITE_COMBINED,11.897,32604.0,bad_time_or_dims_or_event,possible_idle_gt4h
job-e0c6d8a6b2,LG-540,Print End,DUPLICATE_SUMMARY,11.897,30152.0,duplicate,possible_idle_gt4h
job-e0c6d8a6b2,LG-540,Print End,DUPLICATE_SUMMARY,11.897,26415.0,duplicate,possible_idle_gt4h
job-e0c6d8a6b2,LG-540,Print End,DUPLICATE_SUMMARY,11.897,24217.0,duplicate,possible_idle_gt4h
job-e0c6d8a6b2,LG-540,Print End,DUPLICATE_SUMMARY,11.897,20302.0,duplicate,possible_idle_gt4h
job-e0c6d8a6b2,LG-540,Print End,DUPLICATE_SUMMARY,11.897,17811.0,duplicate,possible_idle_gt4h
job-e0c6d8a6b2,LG-540,Print End,DUPLICATE_SUMMARY,11.897,14208.0,duplicate,
job-e0c6d8a6b2,LG-540,Print End,DUPLICATE_SUMMARY,11.897,11757.0,duplicate,
job-e0c6d8a6b2,LG-540,Print End,DUPLICATE_SUMMARY,11.897,8019.0,duplicate,
job-e0c6d8a6b2,LG-540,Print End,DUPLICATE_SUMMARY,11.897,5820.0,duplicate,
job-e0c6d8a6b2,LG-540,Print End,DUPLICATE_SUMMARY,11.897,1906.0,duplicate,
job-e0c6d8a6b2,LG-540,Print End,DUPLICATE_SUMMARY,11.897,2031.0,duplicate,
job-e0c6d8a6b2,LG-540,New Job(Queue A),OTHER_EVENT:New Job(Queue A),0.155,,bad_time_or_dims_or_event,missing_print_times
job-e0c6d8a6b2,LG-540,Print End,DUPLICATE_SUMMARY,10.465,1123.0,duplicate,
job-e0c6d8a6b2,LG-540,Print Canceled,CANCELED,10.465,5412.0,canceled/failed,
job-e0c6d8a6b2,LG-540,Print Canceled,CANCELED,10.465,5412.0,canceled/failed,
job-e0c6d8a6b2,LG-540,Print Canceled,CANCELED,10.465,5412.0,canceled/failed,
job-e0c6d8a6b2,LG-540,Print Canceled,CANCELED,10.465,5412.0,canceled/failed,
job-e0c6d8a6b2,LG-540,Print Canceled,CANCELED,10.465,5412.0,canceled/failed,
job-e0c6d8a6b2,LG-540,Print Canceled,CANCELED,10.465,5412.0,canceled/failed,
job-e0c6d8a6b2,LG-540,Print Canceled,CANCELED,10.465,5412.0,canceled/failed,
job-e0c6d8a6b2,LG-540,Print Canceled,CANCELED,10.465,5412.0,canceled/failed,
job-e0c6d8a6b2,LG-540,Print Canceled,CANCELED,10.465,5412.0,canceled/failed,
job-e0c6d8a6b2,LG-540,Print Canceled,CANCELED,10.465,5412.0,canceled/failed,
job-e0c6d8a6b2,LG-540,Print Canceled,CANCELED,10.465,5412.0,canceled/failed,
job-e0c6d8a6b2,LG-540,Print Canceled,CANCELED,10.465,5437.0,canceled/failed,
job-e0c6d8a6b2,LG-540,Print Canceled,CANCELED,10.465,5287.0,canceled/failed,
job-e0c6d8a6b2,LG-540,Print Canceled,CANCELED,10.465,5271.0,canceled/failed,
job-e0c6d8a6b2,LG-540,Print Canceled,CANCELED,10.465,5129.0,canceled/failed,
job-e0c6d8a6b2,LG-540,Print Canceled,CANCELED,10.465,5113.0,canceled/failed,
job-e0c6d8a6b2,LG-540,Print End,DUPLICATE_SUMMARY,10.465,1146.0,duplicate,
job-57629350e1,LG-540,Print Canceled,CANCELED,2.624,1410.0,canceled/failed,
job-57629350e1,LG-540,Print Canceled,CANCELED,2.624,1410.0,canceled/failed,
job-57629350e1,LG-540,Print Canceled,CANCELED,6.682,1423.0,canceled/failed,
job-57629350e1,LG-540,Print Canceled,CANCELED,6.682,1423.0,canceled/failed,
job-57629350e1,LG-540,Print Canceled,CANCELED,6.682,1423.0,canceled/failed,
job-57629350e1,LG-540,Print Canceled,CANCELED,6.682,1510.0,canceled/failed,
job-57629350e1,LG-540,New Job(Queue A),OTHER_EVENT:New Job(Queue A),0.024,,bad_time_or_dims_or_event,missing_print_times
job-57629350e1,LG-540,New Job(Queue A),OTHER_EVENT:New Job(Queue A),0.024,,bad_time_or_dims_or_event,missing_print_times
job-e0c6d8a6b2,LG-540,Print Canceled,CANCELED,16.775,6634.0,canceled/failed,
job-e0c6d8a6b2,LG-540,Print Canceled,CANCELED,16.775,6634.0,canceled/failed,
job-e0c6d8a6b2,LG-540,Print Canceled,CANCELED,16.775,6634.0,canceled/failed,
job-e0c6d8a6b2,LG-540,Print Canceled,CANCELED,16.775,6634.0,canceled/failed,
job-e0c6d8a6b2,LG-540,Print Canceled,CANCELED,16.775,6634.0,canceled/failed,
job-e0c6d8a6b2,LG-540,Print Canceled,CANCELED,16.775,6634.0,canceled/failed,
job-e0c6d8a6b2,LG-540,Print Canceled,CANCELED,16.775,6634.0,canceled/failed,
job-e0c6d8a6b2,LG-540,Print Canceled,CANCELED,16.775,6637.0,canceled/failed,
job-e0c6d8a6b2,LG-540,Print Canceled,CANCELED,16.775,6588.0,canceled/failed,
job-e0c6d8a6b2,LG-540,Print Canceled,CANCELED,16.775,6347.0,canceled/failed,
job-e0c6d8a6b2,LG-540,Print Canceled,CANCELED,16.775,6331.0,canceled/failed,
job-e0c6d8a6b2,LG-540,Print End,DUPLICATE_SUMMARY,0.764,159.0,duplicate,
job-e0c6d8a6b2,LG-540,Print End,DUPLICATE_SUMMARY,0.764,153.0,duplicate,
job-e0c6d8a6b2,LG-540,Print End,DUPLICATE_SUMMARY,0.764,155.0,duplicate,
job-e0c6d8a6b2,LG-540,Print End,DUPLICATE_SUMMARY,0.764,234.0,duplicate,
job-e0c6d8a6b2,LG-540,Print End,DUPLICATE_SUMMARY,0.764,154.0,duplicate,
job-e0c6d8a6b2,LG-540,Print End,DUPLICATE_SUMMARY,0.764,182.0,duplicate,
job-e0c6d8a6b2,LG-540,Print End,DUPLICATE_SUMMARY,0.764,153.0,duplicate,
job-e0c6d8a6b2,LG-540,Print End,DUPLICATE_SUMMARY,0.764,370.0,duplicate,
job-e0c6d8a6b2,LG-540,New Job(Queue A),OTHER_EVENT:New Job(Queue A),0.155,,bad_time_or_dims_or_event,missing_print_times
job-e0c6d8a6b2,LG-540,Print End,DUPLICATE_SUMMARY,0.155,257.0,duplicate,
job-e0c6d8a6b2,LG-540,New Job(Queue A),OTHER_EVENT:New Job(Queue A),0.155,,bad_time_or_dims_or_event,missing_print_times
job-9751572bc0,LG-540,New Job(Queue A),OTHER_EVENT:New Job(Queue A),0.155,,bad_time_or_dims_or_event,missing_print_times
job-10660e00fe,LG-540,New Job(Queue A),OTHER_EVENT:New Job(Queue A),0.155,,bad_time_or_dims_or_event,missing_print_times
job-a4d6a0151b,LG-540,New Job(Queue A),OTHER_EVENT:New Job(Queue A),0.155,,bad_time_or_dims_or_event,missing_print_times
job-4079fbcebb,LG-540,New Job(Queue A),OTHER_EVENT:New Job(Queue A),1.638,,bad_time_or_dims_or_event,missing_print_times
job-c9f21f5548,LG-540,New Job(Queue A),OTHER_EVENT:New Job(Queue A),1.638,,bad_time_or_dims_or_event,missing_print_times
job-18d2577f76,LG-540,New Job(Queue A),OTHER_EVENT:New Job(Queue A),1.638,,bad_time_or_dims_or_event,missing_print_times
job-d445669fc7,LG-540,New Job(Queue A),OTHER_EVENT:New Job(Queue A),1.638,,bad_time_or_dims_or_event,missing_print_times
job-985de8830b,LG-540,New Job(Queue A),OTHER_EVENT:New Job(Queue A),1.638,,bad_time_or_dims_or_event,missing_print_times
job-60e0581a4d,LG-540,New Job(Queue A),OTHER_EVENT:New Job(Queue A),1.638,,bad_time_or_dims_or_event,missing_print_times
job-8a566c46f3,LG-540,New Job(Queue A),OTHER_EVENT:New Job(Queue A),1.638,,bad_time_or_dims_or_event,missing_print_times
job-43f1ffe0c1,LG-540,New Job(Queue A),OTHER_EVENT:New Job(Queue A),1.638,,bad_time_or_dims_or_event,missing_print_times
job-1ae4d1df6a,LG-540,New Job(Queue A),OTHER_EVENT:New Job(Queue A),1.638,,bad_time_or_dims_or_event,missing_print_times
job-d3aefac4e8,LG-540,New Job(Queue A),OTHER_EVENT:New Job(Queue A),1.638,,bad_time_or_dims_or_event,missing_print_times
job-05853dbe4b,LG-540,New Job(Queue A),OTHER_EVENT:New Job(Queue A),1.638,,bad_time_or_dims_or_event,missing_print_times
job-e72fdd011c,LG-540,New Job(Queue A),OTHER_EVENT:New Job(Queue A),1.638,,bad_time_or_dims_or_event,missing_print_times
job-92d54658e5,LG-540,New Job(Queue A),OTHER_EVENT:New Job(Queue A),1.638,,bad_time_or_dims_or_event,missing_print_times
job-5f0b8659cf,LG-540,New Job(Queue A),OTHER_EVENT:New Job(Queue A),1.638,,bad_time_or_dims_or_event,missing_print_times
job-e4953a3bf3,LG-540,New Job(Queue A),OTHER_EVENT:New Job(Queue A),1.638,,bad_time_or_dims_or_event,missing_print_times
job-92f7858313,LG-540,New Job(Queue A),OTHER_EVENT:New Job(Queue A),1.638,,bad_time_or_dims_or_event,missing_print_times
job-65e1eaf47e,LG-540,New Job(Queue A),OTHER_EVENT:New Job(Queue A),1.638,,bad_time_or_dims_or_event,missing_print_times
job-d0166e7b0d,LG-540,New Job(Queue A),OTHER_EVENT:New Job(Queue A),1.638,,bad_time_or_dims_or_event,missing_print_times
job-2ac12f2410,LG-540,New Job(Queue A),OTHER_EVENT:New Job(Queue A),1.638,,bad_time_or_dims_or_event,missing_print_times
job-1bf07c204b,LG-540,New Job(Queue A),OTHER_EVENT:New Job(Queue A),1.638,,bad_time_or_dims_or_event,missing_print_times
job-daf943ea3d,LG-540,New Job(Queue A),OTHER_EVENT:New Job(Queue A),1.638,,bad_time_or_dims_or_event,missing_print_times
job-8784bd7f87,LG-540,New Job(Queue A),OTHER_EVENT:New Job(Queue A),1.638,,bad_time_or_dims_or_event,missing_print_times
job-4600bec482,LG-540,New Job(Queue A),OTHER_EVENT:New Job(Queue A),1.638,,bad_time_or_dims_or_event,missing_print_times
job-9893ca973b,LG-540,New Job(Queue A),OTHER_EVENT:New Job(Queue A),1.638,,bad_time_or_dims_or_event,missing_print_times
job-0fbdd337bb,LG-540,New Job(Queue A),OTHER_EVENT:New Job(Queue A),1.638,,bad_time_or_dims_or_event,missing_print_times
job-93ed2da294,LG-540,New Job(Queue A),OTHER_EVENT:New Job(Queue A),1.638,,bad_time_or_dims_or_event,missing_print_times
job-cec066adfa,LG-540,Print Canceled,CANCELED,0.513,12351.0,canceled/failed,
job-cec066adfa,LG-540,Print Error,FAILED,0.513,12351.0,canceled/failed,
job-cec066adfa,LG-540,Print Canceled,CANCELED,21.439,5002.0,canceled/failed,
job-cec066adfa,LG-540,Print Canceled,CANCELED,21.439,4905.0,canceled/failed,
job-cec066adfa,LG-540,New Job(Queue A),OTHER_EVENT:New Job(Queue A),0.083,,bad_time_or_dims_or_event,missing_print_times
job-cec066adfa,LG-540,New Job(Queue A),OTHER_EVENT:New Job(Queue A),0.083,,bad_time_or_dims_or_event,missing_print_times
job-cec066adfa,LG-540,New Job(Queue A),OTHER_EVENT:New Job(Queue A),0.083,,bad_time_or_dims_or_event,missing_print_times
