anonId,printer,klass,profile,copies,pageX_in,pageY_in,areaX_in,areaY_in,layout_sqft,art_sqft,print_s,rip_s,cmyk_ml,white_ml,gloss_ml,other_ml,sqft_per_hr,p_start,flags
job-2a4e04d3c7,LG-640,LG640_CMYK_WHITE_COMBINED,Generic Sign Production,3,9.13,3.736,40.093,3.736,1.0401,0.7106,953.0,46.0,0.8700000000000001,1.391,0.0,0.0,3.93,2026-07-24T17:56:46,
job-2a4e04d3c7,LG-640,LG640_WHITE_ONLY,Generic Sign Production,3,9.13,3.736,40.093,3.736,1.0401,0.7106,706.0,,0.0,4.173,0.0,0.0,5.3,2026-07-24T16:43:18,
job-2a4e04d3c7,LG-640,LG640_WHITE_ONLY,Generic Sign Production,3,9.13,3.736,40.093,3.736,1.0401,0.7106,737.0,,0.0,4.173,0.0,0.0,5.08,2026-07-24T16:19:21,
job-2a4e04d3c7,LG-640,LG640_WHITE_ONLY,Generic Sign Production,3,9.13,3.736,40.093,3.736,1.0401,0.7106,1991.0,87.0,0.0,4.173,0.0,0.0,1.88,2026-07-24T16:10:07,
job-faf80f53ee,LG-640,LG640_GLOSS_ONLY,Special Effects,98,7.0,2.7,50.898,37.8,13.3606,12.8625,9734.0,,0.0,0.0,65.615,0.0,4.94,2026-07-23T22:15:45,
job-e1b1fd65a2,LG-640,LG640_GLOSS_ONLY,Special Effects,98,7.128,3.128,51.347,43.791,15.6149,15.1763,11539.0,,0.0,0.0,55.816,0.0,4.87,2026-07-23T10:05:08,
job-08055ce4c7,LG-640,LG640_GLOSS_ONLY,Special Effects,98,7.128,3.128,51.367,43.791,15.6209,15.1763,8714.0,,0.0,0.0,33.411,0.0,6.45,2026-07-22T17:59:22,
job-d3709c6c95,LG-640,LG640_GLOSS_ONLY,Special Effects,130,3.989,5.0,52.323,50.0,18.1679,18.004,12329.0,,0.0,0.0,38.477,0.0,5.3,2026-07-22T08:35:35,
job-d9cbc52889,LG-640,LG640_GLOSS_ONLY,Special Effects,130,3.989,5.0,52.323,50.0,18.1679,18.004,6025.0,,0.0,0.0,78.8,0.0,10.86,2026-07-22T08:35:25,
job-75b64fd601,LG-640,LG640_GLOSS_ONLY,Special Effects,130,3.989,5.0,52.323,50.0,18.1679,18.004,896.0,21.0,0.0,0.0,14.236,0.0,73.0,2026-07-22T08:16:58,
job-75b64fd601,LG-640,LG640_CMYK_ONLY,Generic Sign Production,130,3.989,5.0,52.323,50.0,18.1679,18.004,12475.0,20.0,18.8,0.0,0.0,0.0,5.24,2026-07-21T22:02:05,
job-449278b9e6,LG-640,LG640_GLOSS_ONLY,Special Effects,130,3.989,5.0,52.323,50.0,18.1679,18.004,12549.0,74.0,0.0,0.0,125.449,0.0,5.21,2026-07-21T21:38:30,
job-123b1fa48a,LG-640,LG640_GLOSS_ONLY,Special Effects,130,3.989,5.0,52.323,50.0,18.1679,18.004,6068.0,57.0,0.0,0.0,108.498,0.0,10.78,2026-07-21T21:38:12,
job-a5ebc6c7b7,LG-640,LG640_CMYK_ONLY,Generic Sign Production,130,3.989,5.0,52.323,50.0,18.1679,18.004,14205.0,59.0,2.644,0.0,0.0,0.0,4.6,2026-07-21T09:00:24,
job-dbc4f9f2c5,LG-640,LG640_CMYK_ONLY,Generic Sign Production,130,3.989,5.0,52.323,50.0,18.1679,18.004,12603.0,46.0,7.473999999999999,0.0,0.0,0.0,5.19,2026-07-21T09:00:24,
job-19fcf4379d,LG-640,LG640_CMYK_ONLY,Generic Sign Production,130,3.989,5.0,52.343,50.0,18.1747,18.004,11010.0,30.0,5.286999999999999,0.0,0.0,0.0,5.94,2026-07-21T09:00:24,
job-a5d4f670dc,LG-640,LG640_CMYK_ONLY,Generic Sign Production,130,3.989,5.0,52.323,50.0,18.1679,18.004,9659.0,16.0,9.308,0.0,0.0,0.0,6.77,2026-07-21T09:00:24,
job-01da95a678,LG-640,LG640_GLOSS_ONLY,Special Effects,64,9.13,3.127,51.412,36.52,13.0385,12.6876,9308.0,,0.0,0.0,58.062,0.0,5.04,2026-07-21T08:40:12,
job-0e17ebfba1,LG-640,LG640_GLOSS_ONLY,Special Effects,66,7.88,3.746,52.617,39.4,14.3965,13.528,5596.0,,0.0,0.0,116.707,0.0,9.26,2026-07-20T18:55:06,
job-82f15b1264,LG-640,LG640_CMYK_ONLY,Generic Sign Production,66,7.88,3.746,52.617,39.4,14.3965,13.528,8206.0,,20.184,0.0,0.0,0.0,6.32,2026-07-19T22:36:52,
job-c6b56f5dd4,LG-640,LG640_CMYK_ONLY,Generic Sign Production,150,3.626,3.626,51.802,39.89,14.3499,13.6986,12210.0,143.0,19.029,0.0,0.0,0.0,4.23,2026-07-19T16:34:00,
job-2c61fdce58,LG-640,LG640_CMYK_ONLY,Generic Sign Production,150,3.626,3.626,51.802,39.89,14.3499,13.6986,10719.0,128.0,23.374999999999996,0.0,0.0,0.0,4.82,2026-07-19T16:34:00,
job-a0dfc64bd4,LG-640,LG640_CMYK_ONLY,Generic Sign Production,150,3.626,3.626,51.802,39.89,14.3499,13.6986,9192.0,114.0,21.637999999999998,0.0,0.0,0.0,5.62,2026-07-19T16:34:00,
job-f8dbbf6b58,LG-640,LG640_CMYK_ONLY,Generic Sign Production,150,3.626,3.626,51.802,39.89,14.3499,13.6986,8010.0,100.0,21.289,0.0,0.0,0.0,6.45,2026-07-19T16:34:00,
job-7aa418a32f,LG-640,LG640_CMYK_ONLY,Generic Sign Production,150,3.626,3.626,51.802,39.89,14.3499,13.6986,6700.0,86.0,24.750999999999998,0.0,0.0,0.0,7.71,2026-07-19T16:34:00,
job-8afe4b14d2,LG-640,LG640_CMYK_ONLY,Generic Sign Production,150,3.626,3.626,51.802,39.89,14.3499,13.6986,5516.0,72.0,24.999999999999996,0.0,0.0,0.0,9.37,2026-07-19T16:34:00,
job-33cb897d53,LG-640,LG640_CMYK_ONLY,Generic Sign Production,150,3.626,3.626,51.802,39.89,14.3499,13.6986,4340.0,57.0,21.811999999999998,0.0,0.0,0.0,11.9,2026-07-19T16:34:00,
job-f1a770cca8,LG-640,LG640_CMYK_ONLY,Generic Sign Production,150,3.626,3.626,51.782,39.89,14.3445,13.6986,3158.0,43.0,20.408,0.0,0.0,0.0,16.35,2026-07-19T16:34:00,
job-9d9685afb9,LG-640,LG640_CMYK_ONLY,Generic Sign Production,150,3.626,3.626,51.782,39.89,14.3445,13.6986,1984.0,29.0,22.948999999999998,0.0,0.0,0.0,26.03,2026-07-19T16:34:00,
job-5d65edbc3b,LG-640,LG640_CMYK_ONLY,Generic Sign Production,150,3.626,3.626,51.802,39.89,14.3499,13.6986,736.0,15.0,22.234,0.0,0.0,0.0,70.19,2026-07-19T16:34:00,
job-2a4e04d3c7,LG-640,LG640_CMYK_ONLY,Generic Sign Production,5,9.13,3.736,49.242,3.736,1.2775,1.1843,101.0,39.0,1.4570000000000003,0.0,0.0,0.0,45.53,2026-07-19T16:07:58,
job-2a4e04d3c7,LG-640,LG640_WHITE_ONLY,Generic Sign Production,5,9.13,3.736,49.242,3.736,1.2775,1.1843,477.0,46.0,0.0,7.302,0.0,0.0,9.64,2026-07-19T15:48:02,
job-2a4e04d3c7,LG-640,LG640_WHITE_ONLY,Generic Sign Production,5,9.13,3.736,49.242,3.736,1.2775,1.1843,854.0,50.0,0.0,7.302,0.0,0.0,5.39,2026-07-19T15:28:45,
job-00d779bacf,LG-640,LG640_GLOSS_ONLY,Special Effects,50,6.07,1.468,50.678,10.277,3.6167,3.0943,2201.0,36.0,0.0,0.0,4.756,0.0,5.92,2026-07-18T22:48:44,
job-3101beb8ee,LG-640,LG640_GLOSS_ONLY,Special Effects,50,0.0,0.0,52.42,45.239,16.4682,0.0,7387.0,295.0,0.0,0.0,55.872,0.0,8.03,2026-07-18T19:31:39,
job-3101beb8ee,LG-640,LG640_CMYK_ONLY,Generic Sign Production,50,0.0,0.0,52.42,45.239,16.4682,0.0,3191.0,156.0,13.951,0.0,0.0,0.0,18.58,2026-07-18T19:31:33,
job-3101beb8ee,LG-640,LG640_GLOSS_ONLY,Special Effects,50,0.0,0.0,52.148,54.614,19.7779,0.0,8812.0,154.0,0.0,0.0,27.751,0.0,8.08,2026-07-18T13:48:50,
job-3101beb8ee,LG-640,LG640_CMYK_ONLY,Generic Sign Production,50,0.0,0.0,52.148,54.614,19.7779,0.0,3781.0,93.0,17.975,0.0,0.0,0.0,18.83,2026-07-18T13:48:22,
job-3101beb8ee,LG-640,LG640_GLOSS_ONLY,Special Effects,1,0.0,0.0,52.381,49.15,17.8785,0.0,9621.0,,0.0,0.0,34.297,0.0,6.69,2026-07-18T09:57:57,
job-520bb7a6ba,LG-640,LG640_CMYK_ONLY,Generic Sign Production,1,0.0,0.0,52.243,28.324,10.276,0.0,3360.0,58.0,8.822000000000001,0.0,0.0,0.0,11.01,2026-07-18T09:57:26,
job-cd2d832135,LG-640,LG640_GLOSS_ONLY,Special Effects,40,5.003,8.003,51.413,32.013,11.4297,11.1225,3428.0,53.0,0.0,0.0,46.537,0.0,12.0,2026-07-18T09:35:40,
job-ab0d2157ea,LG-640,LG640_CMYK_ONLY,Generic Sign Production,1,0.0,0.0,52.243,28.324,10.276,0.0,1393.0,,8.82,0.0,0.0,0.0,26.56,2026-07-18T05:33:18,
job-ca871d2ffa,LG-640,LG640_CMYK_ONLY,Generic Sign Production,128,6.491,2.551,52.381,40.819,14.8482,14.7196,1266.0,,10.425,0.0,0.0,0.0,42.22,2026-07-18T04:55:02,
job-847f58c7fe,LG-640,LG640_CMYK_ONLY,Generic Sign Production,128,6.491,2.551,52.381,40.819,14.8482,14.7196,1266.0,,8.613,0.0,0.0,0.0,42.22,2026-07-18T04:12:59,
job-091524a4f1,LG-640,LG640_CMYK_ONLY,Generic Sign Production,128,6.491,2.551,52.381,40.819,14.8482,14.7196,1579.0,,19.065,0.0,0.0,0.0,33.85,2026-07-18T03:25:34,
job-62579a63e0,LG-640,LG640_CMYK_ONLY,Generic Sign Production,128,6.491,2.551,52.361,40.819,14.8426,14.7196,1263.0,,25.831,0.0,0.0,0.0,42.31,2026-07-18T02:43:37,
job-091524a4f1,LG-640,LG640_CMYK_ONLY,Generic Sign Production,128,6.491,2.551,52.381,40.819,14.8482,14.7196,14206.0,45.0,19.065,0.0,0.0,0.0,3.76,2026-07-17T23:28:48,
job-62579a63e0,LG-640,LG640_CMYK_ONLY,Generic Sign Production,128,6.491,2.551,52.361,40.819,14.8426,14.7196,11689.0,30.0,25.831,0.0,0.0,0.0,4.57,2026-07-17T23:28:48,
job-cd2d832135,LG-640,LG640_GLOSS_ONLY,Special Effects,60,5.003,8.003,51.413,48.019,17.1445,16.6837,9467.0,,0.0,0.0,69.805,0.0,6.52,2026-07-17T17:58:00,
job-b028f73024,LG-640,LG640_GLOSS_ONLY,Special Effects,1,0.0,0.0,52.77,52.721,19.32,0.0,11057.0,,0.0,0.0,67.588,0.0,6.29,2026-07-17T08:41:51,
job-b028f73024,LG-640,LG640_CMYK_ONLY,Generic Sign Production,1,0.0,0.0,52.77,52.721,19.32,0.0,4856.0,,16.471,0.0,0.0,0.0,14.32,2026-07-17T08:41:45,
job-33e3440eb5,LG-640,LG640_CMYK_ONLY,Generic Sign Production,130,9.143,2.068,47.386,53.771,17.6943,17.071,2057.0,,16.814,0.0,0.0,0.0,30.97,2026-07-16T21:01:05,
job-33e3440eb5,LG-640,LG640_GLOSS_ONLY,Special Effects,130,9.143,2.068,47.386,53.771,17.6943,17.071,13204.0,,0.0,0.0,18.082,0.0,4.82,2026-07-16T16:48:17,
job-993745b7fb,LG-640,LG640_GLOSS_ONLY,Special Effects,66,8.473,2.917,51.916,32.082,11.5664,11.3265,10339.0,30.0,0.0,0.0,31.508,0.0,4.03,2026-07-16T10:36:04,
job-4ac1d2549f,LG-640,LG640_GLOSS_ONLY,Special Effects,66,8.473,2.917,51.837,32.082,11.5488,11.3265,7103.0,,0.0,0.0,37.497,0.0,5.85,2026-07-16T10:22:45,
job-09604b6991,LG-640,LG640_GLOSS_ONLY,Special Effects,66,8.463,2.854,51.867,31.389,11.3058,11.0706,7428.0,,0.0,0.0,71.106,0.0,5.48,2026-07-13T11:31:26,
job-fced492e05,LG-640,LG640_CMYK_ONLY,Generic Sign Production,130,3.989,5.0,52.402,50.0,18.1952,18.004,1060.0,,12.375,0.0,0.0,0.0,61.8,2026-07-13T09:46:13,
job-fced492e05,LG-640,LG640_CMYK_ONLY,Generic Sign Production,130,3.989,5.0,52.402,50.0,18.1952,18.004,2494.0,,12.375,0.0,0.0,0.0,26.26,2026-07-13T08:41:17,
job-1b2a5e14e1,LG-640,LG640_CMYK_ONLY,Generic Sign Production,130,3.989,5.0,52.402,50.0,18.1952,18.004,905.0,,14.843,0.0,0.0,0.0,72.38,2026-07-13T08:41:17,
job-aa2360c821,LG-640,LG640_GLOSS_ONLY,Special Effects,66,8.473,2.917,51.896,32.082,11.562,11.3265,13125.0,,0.0,0.0,70.064,0.0,3.17,2026-07-12T14:44:53,
job-a3f3949255,LG-640,LG640_GLOSS_ONLY,Special Effects,66,8.473,2.917,51.916,32.082,11.5664,11.3265,13247.0,,0.0,0.0,22.956,0.0,3.14,2026-07-12T12:37:12,
job-e3263571a8,LG-640,LG640_GLOSS_ONLY,Special Effects,66,8.473,2.917,51.916,32.082,11.5664,11.3265,7780.0,,0.0,0.0,41.158,0.0,5.35,2026-07-12T12:37:12,
job-2a4e04d3c7,LG-640,LG640_GLOSS_ONLY,Special Effects,5,9.13,3.736,49.321,3.736,1.2795,1.1843,335.0,36.0,0.0,0.0,4.776,0.0,13.75,2026-07-10T09:20:03,
job-2a4e04d3c7,LG-640,LG640_CMYK_WHITE_COMBINED,Generic Label,5,9.13,3.736,49.321,3.736,1.2795,1.1843,1728.0,86.0,1.3840000000000001,2.91,0.0,0.0,2.67,2026-07-10T08:43:26,
job-2a4e04d3c7,LG-640,LG640_GLOSS_ONLY,Special Effects,5,9.13,3.736,49.321,3.736,1.2795,1.1843,154.0,38.0,0.0,0.0,3.178,0.0,29.91,2026-07-09T22:50:46,
job-2a4e04d3c7,LG-640,LG640_CMYK_ONLY,Generic Sign Production,5,9.13,3.736,49.321,3.736,1.2795,1.1843,1731.0,70.0,1.4570000000000003,0.0,0.0,0.0,2.66,2026-07-09T22:18:36,
job-2a4e04d3c7,LG-640,LG640_GLOSS_ONLY,Special Effects,5,9.13,3.736,49.321,3.736,1.2795,1.1843,2061.0,107.0,0.0,0.0,6.356,0.0,2.24,2026-07-09T21:32:01,
job-2a4e04d3c7,LG-640,LG640_CMYK_WHITE_COMBINED,Generic Sign Production,5,9.13,3.736,49.321,3.736,1.2795,1.1843,1256.0,74.0,1.4520000000000002,2.434,0.0,0.0,3.67,2026-07-09T21:31:57,
job-3340393ca5,LG-640,LG640_GLOSS_ONLY,Special Effects,5,9.13,3.736,49.262,3.736,1.278,1.1843,2362.0,,0.0,0.0,9.993,0.0,1.95,2026-07-09T20:55:01,
job-3340393ca5,LG-640,LG640_CMYK_WHITE_COMBINED,Generic Label,5,9.13,3.736,49.262,3.736,1.278,1.1843,1456.0,31.0,1.3599999999999999,2.447,0.0,0.0,3.16,2026-07-09T20:54:45,
job-3340393ca5,LG-640,LG640_GLOSS_ONLY,Special Effects,5,9.13,3.736,49.262,3.736,1.278,1.1843,740.0,,0.0,0.0,9.993,0.0,6.22,2026-07-09T20:38:11,
job-3340393ca5,LG-640,LG640_CMYK_WHITE_COMBINED,Generic Label,5,9.13,3.736,49.262,3.736,1.278,1.1843,1375.0,34.0,1.3599999999999999,1.234,0.0,0.0,3.35,2026-07-09T20:09:06,
job-3340393ca5,LG-640,LG640_GLOSS_ONLY,Special Effects,5,9.13,3.736,49.262,3.736,1.278,1.1843,941.0,,0.0,0.0,9.993,0.0,4.89,2026-07-09T19:45:01,
job-3340393ca5,LG-640,LG640_CMYK_WHITE_COMBINED,Generic Label,5,9.13,3.736,49.262,3.736,1.278,1.1843,1875.0,,1.3599999999999999,2.447,0.0,0.0,2.45,2026-07-09T19:06:47,
job-3340393ca5,LG-640,LG640_GLOSS_ONLY,Special Effects,5,9.13,3.736,49.262,3.736,1.278,1.1843,1130.0,26.0,0.0,0.0,9.993,0.0,4.07,2026-07-09T18:34:13,
job-3340393ca5,LG-640,LG640_CMYK_WHITE_COMBINED,Generic Label,5,9.13,3.736,49.262,3.736,1.278,1.1843,260.0,30.0,1.3599999999999999,2.447,0.0,0.0,17.7,2026-07-09T17:40:27,
job-3340393ca5,LG-640,LG640_WHITE_ONLY,Generic Label,5,9.13,3.736,49.262,3.736,1.278,1.1843,778.0,,0.0,7.342,0.0,0.0,5.91,2026-07-09T16:22:43,
job-3340393ca5,LG-640,LG640_CMYK_WHITE_COMBINED,Generic Label,5,9.13,3.736,49.262,3.736,1.278,1.1843,333.0,29.0,1.3599999999999999,2.447,0.0,0.0,13.82,2026-07-09T12:50:48,
job-3340393ca5,LG-640,LG640_WHITE_ONLY,Generic Label,5,9.13,3.736,49.262,3.736,1.278,1.1843,1954.0,54.0,0.0,7.342,0.0,0.0,2.35,2026-07-09T12:04:06,
job-3340393ca5,LG-640,LG640_GLOSS_ONLY,Special Effects,5,9.13,3.736,49.262,3.736,1.278,1.1843,328.0,27.0,0.0,0.0,7.435,0.0,14.03,2026-07-09T10:53:14,
job-3340393ca5,LG-640,LG640_GLOSS_ONLY,Special Effects,5,9.13,3.736,49.262,3.736,1.278,1.1843,539.0,34.0,0.0,0.0,7.435,0.0,8.54,2026-07-09T10:31:54,
job-3340393ca5,LG-640,LG640_CMYK_ONLY,Generic Label,5,9.13,3.736,49.262,3.736,1.278,1.1843,225.0,29.0,1.408,0.0,0.0,0.0,20.45,2026-07-09T10:23:16,
job-3340393ca5,LG-640,LG640_CMYK_WHITE_COMBINED,Generic Label,5,9.13,3.736,49.262,3.736,1.278,1.1843,1730.0,50.0,1.4220000000000002,2.447,0.0,0.0,2.66,2026-07-09T09:42:03,
job-2bad013002,LG-640,LG640_CMYK_ONLY,Generic Sign Production,5,3.703,2.238,35.695,2.238,0.5548,0.2878,224.0,22.0,0.34800000000000003,0.0,0.0,0.0,8.92,2026-07-09T00:32:14,
job-217146371a,LG-640,LG640_CMYK_ONLY,Generic Sign Production,1,0.0,0.0,51.02,57.554,20.3918,0.0,1063.0,64.0,25.481,0.0,0.0,0.0,69.06,2026-07-08T16:27:28,
job-8b75bf7469,LG-640,LG640_CMYK_ONLY,Generic Sign Production,130,3.989,5.0,52.363,50.0,18.1815,18.004,3344.0,,27.323,0.0,0.0,0.0,19.57,2026-07-08T14:10:03,
job-f4de4687d2,LG-640,LG640_CMYK_ONLY,Generic Sign Production,130,3.989,5.0,52.363,50.0,18.1815,18.004,1405.0,,28.884999999999998,0.0,0.0,0.0,46.59,2026-07-08T14:10:03,
job-54fe2e7dc2,LG-640,LG640_CMYK_ONLY,Generic Sign Production,130,3.989,5.0,52.363,50.0,18.1815,18.004,1592.0,,24.206000000000003,0.0,0.0,0.0,41.11,2026-07-08T11:14:03,
job-7f6b1c4813,LG-640,LG640_CMYK_ONLY,Generic Sign Production,130,3.989,5.0,52.363,50.0,18.1815,18.004,1590.0,,15.571,0.0,0.0,0.0,41.17,2026-07-08T10:18:56,
job-40c21d234f,LG-640,LG640_CMYK_ONLY,Generic Sign Production,130,3.989,5.0,52.363,50.0,18.1815,18.004,1591.0,,17.604,0.0,0.0,0.0,41.14,2026-07-08T09:26:01,
job-29e7ab40a0,LG-640,LG640_CMYK_ONLY,Generic Sign Production,1,0.0,0.0,51.02,71.943,25.4897,0.0,14193.0,,29.268,0.0,0.0,0.0,6.47,2026-07-08T09:15:10,
job-37b30f77b4,LG-640,LG640_CMYK_ONLY,Generic Sign Production,1,0.0,0.0,51.02,71.943,25.4897,0.0,12296.0,,24.012999999999998,0.0,0.0,0.0,7.46,2026-07-08T09:15:10,
job-d3c4aa6ed8,LG-640,LG640_CMYK_ONLY,Generic Sign Production,1,0.0,0.0,51.02,71.943,25.4897,0.0,10706.0,,37.081,0.0,0.0,0.0,8.57,2026-07-08T09:15:10,
job-54fe2e7dc2,LG-640,LG640_CMYK_ONLY,Generic Sign Production,130,3.989,5.0,52.363,50.0,18.1815,18.004,9076.0,,24.206000000000003,0.0,0.0,0.0,7.21,2026-07-08T08:42:47,
job-7f6b1c4813,LG-640,LG640_CMYK_ONLY,Generic Sign Production,130,3.989,5.0,52.363,50.0,18.1815,18.004,5769.0,,15.571,0.0,0.0,0.0,11.35,2026-07-08T08:42:47,
job-40c21d234f,LG-640,LG640_CMYK_ONLY,Generic Sign Production,130,3.989,5.0,52.363,50.0,18.1815,18.004,2594.0,,17.604,0.0,0.0,0.0,25.23,2026-07-08T08:42:47,
job-a0f71dbe8b,LG-640,LG640_CMYK_ONLY,Generic Sign Production,130,3.989,5.0,52.363,50.0,18.1815,18.004,1019.0,,17.298,0.0,0.0,0.0,64.23,2026-07-08T08:42:41,
job-3d1158ef93,LG-640,LG640_CMYK_ONLY,Generic Sign Production,130,3.989,5.0,52.363,50.0,18.1815,18.004,1934.0,,16.854,0.0,0.0,0.0,33.84,2026-07-08T01:17:35,
job-325588e4bb,LG-640,LG640_CMYK_ONLY,Generic Sign Production,130,3.989,5.0,52.363,50.0,18.1815,18.004,1587.0,,30.439,0.0,0.0,0.0,41.24,2026-07-08T00:24:48,
job-8e1ef2970f,LG-640,LG640_CMYK_ONLY,Generic Sign Production,130,3.989,5.0,52.363,50.0,18.1815,18.004,1895.0,,30.581000000000003,0.0,0.0,0.0,34.54,2026-07-07T23:26:53,
job-e61e0a52d9,LG-640,LG640_CMYK_ONLY,Generic Sign Production,130,3.989,5.0,52.363,50.0,18.1815,18.004,1588.0,,25.348000000000003,0.0,0.0,0.0,41.22,2026-07-07T22:34:06,
job-448c7e5dde,LG-640,LG640_CMYK_ONLY,Generic Sign Production,130,3.989,5.0,52.363,50.0,18.1815,18.004,1587.0,,27.756,0.0,0.0,0.0,41.24,2026-07-07T21:41:19,
job-e2b063224c,LG-640,LG640_CMYK_ONLY,Generic Sign Production,130,3.989,5.0,52.363,50.0,18.1815,18.004,1588.0,,17.826999999999998,0.0,0.0,0.0,41.22,2026-07-07T20:46:17,
job-f683bdc3ed,LG-640,LG640_CMYK_ONLY,Generic Sign Production,130,3.989,5.0,52.363,50.0,18.1815,18.004,1591.0,,17.826999999999998,0.0,0.0,0.0,41.14,2026-07-07T19:53:27,
job-fced492e05,LG-640,LG640_CMYK_ONLY,Generic Sign Production,130,3.989,5.0,52.363,50.0,18.1815,18.004,2181.0,,12.375,0.0,0.0,0.0,30.01,2026-07-07T18:50:45,
job-1b2a5e14e1,LG-640,LG640_CMYK_ONLY,Generic Sign Production,130,3.989,5.0,52.363,50.0,18.1815,18.004,1715.0,,14.843,0.0,0.0,0.0,38.17,2026-07-07T17:55:44,
job-8b75bf7469,LG-640,LG640_CMYK_ONLY,Generic Sign Production,130,3.989,5.0,52.363,50.0,18.1815,18.004,1578.0,,27.323,0.0,0.0,0.0,41.48,2026-07-07T17:02:57,
job-f4de4687d2,LG-640,LG640_CMYK_ONLY,Generic Sign Production,130,3.989,5.0,52.363,50.0,18.1815,18.004,1580.0,,28.884999999999998,0.0,0.0,0.0,41.43,2026-07-07T16:10:10,
job-fced492e05,LG-640,LG640_CMYK_ONLY,Generic Sign Production,130,3.989,5.0,52.363,50.0,18.1815,18.004,10680.0,,12.375,0.0,0.0,0.0,6.13,2026-07-07T15:52:45,
job-1b2a5e14e1,LG-640,LG640_CMYK_ONLY,Generic Sign Production,130,3.989,5.0,52.363,50.0,18.1815,18.004,7379.0,,14.843,0.0,0.0,0.0,8.87,2026-07-07T15:52:45,
job-8b75bf7469,LG-640,LG640_CMYK_ONLY,Generic Sign Production,130,3.989,5.0,52.363,50.0,18.1815,18.004,4212.0,,27.323,0.0,0.0,0.0,15.54,2026-07-07T15:52:45,
job-f4de4687d2,LG-640,LG640_CMYK_ONLY,Generic Sign Production,130,3.989,5.0,52.363,50.0,18.1815,18.004,1045.0,,28.884999999999998,0.0,0.0,0.0,62.63,2026-07-07T15:52:45,
job-54fe2e7dc2,LG-640,LG640_CMYK_ONLY,Generic Sign Production,130,3.989,5.0,52.363,50.0,18.1815,18.004,1582.0,,22.996,0.0,0.0,0.0,41.37,2026-07-07T14:53:57,
job-54fe2e7dc2,LG-640,LG640_CMYK_ONLY,Generic Sign Production,130,3.989,5.0,52.363,50.0,18.1815,18.004,1650.0,22.0,22.996,0.0,0.0,0.0,39.67,2026-07-07T14:26:27,
job-339376879a,LG-640,LG640_GLOSS_ONLY,Special Effects,168,2.166,2.166,52.431,15.163,5.5209,5.4742,7793.0,,0.0,0.0,9.591,0.0,2.55,2026-07-03T13:45:01,
job-d1205ff3ed,LG-640,LG640_GLOSS_ONLY,Special Effects,133,7.065,1.692,51.164,32.143,11.4206,11.039,7888.0,,0.0,0.0,34.717,0.0,5.21,2026-07-03T09:44:31,
job-3340393ca5,LG-640,LG640_GLOSS_ONLY,Special Effects,5,9.13,3.736,49.262,3.736,1.278,1.1843,937.0,,0.0,0.0,7.145,0.0,4.91,2026-07-02T10:29:17,
job-3340393ca5,LG-640,LG640_GLOSS_ONLY,Special Effects,5,9.13,3.736,49.262,3.736,1.278,1.1843,429.0,,0.0,0.0,3.19,0.0,10.72,2026-07-02T10:14:39,
job-3340393ca5,LG-640,LG640_GLOSS_ONLY,Special Effects,5,9.13,3.736,49.262,3.736,1.278,1.1843,399.0,45.0,0.0,0.0,3.19,0.0,11.53,2026-07-02T09:43:28,
job-e91154e9eb,LG-640,LG640_GLOSS_ONLY,Special Effects,54,7.684,3.792,49.628,34.126,11.7609,10.9262,9369.0,,0.0,0.0,65.44,0.0,4.52,2026-07-02T00:01:30,
job-3340393ca5,LG-640,LG640_GLOSS_ONLY,Special Effects,5,9.13,3.736,47.372,3.736,1.229,1.1843,1600.0,,0.0,0.0,10.004,0.0,2.77,2026-07-01T23:17:47,
job-3340393ca5,LG-640,LG640_GLOSS_ONLY,Special Effects,5,9.13,3.736,47.372,3.736,1.229,1.1843,1720.0,47.0,0.0,0.0,10.004,0.0,2.57,2026-07-01T22:38:10,
job-e91154e9eb,LG-640,LG640_CMYK_ONLY,Generic Sign Production,54,7.684,3.792,49.628,34.126,11.7609,10.9262,9228.0,,11.603,0.0,0.0,0.0,4.59,2026-07-01T19:54:15,
job-8febd03540,LG-640,LG640_GLOSS_ONLY,Special Effects,54,7.684,3.792,49.628,34.126,11.7609,10.9262,8527.0,,0.0,0.0,55.864,0.0,4.97,2026-07-01T19:54:15,
job-24c62045c6,LG-640,LG640_GLOSS_ONLY,Special Effects,66,8.312,2.578,51.511,28.357,10.144,9.8229,2508.0,,0.0,0.0,37.659,0.0,14.56,2026-07-01T19:15:50,
job-24c62045c6,LG-640,LG640_GLOSS_ONLY,Special Effects,66,8.312,2.578,51.511,28.357,10.144,9.8229,2364.0,53.0,0.0,0.0,37.659,0.0,15.45,2026-07-01T18:17:13,
job-350bb89581,LG-640,LG640_GLOSS_ONLY,Special Effects,65,9.296,2.166,49.815,28.16,9.7415,9.0894,9671.0,152.0,0.0,0.0,35.312,0.0,3.63,2026-06-30T19:33:10,
job-12597301a7,LG-640,LG640_GLOSS_ONLY,Special Effects,65,9.296,2.166,49.815,28.16,9.7415,9.0894,6277.0,106.0,0.0,0.0,34.882,0.0,5.59,2026-06-30T19:33:10,
job-443b710bd3,LG-640,LG640_GLOSS_ONLY,Special Effects,65,9.296,2.166,49.815,28.16,9.7415,9.0894,3192.0,57.0,0.0,0.0,36.04,0.0,10.99,2026-06-30T19:33:10,
job-f353058a2d,LG-640,LG640_GLOSS_ONLY,Special Effects,66,8.312,2.578,51.511,28.357,10.144,9.8229,2957.0,46.0,0.0,0.0,39.796,0.0,12.35,2026-06-30T15:43:26,
job-f353058a2d,LG-640,LG640_GLOSS_ONLY,Special Effects,66,8.312,2.578,51.433,28.357,10.1285,9.8229,7780.0,,0.0,0.0,39.796,0.0,4.69,2026-06-29T16:34:09,
job-eb93ce9f85,LG-640,LG640_GLOSS_ONLY,Special Effects,66,8.312,2.578,51.433,28.357,10.1285,9.8229,6436.0,,0.0,0.0,38.29,0.0,5.67,2026-06-29T13:06:28,
job-4ac6558311,LG-640,LG640_GLOSS_ONLY,Special Effects,32,11.402,2.878,49.299,23.027,7.8833,7.2928,2248.0,51.0,0.0,0.0,24.711,0.0,12.62,2026-06-27T12:41:02,
job-4ac6558311,LG-640,LG640_CMYK_ONLY,Generic Sign Production,32,11.402,2.878,49.299,23.027,7.8833,7.2928,749.0,27.0,11.294999999999998,0.0,0.0,0.0,37.89,2026-06-26T18:03:21,
job-4ac6558311,LG-640,LG640_CMYK_ONLY,Generic Sign Production,32,11.402,2.878,49.299,23.027,7.8833,7.2928,1421.0,25.0,11.307,0.0,0.0,0.0,19.97,2026-06-26T17:21:20,
job-a1b8d488cc,LG-640,LG640_GLOSS_ONLY,Special Effects,32,11.4,2.875,49.295,22.998,7.873,7.2826,2325.0,54.0,0.0,0.0,37.046,0.0,12.19,2026-06-26T16:50:06,
job-b4ba2d12a6,LG-640,LG640_CMYK_ONLY,Generic Sign Production,130,9.07,2.032,52.916,45.352,16.6657,16.6416,1601.0,21.0,17.681,0.0,0.0,0.0,37.47,2026-06-26T11:40:48,
job-8aeb1587b2,LG-640,LG640_CMYK_ONLY,Generic Sign Production,130,9.07,2.032,52.916,45.352,16.6657,16.6416,2418.0,,25.584,0.0,0.0,0.0,24.81,2026-06-25T17:21:57,
job-dda9f47510,LG-640,LG640_CMYK_ONLY,Generic Sign Production,130,9.07,2.032,52.916,45.352,16.6657,16.6416,824.0,,15.92,0.0,0.0,0.0,72.81,2026-06-25T17:21:57,
job-617962c6d0,LG-640,LG640_CMYK_ONLY,Generic Sign Production,25,1.503,0.878,45.285,0.878,0.2762,0.2292,71.0,15.0,0.02,0.0,0.0,0.0,14.01,2026-06-25T17:16:13,
job-617962c6d0,LG-640,LG640_CMYK_ONLY,Generic Sign Production,25,1.503,0.878,45.285,0.878,0.2762,0.2292,33.0,16.0,0.021,0.0,0.0,0.0,30.13,2026-06-25T17:09:29,
job-617962c6d0,LG-640,LG640_CMYK_ONLY,Generic Sign Production,25,1.503,0.878,45.285,0.878,0.2762,0.2292,73.0,17.0,0.077,0.0,0.0,0.0,13.62,2026-06-25T17:03:30,
job-617962c6d0,LG-640,LG640_CMYK_ONLY,Generic Sign Production,25,1.503,0.878,45.285,0.878,0.2762,0.2292,122.0,,0.081,0.0,0.0,0.0,8.15,2026-06-25T16:57:32,
job-31dc268e59,LG-640,LG640_CMYK_ONLY,Generic Sign Production,130,9.07,2.032,52.916,45.352,16.6657,16.6416,1659.0,,6.606,0.0,0.0,0.0,36.16,2026-06-25T15:41:04,
job-dda9f47510,LG-640,LG640_CMYK_ONLY,Generic Sign Production,130,9.07,2.032,52.916,45.352,16.6657,16.6416,6359.0,29.0,15.92,0.0,0.0,0.0,9.43,2026-06-25T14:50:19,
job-31dc268e59,LG-640,LG640_CMYK_ONLY,Generic Sign Production,130,9.07,2.032,52.916,45.352,16.6657,16.6416,3045.0,14.0,6.606,0.0,0.0,0.0,19.7,2026-06-25T14:50:19,
job-617962c6d0,LG-640,LG640_CMYK_ONLY,Generic Sign Production,25,2.522,0.728,52.973,1.457,0.5359,0.3189,2221.0,19.0,0.069,0.0,0.0,0.0,0.87,2026-06-25T14:47:27,
job-767256d3e1,LG-640,LG640_CMYK_ONLY,Generic Sign Production,130,9.07,2.032,52.916,45.352,16.6657,16.6416,1656.0,,21.003,0.0,0.0,0.0,36.23,2026-06-25T14:42:20,
job-767256d3e1,LG-640,LG640_CMYK_ONLY,Generic Sign Production,130,9.07,2.032,52.916,45.352,16.6657,16.6416,919.0,20.0,21.003,0.0,0.0,0.0,65.28,2026-06-25T14:27:01,
job-8300257219,LG-640,LG640_GLOSS_ONLY,Special Effects,3,0.0,0.0,51.079,28.777,10.2077,0.0,1433.0,106.0,0.0,0.0,17.546,0.0,25.64,2026-06-25T11:13:37,
job-8300257219,LG-640,LG640_CMYK_ONLY,Generic Sign Production,3,0.0,0.0,51.079,28.777,10.2077,0.0,767.0,59.0,13.392,0.0,0.0,0.0,47.91,2026-06-25T11:13:32,
job-74f57d990e,LG-640,LG640_GLOSS_ONLY,Special Effects,3,0.0,0.0,51.0,57.554,20.3839,0.0,9952.0,743.0,0.0,0.0,42.563,0.0,7.37,2026-06-24T18:46:09,
job-74f57d990e,LG-640,LG640_CMYK_ONLY,Generic Sign Production,3,0.0,0.0,51.0,57.554,20.3839,0.0,8774.0,623.0,28.354999999999997,0.0,0.0,0.0,8.36,2026-06-24T18:46:05,
job-f2be88e891,LG-640,LG640_GLOSS_ONLY,Special Effects,3,0.0,0.0,51.0,57.554,20.3839,0.0,7416.0,497.0,0.0,0.0,38.731,0.0,9.9,2026-06-24T18:46:02,
job-f2be88e891,LG-640,LG640_CMYK_ONLY,Generic Sign Production,3,0.0,0.0,51.0,57.554,20.3839,0.0,6250.0,374.0,24.615000000000002,0.0,0.0,0.0,11.74,2026-06-24T18:45:58,
job-0de0dedbea,LG-640,LG640_GLOSS_ONLY,Special Effects,3,0.0,0.0,51.0,57.554,20.3839,0.0,4902.0,246.0,0.0,0.0,38.132,0.0,14.97,2026-06-24T18:45:54,
job-0de0dedbea,LG-640,LG640_CMYK_ONLY,Generic Sign Production,3,0.0,0.0,51.0,57.554,20.3839,0.0,3505.0,124.0,26.44,0.0,0.0,0.0,20.94,2026-06-24T18:45:51,
job-9cdbebfb6b,LG-640,LG640_GLOSS_ONLY,Special Effects,3,0.0,0.0,51.0,57.554,20.3839,0.0,2543.0,216.0,0.0,0.0,41.319,0.0,28.86,2026-06-24T18:39:23,
job-9cdbebfb6b,LG-640,LG640_CMYK_ONLY,Generic Sign Production,3,0.0,0.0,51.0,57.554,20.3839,0.0,1364.0,118.0,28.058,0.0,0.0,0.0,53.8,2026-06-24T18:39:19,
job-9cdbebfb6b,LG-640,LG640_GLOSS_ONLY,Special Effects,1,0.0,0.0,51.0,28.777,10.192,0.0,3675.0,213.0,0.0,0.0,13.773,0.0,9.98,2026-06-24T15:05:16,
job-9cdbebfb6b,LG-640,LG640_CMYK_ONLY,Generic Sign Production,1,0.0,0.0,51.0,28.777,10.192,0.0,2943.0,112.0,9.353,0.0,0.0,0.0,12.47,2026-06-24T15:05:12,
job-830ce470cf,LG-640,LG640_GLOSS_ONLY,Special Effects,130,3.989,5.0,52.343,50.0,18.1747,18.004,2456.0,42.0,0.0,0.0,25.235,0.0,26.64,2026-06-24T15:01:38,
job-c36b7a4a9d,LG-640,LG640_GLOSS_ONLY,Special Effects,130,3.989,5.0,52.343,50.0,18.1747,18.004,10058.0,,0.0,0.0,95.087,0.0,6.51,2026-06-24T08:17:55,
job-f2bd856616,LG-640,LG640_GLOSS_ONLY,Special Effects,130,3.989,5.0,52.343,50.0,18.1747,18.004,5181.0,,0.0,0.0,63.01,0.0,12.63,2026-06-24T08:17:55,
job-bb8f2545f3,LG-640,LG640_GLOSS_ONLY,Special Effects,1,0.0,0.0,51.079,28.777,10.2077,0.0,12958.0,808.0,0.0,0.0,13.773,0.0,2.84,2026-06-23T18:12:24,
job-bb8f2545f3,LG-640,LG640_CMYK_ONLY,Generic Sign Production,1,0.0,0.0,51.079,28.777,10.2077,0.0,12463.0,709.0,9.353,0.0,0.0,0.0,2.95,2026-06-23T18:12:20,
job-c0985661dd,LG-640,LG640_GLOSS_ONLY,Special Effects,1,0.0,0.0,51.0,57.554,20.3839,0.0,11771.0,623.0,0.0,0.0,39.808,0.0,6.23,2026-06-23T18:11:59,
job-c0985661dd,LG-640,LG640_CMYK_ONLY,Generic Sign Production,1,0.0,0.0,51.0,57.554,20.3839,0.0,10576.0,317.0,26.469,0.0,0.0,0.0,6.94,2026-06-23T18:11:55,
job-b43df7ac7f,LG-640,LG640_GLOSS_ONLY,Special Effects,130,3.989,5.0,52.343,50.0,18.1747,18.004,11380.0,126.0,0.0,0.0,25.235,0.0,5.75,2026-06-23T17:36:14,
job-cd0737fa04,LG-640,LG640_GLOSS_ONLY,Special Effects,130,3.989,5.0,52.343,50.0,18.1747,18.004,8724.0,93.0,0.0,0.0,54.634,0.0,7.5,2026-06-23T17:36:14,
job-125bcbdf9e,LG-640,LG640_GLOSS_ONLY,Special Effects,130,3.989,5.0,52.343,50.0,18.1747,18.004,5967.0,67.0,0.0,0.0,50.239,0.0,10.97,2026-06-23T17:36:09,
job-830ce470cf,LG-640,LG640_GLOSS_ONLY,Special Effects,130,3.989,5.0,52.343,50.0,18.1747,18.004,3438.0,31.0,0.0,0.0,25.235,0.0,19.03,2026-06-23T17:36:09,
job-3c4741f6dc,LG-640,LG640_GLOSS_ONLY,Special Effects,126,2.166,2.166,52.411,12.997,4.7304,4.1056,6296.0,32.0,0.0,0.0,7.427,0.0,2.7,2026-06-23T16:07:07,
job-35e7223172,LG-640,LG640_GLOSS_ONLY,Special Effects,130,3.989,5.0,52.343,50.0,18.1747,18.004,5631.0,,0.0,0.0,74.302,0.0,11.62,2026-06-23T15:53:58,
job-5cbfa834e3,LG-640,LG640_GLOSS_ONLY,Special Effects,64,7.88,3.128,51.441,31.52,11.2597,10.9561,9772.0,,0.0,0.0,27.128,0.0,4.15,2026-06-23T10:03:25,
job-5cbfa834e3,LG-640,LG640_GLOSS_ONLY,Special Effects,64,7.88,3.128,51.441,31.52,11.2597,10.9561,1810.0,41.0,0.0,0.0,27.128,0.0,22.4,2026-06-23T09:34:55,
job-2c85eb2d5c,LG-640,LG640_GLOSS_ONLY,Special Effects,28,3.125,7.0,50.917,12.499,4.4196,4.2532,757.0,,0.0,0.0,4.217,0.0,21.02,2026-06-22T13:35:49,
job-2c85eb2d5c,LG-640,LG640_CMYK_ONLY,Generic Sign Production,28,3.125,7.0,50.917,12.499,4.4196,4.2532,462.0,21.0,5.273,0.0,0.0,0.0,34.44,2026-06-22T13:19:43,
job-872407a811,LG-640,LG640_GLOSS_ONLY,Special Effects,130,3.989,5.0,52.422,50.0,18.202,18.004,2352.0,,0.0,0.0,35.898,0.0,27.86,2026-06-22T10:27:36,
job-b3f3e8173f,LG-640,LG640_GLOSS_ONLY,Special Effects,130,3.989,5.0,52.422,50.0,18.202,18.004,1982.0,,0.0,0.0,25.235,0.0,33.06,2026-06-22T09:47:32,
job-0cc0bb89c6,LG-640,LG640_GLOSS_ONLY,Special Effects,130,3.989,5.0,52.422,50.0,18.202,18.004,12711.0,148.0,0.0,0.0,25.235,0.0,5.16,2026-06-21T18:28:53,
job-dd3cd1875e,LG-640,LG640_GLOSS_ONLY,Special Effects,130,3.989,5.0,52.422,50.0,18.202,18.004,10008.0,120.0,0.0,0.0,48.193,0.0,6.55,2026-06-21T18:28:53,
job-c505ff9117,LG-640,LG640_GLOSS_ONLY,Special Effects,130,3.989,5.0,52.422,50.0,18.202,18.004,7489.0,92.0,0.0,0.0,25.235,0.0,8.75,2026-06-21T18:28:53,
job-f2cc95c6fe,LG-640,LG640_GLOSS_ONLY,Special Effects,130,3.989,5.0,52.422,50.0,18.202,18.004,4961.0,63.0,0.0,0.0,38.193,0.0,13.21,2026-06-21T18:28:53,
job-fd7f077712,LG-640,LG640_GLOSS_ONLY,Special Effects,130,3.989,5.0,52.422,50.0,18.202,18.004,2441.0,35.0,0.0,0.0,25.235,0.0,26.84,2026-06-21T18:28:52,
job-830ce470cf,LG-640,LG640_GLOSS_ONLY,Special Effects,130,3.989,5.0,52.442,50.0,18.2089,18.004,14300.0,31.0,0.0,0.0,25.235,0.0,4.58,2026-06-19T13:55:39,
job-ef0be0513f,LG-640,LG640_GLOSS_ONLY,Special Effects,130,3.989,5.0,52.442,50.0,18.2089,18.004,12815.0,64.0,0.0,0.0,55.883,0.0,5.12,2026-06-19T13:39:06,
job-8da483c7fd,LG-640,LG640_GLOSS_ONLY,Special Effects,130,3.989,5.0,52.442,50.0,18.2089,18.004,10307.0,31.0,0.0,0.0,25.235,0.0,6.36,2026-06-19T13:39:06,
job-f835a64b8a,LG-640,LG640_GLOSS_ONLY,Special Effects,130,3.989,5.0,52.442,50.0,18.2089,18.004,9768.0,32.0,0.0,0.0,47.209,0.0,6.71,2026-06-19T13:01:34,
job-0868190ee7,LG-640,LG640_GLOSS_ONLY,Special Effects,130,3.989,5.0,52.442,50.0,18.2089,18.004,7149.0,28.0,0.0,0.0,25.235,0.0,9.17,2026-06-19T13:01:01,
job-cd0737fa04,LG-640,LG640_GLOSS_ONLY,Special Effects,130,3.989,5.0,52.442,50.0,18.2089,18.004,4619.0,31.0,0.0,0.0,54.634,0.0,14.19,2026-06-19T12:59:42,
job-b43df7ac7f,LG-640,LG640_GLOSS_ONLY,Special Effects,130,3.989,5.0,52.442,50.0,18.2089,18.004,2265.0,,0.0,0.0,25.235,0.0,28.94,2026-06-19T12:59:42,
job-16e877b185,LG-640,LG640_CMYK_ONLY,Generic Sign Production,32,0.0,0.0,52.442,50.0,18.2089,0.0,11087.0,476.0,14.014,0.0,0.0,0.0,5.91,2026-06-18T15:55:09,
job-d245bb3c7c,LG-640,LG640_CMYK_ONLY,Generic Sign Production,32,0.0,0.0,52.442,50.0,18.2089,0.0,9722.0,420.0,16.481,0.0,0.0,0.0,6.74,2026-06-18T15:55:09,
job-6871c34087,LG-640,LG640_CMYK_ONLY,Generic Sign Production,32,0.0,0.0,52.442,50.0,18.2089,0.0,8341.0,364.0,19.156,0.0,0.0,0.0,7.86,2026-06-18T15:55:09,
job-a7ae79bfc9,LG-640,LG640_CMYK_ONLY,Generic Sign Production,32,0.0,0.0,52.442,50.0,18.2089,0.0,6978.0,304.0,17.175,0.0,0.0,0.0,9.39,2026-06-18T15:55:09,
job-22c65588de,LG-640,LG640_CMYK_ONLY,Generic Sign Production,32,0.0,0.0,52.442,50.0,18.2089,0.0,5354.0,241.0,22.025000000000002,0.0,0.0,0.0,12.24,2026-06-18T15:55:08,
job-770c0712d0,LG-640,LG640_CMYK_ONLY,Generic Sign Production,32,0.0,0.0,52.442,50.0,18.2089,0.0,3921.0,178.0,17.407000000000004,0.0,0.0,0.0,16.72,2026-06-18T15:55:08,
job-809d5e65d6,LG-640,LG640_CMYK_ONLY,Generic Sign Production,32,0.0,0.0,52.442,50.0,18.2089,0.0,2485.0,122.0,17.445,0.0,0.0,0.0,26.38,2026-06-18T15:55:08,
job-8c53fc80fd,LG-640,LG640_CMYK_ONLY,Generic Sign Production,32,0.0,0.0,52.442,50.0,18.2089,0.0,1049.0,66.0,16.486,0.0,0.0,0.0,62.49,2026-06-18T15:55:08,
job-e3eef61f05,LG-640,LG640_CMYK_ONLY,Generic Sign Production,111,1.398,1.98,52.372,5.941,2.1607,2.1335,955.0,22.0,1.466,0.0,0.0,0.0,8.15,2026-06-18T13:31:37,
job-58480ca935,LG-640,LG640_GLOSS_ONLY,Special Effects,1,0.0,0.0,52.701,32.549,11.9121,0.0,6359.0,60.0,0.0,0.0,52.731,0.0,6.74,2026-06-18T08:20:42,
job-58480ca935,LG-640,LG640_CMYK_ONLY,Generic Sign Production,1,0.0,0.0,52.701,32.549,11.9121,0.0,3862.0,,18.404,0.0,0.0,0.0,11.1,2026-06-18T08:20:20,
job-c06650874e,LG-640,LG640_GLOSS_ONLY,Special Effects,1,0.0,0.0,52.701,33.033,12.0894,0.0,2356.0,,0.0,0.0,38.876,0.0,18.47,2026-06-18T08:20:10,
job-c06650874e,LG-640,LG640_CMYK_ONLY,Generic Sign Production,1,0.0,0.0,52.701,33.033,12.0894,0.0,1463.0,71.0,14.222999999999999,0.0,0.0,0.0,29.75,2026-06-18T08:12:30,
job-e65f621cab,LG-640,LG640_GLOSS_ONLY,Special Effects,80,7.88,3.128,51.362,39.4,14.0531,13.6951,11392.0,,0.0,0.0,49.644,0.0,4.44,2026-06-17T16:23:19,
job-e65f621cab,LG-640,LG640_GLOSS_ONLY,Special Effects,80,7.88,3.128,51.362,39.4,14.0531,13.6951,5246.0,,0.0,0.0,49.644,0.0,9.64,2026-06-17T16:23:18,
job-e65f621cab,LG-640,LG640_GLOSS_ONLY,Special Effects,80,7.88,3.128,51.362,39.4,14.0531,13.6951,2760.0,,0.0,0.0,49.644,0.0,18.33,2026-06-17T16:15:54,
job-a8ccebfddf,LG-640,LG640_GLOSS_ONLY,Special Effects,66,8.473,2.917,51.837,32.082,11.5488,11.3265,13961.0,,0.0,0.0,57.251,0.0,2.98,2026-06-16T18:07:15,
job-7dd10fa339,LG-640,LG640_GLOSS_ONLY,Special Effects,66,8.473,2.917,51.837,32.082,11.5488,11.3265,12666.0,,0.0,0.0,27.671,0.0,3.28,2026-06-16T14:32:55,
job-a0e957143e,LG-640,LG640_GLOSS_ONLY,Special Effects,66,8.473,2.917,51.837,32.082,11.5488,11.3265,5405.0,,0.0,0.0,14.104,0.0,7.69,2026-06-16T14:32:55,
job-6911def924,LG-640,LG640_GLOSS_ONLY,Special Effects,130,3.989,5.0,52.461,50.0,18.2157,18.004,7643.0,,0.0,0.0,18.717,0.0,8.58,2026-06-16T11:47:34,
job-4668679f50,LG-640,LG640_GLOSS_ONLY,Special Effects,2,0.0,0.0,50.057,3.128,1.0873,0.0,1233.0,120.0,0.0,0.0,4.591,0.0,3.17,2026-06-15T13:44:50,
job-4668679f50,LG-640,LG640_CMYK_ONLY,Generic Sign Production,2,0.0,0.0,50.057,3.128,1.0873,0.0,705.0,61.0,1.238,0.0,0.0,0.0,5.55,2026-06-15T13:44:47,
job-4668679f50,LG-640,LG640_GLOSS_ONLY,Special Effects,1,0.0,0.0,48.799,39.345,13.3334,0.0,5969.0,182.0,0.0,0.0,27.454,0.0,8.04,2026-06-15T11:52:35,
job-4668679f50,LG-640,LG640_CMYK_WHITE_COMBINED,Generic Sign Production,1,0.0,0.0,48.799,39.345,13.3334,0.0,2828.0,96.0,12.839,39.07,0.0,0.0,16.97,2026-06-15T11:52:27,
job-9fcfa6a535,LG-640,LG640_GLOSS_ONLY,Special Effects,66,8.473,2.917,51.758,32.082,11.5313,11.3265,11421.0,34.0,0.0,0.0,58.902,0.0,3.63,2026-06-15T08:29:25,
job-5967abd055,LG-640,LG640_GLOSS_ONLY,Special Effects,66,8.473,2.917,51.758,32.082,11.5313,11.3265,7480.0,,0.0,0.0,39.73,0.0,5.55,2026-06-15T08:28:40,
job-993745b7fb,LG-640,LG640_GLOSS_ONLY,Special Effects,66,8.473,2.917,51.758,32.082,11.5313,11.3265,11211.0,,0.0,0.0,38.755,0.0,3.7,2026-06-14T15:19:14,
job-07ffa14c82,LG-640,LG640_GLOSS_ONLY,Special Effects,66,8.473,2.917,51.758,32.082,11.5313,11.3265,3568.0,,0.0,0.0,23.877,0.0,11.63,2026-06-14T15:19:14,
job-5967abd055,LG-640,LG640_CMYK_ONLY,Generic Sign Production,66,8.473,2.917,51.758,32.082,11.5313,11.3265,2186.0,19.0,12.131,0.0,0.0,0.0,18.99,2026-06-14T14:41:02,
job-2f3e7a8e8a,LG-640,LG640_GLOSS_ONLY,Special Effects,66,8.473,2.917,51.758,32.082,11.5313,11.3265,11434.0,29.0,0.0,0.0,56.785,0.0,3.63,2026-06-13T11:14:12,
job-198583076a,LG-640,LG640_GLOSS_ONLY,Special Effects,66,8.473,2.917,51.758,32.082,11.5313,11.3265,7465.0,32.0,0.0,0.0,59.316,0.0,5.56,2026-06-13T11:13:40,
job-1b073e1661,LG-640,LG640_GLOSS_ONLY,Special Effects,66,8.473,2.917,51.758,32.082,11.5313,11.3265,3756.0,40.0,0.0,0.0,22.552,0.0,11.05,2026-06-13T11:12:52,
job-ec4b3cf373,LG-640,LG640_GLOSS_ONLY,Special Effects,1,0.0,0.0,48.745,38.857,13.1533,0.0,11701.0,182.0,0.0,0.0,40.227,0.0,4.05,2026-06-12T21:42:01,
job-ec4b3cf373,LG-640,LG640_CMYK_WHITE_COMBINED,Generic Sign Production,1,0.0,0.0,48.745,38.857,13.1533,0.0,8615.0,95.0,15.306000000000001,41.547,0.0,0.0,5.5,2026-06-12T21:41:55,
job-586b0e5f86,LG-640,LG640_GLOSS_ONLY,Special Effects,1,0.0,0.0,48.676,44.345,14.9899,0.0,6546.0,216.0,0.0,0.0,49.414,0.0,8.24,2026-06-12T21:32:40,
job-586b0e5f86,LG-640,LG640_CMYK_WHITE_COMBINED,Generic Sign Production,1,0.0,0.0,48.676,44.345,14.9899,0.0,3006.0,113.0,19.39,41.538,0.0,0.0,17.95,2026-06-12T21:32:36,
job-b50197af64,LG-640,LG640_GLOSS_ONLY,Special Effects,130,3.989,5.0,52.461,50.0,18.2157,18.004,11902.0,,0.0,0.0,55.26,0.0,5.51,2026-06-12T13:12:58,
job-a065ec5be7,LG-640,LG640_CMYK_ONLY,Generic Sign Production,130,3.989,5.0,52.323,50.0,18.1679,18.004,2971.0,,17.326,0.0,0.0,0.0,22.01,2026-06-12T13:12:50,
job-78b70f808e,LG-640,LG640_CMYK_ONLY,Generic Sign Production,130,3.989,5.0,52.284,50.0,18.1542,18.004,914.0,,18.949,0.0,0.0,0.0,71.5,2026-06-12T13:12:47,
job-556cd65c42,LG-640,LG640_GLOSS_ONLY,Special Effects,105,7.003,2.703,51.046,40.547,14.3736,13.8035,14392.0,,0.0,0.0,49.407,0.0,3.6,2026-06-12T08:46:58,
job-556cd65c42,LG-640,LG640_GLOSS_ONLY,Special Effects,133,7.003,2.703,52.215,49.022,17.7757,17.4845,10004.0,,0.0,0.0,62.62,0.0,6.4,2026-06-12T08:46:55,
job-6911def924,LG-640,LG640_CMYK_ONLY,Generic Sign Production,130,3.989,5.0,52.461,50.0,18.2157,18.004,12662.0,,24.698,0.0,0.0,0.0,5.18,2026-06-11T15:01:18,
job-6911def924,LG-640,LG640_CMYK_ONLY,Generic Sign Production,130,3.989,5.0,52.461,50.0,18.2157,18.004,5418.0,,24.698,0.0,0.0,0.0,12.1,2026-06-11T12:36:57,
job-2c85eb2d5c,LG-640,LG640_GLOSS_ONLY,Special Effects,5,3.125,7.0,44.035,3.125,0.9556,0.7595,415.0,,0.0,0.0,1.506,0.0,8.29,2026-06-11T12:36:30,
job-6911def924,LG-640,LG640_GLOSS_ONLY,Special Effects,130,3.989,5.0,52.461,50.0,18.2157,18.004,3528.0,,0.0,0.0,18.717,0.0,18.59,2026-06-11T11:33:34,
job-6911def924,LG-640,LG640_GLOSS_ONLY,Special Effects,130,3.989,5.0,52.461,50.0,18.2157,18.004,8764.0,,0.0,0.0,18.717,0.0,7.48,2026-06-11T08:39:05,
job-e88328bc55,LG-640,LG640_GLOSS_ONLY,Special Effects,130,3.989,5.0,52.461,50.0,18.2157,18.004,11048.0,,0.0,0.0,57.045,0.0,5.94,2026-06-10T08:52:18,
job-6911def924,LG-640,LG640_GLOSS_ONLY,Special Effects,130,3.989,5.0,52.461,50.0,18.2157,18.004,3715.0,35.0,0.0,0.0,18.717,0.0,17.65,2026-06-10T08:45:34,
job-fa1da0ad82,LG-640,LG640_GLOSS_ONLY,Special Effects,32,9.13,3.128,51.559,18.26,6.5379,6.347,1624.0,,0.0,0.0,10.569,0.0,14.49,2026-06-09T17:14:18,
job-ee83ea3510,LG-640,LG640_GLOSS_ONLY,Special Effects,32,9.13,3.128,51.559,18.26,6.5379,6.347,764.0,,0.0,0.0,13.245,0.0,30.81,2026-06-09T17:14:14,
job-2f3e7a8e8a,LG-640,LG640_GLOSS_ONLY,Special Effects,66,8.473,2.917,51.955,32.082,11.5751,11.3265,974.0,25.0,0.0,0.0,21.161,0.0,42.78,2026-06-09T16:28:08,
job-2f3e7a8e8a,LG-640,LG640_CMYK_ONLY,Generic Sign Production,66,8.473,2.917,51.955,32.082,11.5751,11.3265,1209.0,,15.432000000000002,0.0,0.0,0.0,34.47,2026-06-09T14:58:40,
job-2f3e7a8e8a,LG-640,LG640_GLOSS_ONLY,Special Effects,66,8.473,2.917,51.955,32.082,11.5751,11.3265,3604.0,,0.0,0.0,56.785,0.0,11.56,2026-06-09T13:03:18,
job-2f3e7a8e8a,LG-640,LG640_CMYK_ONLY,Generic Sign Production,1,8.473,2.917,30.772,2.917,0.6232,0.1716,58.0,15.0,0.23399999999999999,0.0,0.0,0.0,38.68,2026-06-09T13:03:13,
job-7a3e003c9c,LG-640,LG640_CMYK_ONLY,Generic Sign Production,1,9.705,2.491,31.388,2.491,0.543,0.1679,158.0,,0.14500000000000002,0.0,0.0,0.0,12.37,2026-06-08T09:27:29,
job-7a3e003c9c,LG-640,LG640_CMYK_ONLY,Generic Sign Production,1,9.705,2.491,31.388,2.491,0.543,0.1679,198.0,57.0,0.14500000000000002,0.0,0.0,0.0,9.87,2026-06-08T00:10:43,
job-7a3e003c9c,LG-640,LG640_CMYK_ONLY,Generic Sign Production,1,9.705,2.491,31.388,2.491,0.543,0.1679,199.0,,0.14500000000000002,0.0,0.0,0.0,9.82,2026-06-07T23:39:00,
job-df3dd71040,LG-640,LG640_GLOSS_ONLY,Special Effects,1,0.0,0.0,52.814,24.758,9.0803,0.0,6299.0,122.0,0.0,0.0,21.123,0.0,5.19,2026-06-07T08:39:30,
job-df3dd71040,LG-640,LG640_CMYK_ONLY,Generic Sign Production,1,0.0,0.0,52.814,24.758,9.0803,0.0,4276.0,62.0,11.228,0.0,0.0,0.0,7.64,2026-06-07T08:39:26,
job-f7df0a41a4,LG-640,LG640_GLOSS_ONLY,Special Effects,1,0.0,0.0,52.999,21.239,7.8171,0.0,2927.0,52.0,0.0,0.0,14.125,0.0,9.61,2026-06-07T08:38:33,
job-f7df0a41a4,LG-640,LG640_CMYK_ONLY,Generic Sign Production,1,0.0,0.0,52.999,21.239,7.8171,0.0,1197.0,56.0,4.206,0.0,0.0,0.0,23.51,2026-06-07T08:37:35,
job-b4acdb4536,LG-640,LG640_GLOSS_ONLY,Special Effects,66,8.312,2.578,51.472,28.357,10.1362,9.8229,13228.0,,0.0,0.0,47.479,0.0,2.76,2026-06-07T01:09:03,
job-e809f290dd,LG-640,LG640_GLOSS_ONLY,Special Effects,66,8.312,2.578,51.472,28.357,10.1362,9.8229,6644.0,,0.0,0.0,37.621,0.0,5.49,2026-06-07T01:09:03,
job-e809f290dd,LG-640,LG640_CMYK_ONLY,Generic Sign Production,66,8.312,2.578,51.472,28.357,10.1362,9.8229,4385.0,,12.925,0.0,0.0,0.0,8.32,2026-06-07T01:09:02,
job-e809f290dd,LG-640,LG640_CMYK_ONLY,Generic Sign Production,66,8.312,2.578,51.472,28.357,10.1362,9.8229,977.0,33.0,12.925,0.0,0.0,0.0,37.35,2026-06-07T00:38:05,
job-339376879a,LG-640,LG640_GLOSS_ONLY,Special Effects,83,2.166,2.166,52.529,8.665,3.1607,2.7045,960.0,32.0,0.0,0.0,4.738,0.0,11.85,2026-06-05T14:43:57,
job-a012d4ae2c,LG-640,LG640_GLOSS_ONLY,Special Effects,60,9.296,2.166,49.776,25.994,8.9851,8.3902,10658.0,53.0,0.0,0.0,17.952,0.0,3.03,2026-06-05T11:25:07,
job-a012d4ae2c,LG-640,LG640_GLOSS_ONLY,Special Effects,100,9.296,2.166,49.776,43.323,14.9751,13.9837,8086.0,,0.0,0.0,29.92,0.0,6.67,2026-06-05T11:24:35,
job-339376879a,LG-640,LG640_GLOSS_ONLY,Special Effects,125,2.166,2.166,52.529,12.997,4.7411,4.0731,2891.0,,0.0,0.0,7.136,0.0,5.9,2026-06-04T18:52:15,
job-cee0115202,LG-640,LG640_GLOSS_ONLY,Special Effects,130,3.989,5.0,52.461,50.0,18.2157,18.004,7378.0,74.0,0.0,0.0,37.268,0.0,8.89,2026-06-04T11:46:55,
job-15326c8a1b,LG-640,LG640_GLOSS_ONLY,Special Effects,130,3.989,5.0,52.461,50.0,18.2157,18.004,3716.0,44.0,0.0,0.0,73.474,0.0,17.65,2026-06-04T11:46:54,
job-42c24e8477,LG-640,LG640_GLOSS_ONLY,Special Effects,1,0.0,0.0,52.564,9.105,3.3236,0.0,6593.0,198.0,0.0,0.0,15.129,0.0,1.81,2026-06-03T22:52:02,
job-63e5177848,LG-640,LG640_GLOSS_ONLY,Special Effects,1,0.0,0.0,52.054,25.075,9.0642,0.0,4881.0,98.0,0.0,0.0,8.703,0.0,6.69,2026-06-03T22:52:02,
job-17f7e1fa06,LG-640,LG640_GLOSS_ONLY,Special Effects,50,9.13,3.128,47.392,31.28,10.2944,9.9172,3668.0,79.0,0.0,0.0,49.072,0.0,10.1,2026-06-03T08:56:20,
job-15c1de8e4d,LG-640,LG640_GLOSS_ONLY,Special Effects,65,9.143,2.068,49.295,26.885,9.2036,8.5355,14284.0,118.0,0.0,0.0,14.167,0.0,2.32,2026-06-01T21:23:18,
job-e1d04393ca,LG-640,LG640_GLOSS_ONLY,Special Effects,65,9.143,2.068,49.295,26.885,9.2036,8.5355,10906.0,72.0,0.0,0.0,18.762,0.0,3.04,2026-06-01T21:23:18,
job-81ecbe4944,LG-640,LG640_GLOSS_ONLY,Special Effects,65,9.143,2.068,49.295,26.885,9.2036,8.5355,7579.0,37.0,0.0,0.0,17.145,0.0,4.37,2026-06-01T21:23:18,
job-8e3bbd99a6,LG-640,LG640_GLOSS_ONLY,Special Effects,168,6.94,1.567,50.726,37.597,13.2441,12.6833,5540.0,,0.0,0.0,47.492,0.0,8.61,2026-06-01T21:02:08,
job-b1ad75b0b6,LG-640,LG640_GLOSS_ONLY,Special Effects,65,3.989,5.0,52.363,25.0,9.0908,9.002,5058.0,68.0,0.0,0.0,48.235,0.0,6.47,2026-06-01T17:39:02,
job-b2d464c8f4,LG-640,LG640_GLOSS_ONLY,Special Effects,65,3.989,5.0,52.363,25.0,9.0908,9.002,2385.0,36.0,0.0,0.0,40.747,0.0,13.72,2026-06-01T17:39:02,
job-6ca5deba0c,LG-640,LG640_GLOSS_ONLY,Special Effects,130,3.989,5.0,52.363,50.0,18.1815,18.004,10069.0,52.0,0.0,0.0,23.358,0.0,6.5,2026-06-01T14:36:15,
job-e55ee3ad79,LG-640,LG640_GLOSS_ONLY,Special Effects,130,3.989,5.0,52.363,50.0,18.1815,18.004,7979.0,27.0,0.0,0.0,33.052,0.0,8.2,2026-06-01T14:36:14,
job-d053c56083,LG-640,LG640_GLOSS_ONLY,Special Effects,5,3.198,1.861,34.432,1.861,0.4451,0.2067,7218.0,28.0,0.0,0.0,0.293,0.0,0.22,2026-06-01T14:14:41,
job-339376879a,LG-640,LG640_GLOSS_ONLY,Special Effects,168,2.166,2.166,52.431,15.163,5.5209,5.4742,12505.0,,0.0,0.0,9.552,0.0,1.59,2026-06-01T08:43:44,
job-3c4741f6dc,LG-640,LG640_GLOSS_ONLY,Special Effects,168,2.166,2.166,52.431,15.163,5.5209,5.4742,9279.0,,0.0,0.0,9.903,0.0,2.14,2026-06-01T08:43:44,
job-a62143e834,LG-640,LG640_GLOSS_ONLY,Special Effects,168,2.166,2.166,52.431,15.163,5.5209,5.4742,6336.0,,0.0,0.0,9.445,0.0,3.14,2026-06-01T08:43:44,
job-b2d464c8f4,LG-640,LG640_GLOSS_ONLY,Special Effects,130,3.989,5.0,52.363,50.0,18.1815,18.004,4971.0,,0.0,0.0,81.494,0.0,13.17,2026-06-01T08:17:40,
job-3bcd8c3a41,LG-640,LG640_GLOSS_ONLY,Special Effects,130,3.989,5.0,52.363,50.0,18.1815,18.004,9749.0,63.0,0.0,0.0,100.243,0.0,6.71,2026-05-31T23:16:59,
job-e1da42c5b3,LG-640,LG640_GLOSS_ONLY,Special Effects,130,3.989,5.0,52.363,50.0,18.1815,18.004,4658.0,32.0,0.0,0.0,89.015,0.0,14.05,2026-05-31T23:16:59,
job-343fc36cdd,LG-640,LG640_CMYK_ONLY,Generic Sign Production,65,0.0,0.0,52.363,50.0,18.1815,0.0,12432.0,76.0,18.38,0.0,0.0,0.0,5.26,2026-05-31T18:02:14,
job-3ebc363cc0,LG-640,LG640_GLOSS_ONLY,Special Effects,65,0.0,0.0,52.363,50.0,18.1815,0.0,10933.0,134.0,0.0,0.0,43.676,0.0,5.99,2026-05-31T18:00:43,
job-3ebc363cc0,LG-640,LG640_CMYK_ONLY,Generic Sign Production,65,0.0,0.0,52.363,50.0,18.1815,0.0,8629.0,105.0,25.557,0.0,0.0,0.0,7.59,2026-05-31T18:00:40,
job-37448b5a01,LG-640,LG640_GLOSS_ONLY,Special Effects,65,0.0,0.0,52.363,50.0,18.1815,0.0,7017.0,81.0,0.0,0.0,49.969,0.0,9.33,2026-05-31T18:00:36,
job-37448b5a01,LG-640,LG640_CMYK_ONLY,Generic Sign Production,65,0.0,0.0,52.363,50.0,18.1815,0.0,4713.0,57.0,25.84,0.0,0.0,0.0,13.89,2026-05-31T18:00:31,
job-468aed7887,LG-640,LG640_GLOSS_ONLY,Special Effects,65,0.0,0.0,52.363,50.0,18.1815,0.0,3319.0,32.0,0.0,0.0,35.841,0.0,19.72,2026-05-31T18:00:28,
job-468aed7887,LG-640,LG640_CMYK_ONLY,Generic Sign Production,65,0.0,0.0,52.363,50.0,18.1815,0.0,1016.0,,29.238999999999997,0.0,0.0,0.0,64.42,2026-05-31T18:00:21,
job-b6fc5aafdb,LG-640,LG640_GLOSS_ONLY,Special Effects,225,2.128,2.128,49.102,21.283,7.2574,7.0779,8136.0,,0.0,0.0,20.009,0.0,3.21,2026-05-30T12:32:16,
job-e40310a83d,LG-640,LG640_GLOSS_ONLY,Special Effects,69,2.128,2.128,49.102,6.385,2.1772,2.1706,3341.0,,0.0,0.0,6.322,0.0,2.35,2026-05-30T12:31:56,
job-9eebe99290,LG-640,LG640_GLOSS_ONLY,Special Effects,184,2.128,2.128,49.102,17.027,5.8059,5.7882,2200.0,,0.0,0.0,15.697,0.0,9.5,2026-05-30T12:31:51,
job-b949eb9428,LG-640,LG640_GLOSS_ONLY,Special Effects,5,2.878,2.378,31.822,2.378,0.5256,0.2377,571.0,36.0,0.0,0.0,0.997,0.0,3.31,2026-05-30T12:31:45,
job-9eebe99290,LG-640,LG640_GLOSS_ONLY,Special Effects,184,2.128,2.128,49.102,17.027,5.8059,5.7882,12965.0,31.0,0.0,0.0,15.697,0.0,1.61,2026-05-30T08:44:25,
job-44c156ea82,LG-640,LG640_GLOSS_ONLY,Special Effects,170,2.128,2.128,49.102,17.027,5.8059,5.3477,10867.0,,0.0,0.0,20.307,0.0,1.92,2026-05-30T08:44:25,
job-c0d3e6aebb,LG-640,LG640_GLOSS_ONLY,Special Effects,225,2.128,2.128,49.102,21.283,7.2574,7.0779,6693.0,,0.0,0.0,22.033,0.0,3.9,2026-05-30T08:44:24,
job-fe7b450434,LG-640,LG640_GLOSS_ONLY,Special Effects,220,2.128,2.128,49.102,21.283,7.2574,6.9206,2112.0,,0.0,0.0,15.171,0.0,12.37,2026-05-30T08:43:50,
job-fe7b450434,LG-640,LG640_CMYK_ONLY,Generic Sign Production,220,2.128,2.128,49.102,21.283,7.2574,6.9206,493.0,23.0,7.202999999999999,0.0,0.0,0.0,52.99,2026-05-30T07:59:55,
job-37cf6d1239,LG-640,LG640_GLOSS_ONLY,Special Effects,1,0.0,0.0,49.102,29.797,10.1603,0.0,6069.0,67.0,0.0,0.0,30.334,0.0,6.03,2026-05-29T13:45:51,
job-37cf6d1239,LG-640,LG640_CMYK_WHITE_COMBINED,Generic Sign Production,1,0.0,0.0,49.102,29.797,10.1603,0.0,4456.0,35.0,12.807,16.468,0.0,0.0,8.21,2026-05-29T13:45:48,
job-7d9b81e620,LG-640,LG640_GLOSS_ONLY,Special Effects,1,0.0,0.0,49.102,29.797,10.1603,0.0,2878.0,,0.0,0.0,30.083,0.0,12.71,2026-05-29T13:44:56,
job-7d9b81e620,LG-640,LG640_CMYK_WHITE_COMBINED,Generic Sign Production,1,0.0,0.0,49.102,29.797,10.1603,0.0,1043.0,,16.545,8.986,0.0,0.0,35.07,2026-05-29T13:44:52,
job-37cf6d1239,LG-640,LG640_CMYK_ONLY,Generic Sign Production,1,0.0,0.0,51.583,28.777,10.3084,0.0,2198.0,459.0,6.5489999999999995,0.0,0.0,0.0,16.88,2026-05-29T11:08:29,
job-7d9b81e620,LG-640,LG640_CMYK_ONLY,Generic Sign Production,1,0.0,0.0,51.138,57.554,20.439,0.0,1444.0,327.0,19.489,0.0,0.0,0.0,50.96,2026-05-29T11:08:29,
job-61291afe6b,LG-640,LG640_CMYK_ONLY,Generic Sign Production,1,14.389,16.389,35.194,14.389,3.5166,1.6376,2342.0,449.0,1.5,0.0,0.0,0.0,5.41,2026-05-29T09:31:51,
job-d56fc96d94,LG-640,LG640_CMYK_ONLY,Generic Sign Production,1,14.389,16.389,35.194,14.389,3.5166,1.6376,1948.0,417.0,1.7029999999999998,0.0,0.0,0.0,6.5,2026-05-29T09:31:51,
job-7d9b81e620,LG-640,LG640_CMYK_ONLY,Generic Sign Production,1,0.0,0.0,51.138,57.554,20.439,0.0,1540.0,386.0,19.526,0.0,0.0,0.0,47.78,2026-05-29T09:31:50,
job-b03db8fb5a,LG-640,LG640_GLOSS_ONLY,Special Effects,66,8.312,2.578,51.492,28.357,10.1401,9.8229,6164.0,,0.0,0.0,52.811,0.0,5.92,2026-05-28T17:03:41,
job-fda2e51b8d,LG-640,LG640_GLOSS_ONLY,Special Effects,66,8.312,2.578,51.472,28.357,10.1362,9.8229,13320.0,,0.0,0.0,38.933,0.0,2.74,2026-05-26T20:08:13,
job-ccec2ca936,LG-640,LG640_GLOSS_ONLY,Special Effects,250,2.639,3.139,52.921,40.802,14.9949,14.3774,1144.0,,0.0,0.0,15.735,0.0,47.19,2026-05-26T19:04:09,
job-ccec2ca936,LG-640,LG640_CMYK_ONLY,Generic Sign Production,250,2.639,3.139,52.921,40.802,14.9949,14.3774,3902.0,,19.588,0.0,0.0,0.0,13.83,2026-05-26T17:39:46,
job-ccec2ca936,LG-640,LG640_GLOSS_ONLY,Special Effects,250,2.639,3.139,52.921,40.802,14.9949,14.3774,1173.0,41.0,0.0,0.0,15.735,0.0,46.02,2026-05-26T16:31:01,
job-ccec2ca936,LG-640,LG640_GLOSS_ONLY,Special Effects,250,2.639,3.139,52.58,44.58,16.2776,14.3774,1363.0,38.0,0.0,0.0,15.736,0.0,42.99,2026-05-26T15:28:05,
job-ccec2ca936,LG-540,LG540_CMYK_ONLY,Generic Sign Production,250,2.639,3.139,51.467,42.217,15.0889,14.3774,7664.0,,20.166,0.0,0.0,0.0,7.09,2026-05-25T17:35:25,
job-ccec2ca936,LG-540,LG540_GLOSS_ONLY,Special Effects,250,2.639,3.139,52.886,40.802,14.9849,14.3774,4904.0,,0.0,0.0,15.735,0.0,11.0,2026-05-25T15:39:26,
job-ccec2ca936,LG-540,LG540_CMYK_ONLY,Generic Sign Production,250,2.639,3.139,52.843,40.802,14.9726,14.3774,4241.0,,18.462,0.0,0.0,0.0,12.71,2026-05-25T15:39:26,
job-7540a8aa2a,LG-540,LG540_GLOSS_ONLY,Special Effects,250,2.639,3.139,52.843,40.802,14.9726,14.3774,12024.0,,0.0,0.0,19.887,0.0,4.48,2026-05-25T11:25:30,
job-7540a8aa2a,LG-540,LG540_GLOSS_ONLY,Special Effects,250,2.639,3.139,52.843,40.802,14.9726,14.3774,1470.0,15.0,0.0,0.0,19.887,0.0,36.67,2026-05-25T11:25:29,
job-c21d3d06f4,LG-540,LG540_GLOSS_ONLY,Special Effects,10,0.0,0.0,51.457,31.909,11.4022,0.0,1828.0,241.0,0.0,0.0,24.177,0.0,22.46,2026-05-25T09:03:02,
job-c21d3d06f4,LG-540,LG540_CMYK_ONLY,Generic Sign Production,10,0.0,0.0,51.457,31.909,11.4022,0.0,866.0,133.0,10.864,0.0,0.0,0.0,47.4,2026-05-25T09:02:50,
job-0f2a721ee0,LG-540,LG540_GLOSS_ONLY,Special Effects,65,3.989,5.0,52.382,25.0,9.0942,9.002,1891.0,43.0,0.0,0.0,14.926,0.0,17.31,2026-05-21T11:42:49,
job-dcfe2785eb,LG-540,LG540_GLOSS_ONLY,Special Effects,1,0.0,0.0,51.04,28.777,10.1998,0.0,1847.0,,0.0,0.0,32.229,0.0,19.88,2026-05-21T10:20:23,
job-dcfe2785eb,LG-540,LG540_CMYK_ONLY,Generic Sign Production,1,0.0,0.0,51.04,28.777,10.1998,0.0,521.0,,16.005000000000003,0.0,0.0,0.0,70.48,2026-05-21T10:20:07,
job-dcfe2785eb,LG-540,LG540_CMYK_ONLY,Generic Sign Production,1,0.0,0.0,51.04,28.777,10.1998,0.0,868.0,213.0,16.005000000000003,0.0,0.0,0.0,42.3,2026-05-21T09:43:13,
job-9b6f9e55f3,LG-540,LG540_GLOSS_ONLY,Special Effects,130,3.989,5.0,52.382,50.0,18.1884,18.004,10468.0,,0.0,0.0,33.399,0.0,6.26,2026-05-20T17:51:57,
job-b380af4a1f,LG-540,LG540_GLOSS_ONLY,Special Effects,66,8.473,2.917,51.876,32.082,11.5576,11.3265,5277.0,,0.0,0.0,33.134,0.0,7.88,2026-05-20T17:51:20,
job-5b552d71a1,LG-540,LG540_GLOSS_ONLY,Special Effects,130,3.989,5.0,52.382,50.0,18.1884,18.004,6826.0,,0.0,0.0,59.082,0.0,9.59,2026-05-19T17:06:39,
job-1a403527f9,LG-540,LG540_GLOSS_ONLY,Special Effects,65,3.989,5.0,52.382,25.0,9.0942,9.002,6016.0,,0.0,0.0,23.916,0.0,5.44,2026-05-19T13:38:43,
job-cfbf10f89f,LG-540,LG540_GLOSS_ONLY,Special Effects,65,3.989,5.0,52.382,25.0,9.0942,9.002,3770.0,,0.0,0.0,33.945,0.0,8.68,2026-05-19T13:38:43,
job-997a491236,LG-540,LG540_GLOSS_ONLY,Special Effects,4,0.0,0.0,52.382,35.0,12.7319,0.0,1743.0,,0.0,0.0,22.013,0.0,26.3,2026-05-19T13:38:36,
job-997a491236,LG-540,LG540_CMYK_ONLY,Generic Sign Production,4,0.0,0.0,52.382,35.0,12.7319,0.0,717.0,,10.742,0.0,0.0,0.0,63.93,2026-05-19T13:38:18,
job-1427dcc9d8,LG-540,LG540_GLOSS_ONLY,Special Effects,65,0.0,0.0,51.736,56.715,20.3764,0.0,14148.0,56.0,0.0,0.0,25.176,0.0,5.18,2026-05-18T23:24:59,
job-1427dcc9d8,LG-540,LG540_CMYK_ONLY,Generic Sign Production,65,0.0,0.0,51.736,56.715,20.3764,0.0,11436.0,36.0,27.308999999999997,0.0,0.0,0.0,6.41,2026-05-18T23:24:44,
job-1bc1f1d106,LG-540,LG540_GLOSS_ONLY,Special Effects,130,3.989,5.0,52.382,50.0,18.1884,18.004,14161.0,,0.0,0.0,111.566,0.0,4.62,2026-05-18T10:24:11,
job-1bc1f1d106,LG-540,LG540_GLOSS_ONLY,Special Effects,130,3.989,5.0,52.382,50.0,18.1884,18.004,10353.0,70.0,0.0,0.0,111.566,0.0,6.32,2026-05-18T10:24:10,
job-5ab1fd65a0,LG-540,LG540_GLOSS_ONLY,Special Effects,130,3.989,5.0,52.382,50.0,18.1884,18.004,6725.0,,0.0,0.0,46.96,0.0,9.74,2026-05-18T10:24:10,
job-1595ebc9fd,LG-540,LG540_GLOSS_ONLY,Special Effects,128,9.143,2.068,52.351,54.86,19.9444,16.8083,2172.0,61.0,0.0,0.0,18.149,0.0,33.06,2026-05-17T11:30:30,
job-dfc67eed01,LG-540,LG540_GLOSS_ONLY,Special Effects,65,7.663,3.003,51.983,30.654,11.0658,10.3884,2117.0,47.0,0.0,0.0,13.554,0.0,18.82,2026-05-15T22:17:21,
job-d8fdf105d8,LG-540,LG540_GLOSS_ONLY,Special Effects,65,3.989,5.0,52.382,25.0,9.0942,9.002,5197.0,38.0,0.0,0.0,19.055,0.0,6.3,2026-05-15T09:32:37,
job-c3071fc3cd,LG-540,LG540_GLOSS_ONLY,Special Effects,66,8.426,2.578,51.736,28.357,10.1882,9.9578,4411.0,,0.0,0.0,37.921,0.0,8.31,2026-05-15T09:09:46,
job-eae3966d8d,LG-540,LG540_GLOSS_ONLY,Special Effects,102,7.663,3.003,51.983,45.98,16.5987,16.3018,3000.0,43.0,0.0,0.0,32.078,0.0,19.92,2026-05-14T20:49:22,
job-c2ca50b288,LG-540,LG540_CMYK_ONLY,Generic Sign Production,40,0.0,0.0,51.835,20.006,7.2015,0.0,417.0,59.0,11.128,0.0,0.0,0.0,62.17,2026-05-14T19:20:09,
job-c2ca50b288,LG-540,LG540_CMYK_ONLY,Generic Sign Production,40,0.0,0.0,52.767,16.206,5.9383,0.0,1607.0,65.0,9.643,0.0,0.0,0.0,13.3,2026-05-14T18:35:33,
job-4120c1ad7a,LG-540,LG540_GLOSS_ONLY,Special Effects,65,3.989,5.0,52.382,25.0,9.0942,9.002,4081.0,92.0,0.0,0.0,33.209,0.0,8.02,2026-05-14T17:44:52,
job-d8fdf105d8,LG-540,LG540_GLOSS_ONLY,Special Effects,65,3.989,5.0,52.382,25.0,9.0942,9.002,2098.0,49.0,0.0,0.0,19.055,0.0,15.6,2026-05-14T17:44:52,
job-c2ca50b288,LG-540,LG540_CMYK_ONLY,Generic Sign Production,40,0.0,0.0,52.411,14.898,5.4225,0.0,481.0,67.0,9.077,0.0,0.0,0.0,40.58,2026-05-14T16:38:38,
job-e296cb58d2,LG-540,LG540_GLOSS_ONLY,Special Effects,66,8.473,2.917,51.876,32.082,11.5576,11.3265,12416.0,,0.0,0.0,39.252,0.0,3.35,2026-05-13T23:43:25,
job-3e85fdbd1d,LG-540,LG540_GLOSS_ONLY,Special Effects,66,8.505,2.578,51.972,28.357,10.2347,10.0509,6725.0,,0.0,0.0,17.201,0.0,5.48,2026-05-13T23:43:19,
job-291a19ea4b,LG-540,LG540_GLOSS_ONLY,Special Effects,66,8.522,2.578,52.024,28.357,10.2449,10.0713,13662.0,,0.0,0.0,32.235,0.0,2.7,2026-05-13T19:39:33,
job-cb87fc0414,LG-540,LG540_GLOSS_ONLY,Special Effects,66,8.522,2.578,52.024,28.357,10.2449,10.0713,14088.0,,0.0,0.0,28.645,0.0,2.62,2026-05-13T14:10:33,
job-2c7896c932,LG-540,LG540_GLOSS_ONLY,Special Effects,66,8.522,2.578,52.024,28.357,10.2449,10.0713,9258.0,43.0,0.0,0.0,25.459,0.0,3.98,2026-05-13T14:08:59,
job-f8aafd8e73,LG-540,LG540_GLOSS_ONLY,Special Effects,66,8.522,2.578,52.024,28.357,10.2449,10.0713,6876.0,,0.0,0.0,29.928,0.0,5.36,2026-05-13T14:08:37,
job-291a19ea4b,LG-540,LG540_GLOSS_ONLY,Special Effects,66,8.522,2.578,52.024,28.357,10.2449,10.0713,4742.0,,0.0,0.0,32.235,0.0,7.78,2026-05-13T14:06:22,
job-a3107b0fe2,LG-540,LG540_CMYK_ONLY,Generic Sign Production,66,8.507,2.578,51.977,28.357,10.2356,10.0527,641.0,32.0,18.599999999999998,0.0,0.0,0.0,57.49,2026-05-13T13:36:09,
job-1595ebc9fd,LG-540,LG540_GLOSS_ONLY,Special Effects,64,9.143,2.068,52.351,27.43,9.9722,8.4042,1376.0,63.0,0.0,0.0,9.075,0.0,26.09,2026-05-12T13:06:10,
job-7c940ca940,LG-540,LG540_GLOSS_ONLY,Special Effects,150,0.0,0.0,52.694,36.587,13.3883,0.0,2582.0,175.0,0.0,0.0,39.187,0.0,18.67,2026-05-11T15:55:56,
job-7c940ca940,LG-540,LG540_CMYK_ONLY,Generic Sign Production,150,0.0,0.0,52.694,36.587,13.3883,0.0,967.0,93.0,16.677000000000003,0.0,0.0,0.0,49.84,2026-05-11T15:55:51,
job-9fcfa6a535,LG-540,LG540_GLOSS_ONLY,Special Effects,72,8.473,2.917,52.745,33.893,12.4144,12.3562,7011.0,,0.0,0.0,64.206,0.0,6.37,2026-05-11T12:18:04,
job-19c1306492,LG-540,LG540_GLOSS_ONLY,Special Effects,72,8.473,2.917,52.749,33.893,12.4154,12.3562,7854.0,,0.0,0.0,62.709,0.0,5.69,2026-05-10T19:40:20,
job-9097206df6,LG-540,LG540_CMYK_ONLY,Generic Sign Production,5,0.0,0.0,52.422,45.0,16.3818,0.0,1329.0,372.0,15.455000000000002,0.0,0.0,0.0,44.38,2026-05-10T19:17:50,
job-1b073e1661,LG-540,LG540_GLOSS_ONLY,Special Effects,72,8.473,2.917,52.745,33.893,12.4144,12.3562,7763.0,,0.0,0.0,24.538,0.0,5.76,2026-05-10T12:56:30,
job-49367b05b9,LG-540,LG540_CMYK_ONLY,Generic Sign Production,130,3.989,5.0,52.422,50.0,18.202,18.004,1988.0,23.0,19.657,0.0,0.0,0.0,32.96,2026-05-09T19:58:02,
job-526916b172,LG-540,LG540_CMYK_ONLY,Generic Sign Production,2,0.0,0.0,51.083,43.166,15.3127,0.0,3771.0,182.0,15.334999999999999,0.0,0.0,0.0,14.62,2026-05-09T19:11:31,
job-55f8ba2e90,LG-540,LG540_CMYK_ONLY,Generic Sign Production,1,0.0,0.0,52.426,50.0,18.2034,0.0,2549.0,63.0,20.578,0.0,0.0,0.0,25.71,2026-05-09T19:11:31,
job-4a2e41244e,LG-540,LG540_CMYK_ONLY,Generic Sign Production,1,0.0,0.0,52.426,50.0,18.2034,0.0,1086.0,35.0,21.408,0.0,0.0,0.0,60.34,2026-05-09T19:11:31,
job-76bcbe409e,LG-540,LG540_GLOSS_ONLY,Special Effects,130,3.989,5.0,52.422,50.0,18.202,18.004,1794.0,44.0,0.0,0.0,14.72,0.0,36.53,2026-05-08T10:06:44,
job-8e368a2992,LG-540,LG540_GLOSS_ONLY,Special Effects,130,3.989,5.0,52.422,50.0,18.202,18.004,2166.0,47.0,0.0,0.0,21.581,0.0,30.25,2026-05-07T16:03:08,
job-e2f30ac29f,LG-540,LG540_GLOSS_ONLY,Special Effects,130,3.989,5.0,52.422,50.0,18.202,18.004,12351.0,129.0,0.0,0.0,24.231,0.0,5.31,2026-05-04T22:13:18,
job-8e368a2992,LG-540,LG540_GLOSS_ONLY,Special Effects,130,3.989,5.0,52.422,50.0,18.202,18.004,10288.0,98.0,0.0,0.0,21.581,0.0,6.37,2026-05-04T22:13:18,
job-ddb241664f,LG-540,LG540_GLOSS_ONLY,Special Effects,130,3.989,5.0,52.422,50.0,18.202,18.004,8235.0,66.0,0.0,0.0,29.557,0.0,7.96,2026-05-04T22:13:17,
job-d8276fa455,LG-540,LG540_GLOSS_ONLY,Special Effects,130,3.989,5.0,52.422,50.0,18.202,18.004,5855.0,33.0,0.0,0.0,29.095,0.0,11.19,2026-05-04T22:13:17,
job-76bcbe409e,LG-540,LG540_GLOSS_ONLY,Special Effects,130,3.989,5.0,52.422,50.0,18.202,18.004,4147.0,69.0,0.0,0.0,14.72,0.0,15.8,2026-05-04T22:07:21,
job-f910b7329a,LG-540,LG540_GLOSS_ONLY,Special Effects,130,3.989,5.0,52.422,50.0,18.202,18.004,1650.0,37.0,0.0,0.0,30.117,0.0,39.71,2026-05-04T22:07:21,
job-67cc2beda4,LG-540,LG540_GLOSS_ONLY,Special Effects,132,8.522,2.578,52.063,56.715,20.5054,20.1427,7725.0,,0.0,0.0,65.58,0.0,9.56,2026-05-04T16:52:48,
job-660ee5de95,LG-540,LG540_GLOSS_ONLY,Special Effects,132,8.522,2.578,52.063,56.715,20.5054,20.1427,12621.0,,0.0,0.0,57.705,0.0,5.85,2026-05-04T11:07:24,
job-660ee5de95,LG-540,LG540_CMYK_ONLY,Generic Sign Production,132,8.522,2.578,52.063,56.715,20.5054,20.1427,1403.0,19.0,28.651,0.0,0.0,0.0,52.62,2026-05-04T09:13:28,
job-21a5ac9182,LG-540,LG540_CMYK_ONLY,Generic Sign Production,18,0.0,0.0,52.426,45.0,16.3831,0.0,3228.0,86.0,15.485,0.0,0.0,0.0,18.27,2026-05-04T07:53:01,
job-8c4b4db82a,LG-540,LG540_CMYK_ONLY,Generic Sign Production,100,3.989,5.0,51.496,39.886,14.2636,13.8492,2024.0,37.0,21.618000000000002,0.0,0.0,0.0,25.37,2026-05-04T07:51:17,
job-54b9f6385d,LG-540,LG540_CMYK_ONLY,Generic Sign Production,100,3.989,5.0,51.496,39.886,14.2636,13.8492,899.0,22.0,17.461000000000002,0.0,0.0,0.0,57.12,2026-05-04T07:51:17,
job-7d7c3914d8,LG-540,LG540_GLOSS_ONLY,Special Effects,130,3.989,5.0,52.422,50.0,18.202,18.004,12373.0,61.0,0.0,0.0,31.138,0.0,5.3,2026-05-01T11:43:08,
job-b8fc02165e,LG-540,LG540_GLOSS_ONLY,Special Effects,130,3.989,5.0,52.422,50.0,18.202,18.004,9864.0,47.0,0.0,0.0,47.906,0.0,6.64,2026-05-01T11:43:08,
job-c947f5e3a7,LG-540,LG540_GLOSS_ONLY,Special Effects,130,3.989,5.0,52.422,50.0,18.202,18.004,7118.0,34.0,0.0,0.0,41.818,0.0,9.21,2026-05-01T11:43:08,
job-615d1b702a,LG-540,LG540_GLOSS_ONLY,Special Effects,130,3.989,5.0,52.422,50.0,18.202,18.004,4565.0,21.0,0.0,0.0,31.138,0.0,14.35,2026-05-01T11:43:08,
job-1d56fae9b4,LG-540,LG540_GLOSS_ONLY,Special Effects,130,3.989,5.0,52.422,50.0,18.202,18.004,14150.0,32.0,0.0,0.0,62.277,0.0,4.63,2026-04-30T20:42:16,
job-aa42413d1b,LG-540,LG540_GLOSS_ONLY,Special Effects,130,3.989,5.0,52.422,50.0,18.202,18.004,10277.0,,0.0,0.0,102.022,0.0,6.38,2026-04-30T20:42:16,
job-7d1ddc9cdb,LG-540,LG540_GLOSS_ONLY,Special Effects,130,3.989,5.0,52.422,50.0,18.202,18.004,7044.0,37.0,0.0,0.0,62.277,0.0,9.3,2026-04-30T20:35:34,
job-29c9fa4646,LG-540,LG540_GLOSS_ONLY,Special Effects,130,3.989,5.0,52.422,50.0,18.202,18.004,3453.0,39.0,0.0,0.0,101.307,0.0,18.98,2026-04-30T20:34:41,
job-d8a40a7441,LG-540,LG540_GLOSS_ONLY,Special Effects,130,3.989,5.0,52.422,50.0,18.202,18.004,14301.0,,0.0,0.0,59.699,0.0,4.58,2026-04-29T17:04:49,
job-5869ccf4e0,LG-540,LG540_GLOSS_ONLY,Special Effects,130,3.989,5.0,52.422,50.0,18.202,18.004,6820.0,,0.0,0.0,64.504,0.0,9.61,2026-04-29T17:04:49,
job-5869ccf4e0,LG-540,LG540_GLOSS_ONLY,Special Effects,130,3.989,5.0,52.422,50.0,18.202,18.004,3716.0,38.0,0.0,0.0,64.504,0.0,17.63,2026-04-29T15:45:15,
job-123b1fa48a,LG-540,LG540_GLOSS_ONLY,Special Effects,130,3.989,5.0,52.426,50.0,18.2034,18.004,6227.0,45.0,0.0,0.0,81.373,0.0,10.52,2026-04-29T13:28:21,
job-27914e5294,LG-540,LG540_GLOSS_ONLY,Special Effects,1,0.0,0.0,52.764,47.56,17.4267,0.0,4368.0,76.0,0.0,0.0,56.309,0.0,14.36,2026-04-29T12:31:43,
job-ad87f05369,LG-540,LG540_GLOSS_ONLY,Special Effects,130,3.989,5.0,52.422,50.0,18.202,18.004,12860.0,,0.0,0.0,51.303,0.0,5.1,2026-04-28T12:23:42,
job-7a0a3cacdb,LG-540,LG540_CMYK_ONLY,Generic Sign Production,130,3.989,5.0,52.422,50.0,18.202,18.004,13062.0,,20.278,0.0,0.0,0.0,5.02,2026-04-27T17:44:58,
job-75bb3a58aa,LG-540,LG540_GLOSS_ONLY,Special Effects,130,3.989,5.0,52.422,50.0,18.202,18.004,11747.0,64.0,0.0,0.0,33.67,0.0,5.58,2026-04-27T11:03:25,
job-af076b3c6d,LG-540,LG540_GLOSS_ONLY,Special Effects,130,3.989,5.0,52.422,50.0,18.202,18.004,7708.0,31.0,0.0,0.0,53.295,0.0,8.5,2026-04-27T11:03:25,
job-543bac7c80,LG-540,LG540_GLOSS_ONLY,Special Effects,130,3.989,5.0,52.422,50.0,18.202,18.004,4575.0,,0.0,0.0,60.357,0.0,14.32,2026-04-27T11:00:27,
job-543bac7c80,LG-540,LG540_CMYK_ONLY,Generic Sign Production,130,3.989,5.0,52.422,50.0,18.202,18.004,5011.0,25.0,19.643,0.0,0.0,0.0,13.08,2026-04-26T22:56:38,
job-6e9e83fa59,LG-540,LG540_GLOSS_ONLY,Special Effects,130,3.989,5.0,52.422,50.0,18.202,18.004,4738.0,52.0,0.0,0.0,77.794,0.0,13.83,2026-04-26T22:38:43,
job-c2364036e6,LG-540,LG540_GLOSS_ONLY,Special Effects,4,0.0,0.0,51.079,57.554,20.4154,0.0,12274.0,1038.0,0.0,0.0,35.087,0.0,5.99,2026-04-26T11:19:18,
job-b40b3c1146,LG-540,LG540_GLOSS_ONLY,Special Effects,4,0.0,0.0,51.079,57.554,20.4154,0.0,9587.0,859.0,0.0,0.0,39.49,0.0,7.67,2026-04-26T11:19:13,
job-3235d6bb90,LG-540,LG540_GLOSS_ONLY,Special Effects,4,0.0,0.0,51.079,57.554,20.4154,0.0,7087.0,680.0,0.0,0.0,46.93,0.0,10.37,2026-04-26T11:19:09,
job-ba2aa32ff3,LG-540,LG540_GLOSS_ONLY,Special Effects,4,0.0,0.0,51.079,57.554,20.4154,0.0,4617.0,506.0,0.0,0.0,40.923,0.0,15.92,2026-04-26T11:19:05,
job-1eac7a920c,LG-540,LG540_GLOSS_ONLY,Special Effects,4,0.0,0.0,51.079,57.554,20.4154,0.0,2243.0,183.0,0.0,0.0,42.185,0.0,32.77,2026-04-26T11:18:23,
job-cf27938e14,LG-540,LG540_GLOSS_ONLY,Special Effects,200,7.0,2.562,52.118,70.0,25.3352,24.9103,13467.0,40.0,0.0,0.0,79.866,0.0,6.77,2026-04-25T21:40:49,
job-c151c45d3c,LG-540,LG540_GLOSS_ONLY,Special Effects,200,7.0,2.562,52.118,70.0,25.3352,24.9103,10667.0,35.0,0.0,0.0,67.755,0.0,8.55,2026-04-25T19:29:33,
job-a0e957143e,LG-540,LG540_GLOSS_ONLY,Special Effects,132,8.473,2.917,51.916,64.164,23.1327,22.6531,8101.0,35.0,0.0,0.0,42.311,0.0,10.28,2026-04-25T18:04:29,
job-c97eb9dfe7,LG-540,LG540_GLOSS_ONLY,Special Effects,100,1.828,1.828,52.093,7.313,2.6457,2.3214,5316.0,38.0,0.0,0.0,7.979,0.0,1.79,2026-04-25T16:20:59,
job-69683003dc,LG-540,LG540_GLOSS_ONLY,Special Effects,100,7.0,2.562,52.118,35.0,12.6676,12.4552,8302.0,28.0,0.0,0.0,38.922,0.0,5.49,2026-04-25T11:14:07,
job-df2555de1b,LG-540,LG540_GLOSS_ONLY,Special Effects,100,7.0,2.562,52.118,35.0,12.6676,12.4552,4534.0,39.0,0.0,0.0,46.196,0.0,10.06,2026-04-25T11:12:28,
job-dd91adb17f,LG-540,LG540_GLOSS_ONLY,Special Effects,132,8.473,2.917,51.916,64.164,23.1327,22.6531,5854.0,,0.0,0.0,62.382,0.0,14.23,2026-04-25T09:36:42,
job-a0e957143e,LG-540,LG540_GLOSS_ONLY,Special Effects,132,8.473,2.917,51.916,64.164,23.1327,22.6531,13216.0,92.0,0.0,0.0,42.311,0.0,6.3,2026-04-24T21:49:04,
job-7dd10fa339,LG-540,LG540_GLOSS_ONLY,Special Effects,132,8.473,2.917,51.916,64.164,23.1327,22.6531,5755.0,50.0,0.0,0.0,55.342,0.0,14.47,2026-04-24T21:49:04,
job-df2555de1b,LG-540,LG540_GLOSS_ONLY,Special Effects,105,7.119,3.125,51.414,46.872,16.7351,16.2213,10248.0,,0.0,0.0,37.118,0.0,5.88,2026-04-24T13:26:35,
job-df2555de1b,LG-540,LG540_GLOSS_ONLY,Special Effects,105,7.119,3.125,51.414,46.872,16.7351,16.2213,3042.0,31.0,0.0,0.0,37.118,0.0,19.8,2026-04-24T13:26:34,
job-5c103e4ffe,LG-540,LG540_CMYK_ONLY,Generic Sign Production,130,3.989,5.0,52.422,50.0,18.202,18.004,1054.0,,24.581,0.0,0.0,0.0,62.17,2026-04-24T09:39:28,
job-84dd6c4d9e,LG-540,LG540_CMYK_ONLY,Generic Sign Production,130,3.989,5.0,52.422,50.0,18.202,18.004,1385.0,,16.968,0.0,0.0,0.0,47.31,2026-04-24T06:11:23,
job-f005fa4cd3,LG-540,LG540_CMYK_ONLY,Generic Sign Production,130,3.989,5.0,52.422,50.0,18.202,18.004,1726.0,,20.398000000000003,0.0,0.0,0.0,37.96,2026-04-24T05:19:39,
job-305dd10d28,LG-540,LG540_CMYK_ONLY,Generic Sign Production,130,3.989,5.0,52.422,50.0,18.202,18.004,1384.0,,30.228,0.0,0.0,0.0,47.35,2026-04-24T04:32:09,
job-48a8f2954c,LG-540,LG540_CMYK_ONLY,Generic Sign Production,130,3.989,5.0,52.422,50.0,18.202,18.004,1515.0,,16.843,0.0,0.0,0.0,43.25,2026-04-24T03:43:56,
job-123f0d8655,LG-540,LG540_CMYK_ONLY,Generic Sign Production,130,3.989,5.0,52.422,50.0,18.202,18.004,1386.0,,13.663000000000002,0.0,0.0,0.0,47.28,2026-04-24T02:57:51,
job-171bf69592,LG-540,LG540_CMYK_ONLY,Generic Sign Production,130,3.989,5.0,52.422,50.0,18.202,18.004,1450.0,,20.271,0.0,0.0,0.0,45.19,2026-04-24T02:10:43,
job-f754c1c25a,LG-540,LG540_CMYK_ONLY,Generic Sign Production,130,3.989,5.0,52.422,50.0,18.202,18.004,1726.0,,14.423000000000002,0.0,0.0,0.0,37.96,2026-04-24T01:17:34,
job-305dd10d28,LG-540,LG540_CMYK_ONLY,Generic Sign Production,130,3.989,5.0,52.422,50.0,18.202,18.004,14319.0,,30.228,0.0,0.0,0.0,4.58,2026-04-24T00:33:30,
job-48a8f2954c,LG-540,LG540_CMYK_ONLY,Generic Sign Production,130,3.989,5.0,52.422,50.0,18.202,18.004,11426.0,,16.843,0.0,0.0,0.0,5.73,2026-04-24T00:33:30,
job-123f0d8655,LG-540,LG540_CMYK_ONLY,Generic Sign Production,130,3.989,5.0,52.422,50.0,18.202,18.004,8661.0,,13.663000000000002,0.0,0.0,0.0,7.57,2026-04-24T00:33:30,
job-171bf69592,LG-540,LG540_CMYK_ONLY,Generic Sign Production,130,3.989,5.0,52.422,50.0,18.202,18.004,5833.0,,20.271,0.0,0.0,0.0,11.23,2026-04-24T00:33:30,
job-f754c1c25a,LG-540,LG540_CMYK_ONLY,Generic Sign Production,130,3.989,5.0,52.422,50.0,18.202,18.004,2644.0,,14.423000000000002,0.0,0.0,0.0,24.78,2026-04-24T00:33:30,
job-cd0de2ec97,LG-540,LG540_CMYK_ONLY,Generic Sign Production,130,3.989,5.0,52.422,50.0,18.202,18.004,1277.0,,26.272000000000002,0.0,0.0,0.0,51.31,2026-04-24T00:33:17,
job-71933bc366,LG-540,LG540_CMYK_ONLY,Generic Sign Production,130,3.989,5.0,52.422,50.0,18.202,18.004,1517.0,,19.342999999999996,0.0,0.0,0.0,43.2,2026-04-23T20:50:47,
job-21bff6f82f,LG-540,LG540_CMYK_ONLY,Generic Sign Production,130,3.989,5.0,52.422,50.0,18.202,18.004,1383.0,,24.116,0.0,0.0,0.0,47.38,2026-04-23T20:04:47,
job-d23735c925,LG-540,LG540_CMYK_ONLY,Generic Sign Production,130,3.989,5.0,52.422,50.0,18.202,18.004,1451.0,,18.2,0.0,0.0,0.0,45.16,2026-04-23T19:17:38,
job-71933bc366,LG-540,LG540_CMYK_ONLY,Generic Sign Production,130,3.989,5.0,52.422,50.0,18.202,18.004,8074.0,,19.342999999999996,0.0,0.0,0.0,8.12,2026-04-23T18:36:13,
job-21bff6f82f,LG-540,LG540_CMYK_ONLY,Generic Sign Production,130,3.989,5.0,52.422,50.0,18.202,18.004,5314.0,,24.116,0.0,0.0,0.0,12.33,2026-04-23T18:36:13,
job-d23735c925,LG-540,LG540_CMYK_ONLY,Generic Sign Production,130,3.989,5.0,52.422,50.0,18.202,18.004,2485.0,,18.2,0.0,0.0,0.0,26.37,2026-04-23T18:36:13,
job-4bb4ecb7b0,LG-540,LG540_CMYK_ONLY,Generic Sign Production,130,3.989,5.0,52.422,50.0,18.202,18.004,1059.0,,19.524,0.0,0.0,0.0,61.88,2026-04-23T18:36:08,
job-4bb4ecb7b0,LG-540,LG540_CMYK_ONLY,Generic Sign Production,130,3.989,5.0,52.422,50.0,18.202,18.004,1375.0,,19.524,0.0,0.0,0.0,47.66,2026-04-23T14:37:07,
job-7a8be231f9,LG-540,LG540_CMYK_ONLY,Generic Sign Production,130,3.989,5.0,52.422,50.0,18.202,18.004,1376.0,,13.604,0.0,0.0,0.0,47.62,2026-04-23T13:51:07,
job-c5506b565f,LG-540,LG540_CMYK_ONLY,Generic Sign Production,130,3.989,5.0,52.422,50.0,18.202,18.004,1375.0,,18.314999999999998,0.0,0.0,0.0,47.66,2026-04-23T12:59:59,
job-4c3b5f8280,LG-540,LG540_CMYK_ONLY,Generic Sign Production,130,3.989,5.0,52.422,50.0,18.202,18.004,1377.0,,13.745000000000001,0.0,0.0,0.0,47.59,2026-04-23T12:08:41,
job-d8e851ce0b,LG-540,LG540_CMYK_ONLY,Generic Sign Production,130,3.989,5.0,52.422,50.0,18.202,18.004,1378.0,,15.803999999999998,0.0,0.0,0.0,47.55,2026-04-23T11:20:26,
job-c1b39bacd2,LG-540,LG540_CMYK_ONLY,Generic Sign Production,130,3.989,5.0,52.422,50.0,18.202,18.004,1378.0,,13.112,0.0,0.0,0.0,47.55,2026-04-23T10:34:25,
job-01f0f9160c,LG-540,LG540_CMYK_ONLY,Generic Sign Production,130,3.989,5.0,52.422,50.0,18.202,18.004,1466.0,,17.185000000000002,0.0,0.0,0.0,44.7,2026-04-23T09:46:54,
job-c5506b565f,LG-540,LG540_CMYK_ONLY,Generic Sign Production,130,3.989,5.0,52.422,50.0,18.202,18.004,13025.0,,18.314999999999998,0.0,0.0,0.0,5.03,2026-04-23T09:22:54,
job-4c3b5f8280,LG-540,LG540_CMYK_ONLY,Generic Sign Production,130,3.989,5.0,52.422,50.0,18.202,18.004,9947.0,,13.745000000000001,0.0,0.0,0.0,6.59,2026-04-23T09:22:54,
job-d8e851ce0b,LG-540,LG540_CMYK_ONLY,Generic Sign Production,130,3.989,5.0,52.422,50.0,18.202,18.004,7052.0,,15.803999999999998,0.0,0.0,0.0,9.29,2026-04-23T09:22:54,
job-c1b39bacd2,LG-540,LG540_CMYK_ONLY,Generic Sign Production,130,3.989,5.0,52.422,50.0,18.202,18.004,4291.0,,13.112,0.0,0.0,0.0,15.27,2026-04-23T09:22:54,
job-01f0f9160c,LG-540,LG540_CMYK_ONLY,Generic Sign Production,130,3.989,5.0,52.422,50.0,18.202,18.004,1440.0,,17.185000000000002,0.0,0.0,0.0,45.51,2026-04-23T09:22:54,
job-1fd79ca12e,LG-540,LG540_CMYK_ONLY,Generic Sign Production,130,3.989,5.0,52.422,50.0,18.202,18.004,1060.0,,13.369,0.0,0.0,0.0,61.82,2026-04-23T08:37:02,
job-3eb937ec71,LG-540,LG540_CMYK_ONLY,Generic Sign Production,130,3.989,5.0,52.422,50.0,18.202,18.004,1448.0,,20.47,0.0,0.0,0.0,45.25,2026-04-23T05:36:31,
job-b6332aedc3,LG-540,LG540_CMYK_ONLY,Generic Sign Production,1,3.989,5.0,29.0,3.989,0.8033,0.1385,301.0,,0.11,0.0,0.0,0.0,9.61,2026-04-23T05:09:17,
job-d441f4b2bc,LG-540,LG540_CMYK_ONLY,Generic Sign Production,130,3.989,5.0,52.422,50.0,18.202,18.004,1375.0,,16.598,0.0,0.0,0.0,47.66,2026-04-23T04:37:34,
job-3bf8bb89ab,LG-540,LG540_CMYK_ONLY,Generic Sign Production,130,3.989,5.0,52.422,50.0,18.202,18.004,1446.0,,12.96,0.0,0.0,0.0,45.32,2026-04-23T03:50:25,
job-f11b0b6833,LG-540,LG540_CMYK_ONLY,Generic Sign Production,130,3.989,5.0,52.422,50.0,18.202,18.004,1727.0,,20.331999999999997,0.0,0.0,0.0,37.94,2026-04-23T02:57:28,
job-9dd8824554,LG-540,LG540_CMYK_ONLY,Generic Sign Production,130,3.989,5.0,52.422,50.0,18.202,18.004,1377.0,,14.498000000000001,0.0,0.0,0.0,47.59,2026-04-23T02:11:28,
job-48bbb064eb,LG-540,LG540_CMYK_ONLY,Generic Sign Production,130,3.989,5.0,52.422,50.0,18.202,18.004,1686.0,,20.032999999999998,0.0,0.0,0.0,38.87,2026-04-23T01:20:16,
job-d9a1a3f46e,LG-540,LG540_CMYK_ONLY,Generic Sign Production,130,3.989,5.0,52.422,50.0,18.202,18.004,1376.0,,20.596,0.0,0.0,0.0,47.62,2026-04-23T00:32:52,
job-8be2e47ea4,LG-540,LG540_CMYK_ONLY,Generic Sign Production,130,3.989,5.0,52.422,50.0,18.202,18.004,1513.0,,15.062000000000001,0.0,0.0,0.0,43.31,2026-04-22T23:44:35,
job-e11b062640,LG-540,LG540_CMYK_ONLY,Generic Sign Production,130,3.989,5.0,52.422,50.0,18.202,18.004,1376.0,,18.748999999999995,0.0,0.0,0.0,47.62,2026-04-22T22:57:13,
job-9dd8824554,LG-540,LG540_CMYK_ONLY,Generic Sign Production,130,3.989,5.0,52.422,50.0,18.202,18.004,12667.0,,14.498000000000001,0.0,0.0,0.0,5.17,2026-04-22T22:40:21,
job-48bbb064eb,LG-540,LG540_CMYK_ONLY,Generic Sign Production,130,3.989,5.0,52.422,50.0,18.202,18.004,9595.0,,20.032999999999998,0.0,0.0,0.0,6.83,2026-04-22T22:40:21,
job-d9a1a3f46e,LG-540,LG540_CMYK_ONLY,Generic Sign Production,130,3.989,5.0,52.422,50.0,18.202,18.004,6751.0,,20.596,0.0,0.0,0.0,9.71,2026-04-22T22:40:21,
job-8be2e47ea4,LG-540,LG540_CMYK_ONLY,Generic Sign Production,130,3.989,5.0,52.422,50.0,18.202,18.004,3854.0,,15.062000000000001,0.0,0.0,0.0,17.0,2026-04-22T22:40:21,
job-e11b062640,LG-540,LG540_CMYK_ONLY,Generic Sign Production,130,3.989,5.0,52.422,50.0,18.202,18.004,1012.0,,18.748999999999995,0.0,0.0,0.0,64.75,2026-04-22T22:40:21,
job-38ce436090,LG-540,LG540_CMYK_ONLY,Generic Sign Production,130,3.989,5.0,52.422,50.0,18.202,18.004,1445.0,,13.813,0.0,0.0,0.0,45.35,2026-04-22T22:02:25,
job-38ce436090,LG-540,LG540_CMYK_ONLY,Generic Sign Production,130,3.989,5.0,52.422,50.0,18.202,18.004,1072.0,25.0,13.813,0.0,0.0,0.0,61.13,2026-04-22T21:44:33,
job-0b75b408db,LG-540,LG540_GLOSS_ONLY,Special Effects,130,3.989,5.0,52.422,50.0,18.202,18.004,12343.0,35.0,0.0,0.0,50.68,0.0,5.31,2026-04-22T00:13:17,
job-1c76adae21,LG-540,LG540_GLOSS_ONLY,Special Effects,130,3.989,5.0,52.422,50.0,18.202,18.004,10721.0,77.0,0.0,0.0,53.774,0.0,6.11,2026-04-21T23:54:23,
job-27b42370e9,LG-540,LG540_GLOSS_ONLY,Special Effects,130,3.989,5.0,52.422,50.0,18.202,18.004,8364.0,34.0,0.0,0.0,31.138,0.0,7.83,2026-04-21T23:54:23,
job-05d094eb50,LG-540,LG540_GLOSS_ONLY,Special Effects,130,3.989,5.0,52.422,50.0,18.202,18.004,8084.0,58.0,0.0,0.0,46.941,0.0,8.11,2026-04-21T23:17:18,
job-bc10eb8758,LG-540,LG540_GLOSS_ONLY,Special Effects,130,3.989,5.0,52.422,50.0,18.202,18.004,5729.0,32.0,0.0,0.0,31.138,0.0,11.44,2026-04-21T23:17:18,
job-525826ae0d,LG-540,LG540_GLOSS_ONLY,Special Effects,130,3.989,5.0,52.422,50.0,18.202,18.004,14182.0,56.0,0.0,0.0,32.976,0.0,4.62,2026-04-21T20:13:13,
job-e6b4629301,LG-540,LG540_GLOSS_ONLY,Special Effects,130,3.989,5.0,52.422,50.0,18.202,18.004,11528.0,28.0,0.0,0.0,31.138,0.0,5.68,2026-04-21T20:13:13,
job-4e8bf89d95,LG-540,LG540_GLOSS_ONLY,Special Effects,130,3.989,5.0,52.422,50.0,18.202,18.004,9525.0,54.0,0.0,0.0,34.384,0.0,6.88,2026-04-21T20:07:03,
job-2c35fd6ba4,LG-540,LG540_GLOSS_ONLY,Special Effects,130,3.989,5.0,52.422,50.0,18.202,18.004,7172.0,28.0,0.0,0.0,31.138,0.0,9.14,2026-04-21T20:07:03,
job-7ea6f8fa8b,LG-540,LG540_GLOSS_ONLY,Special Effects,130,3.989,5.0,52.422,50.0,18.202,18.004,4574.0,65.0,0.0,0.0,31.138,0.0,14.33,2026-04-21T20:04:06,
job-e4bf6ffd6c,LG-540,LG540_GLOSS_ONLY,Special Effects,130,3.989,5.0,52.422,50.0,18.202,18.004,1939.0,37.0,0.0,0.0,31.043,0.0,33.79,2026-04-21T20:04:06,
job-d5deaed5e3,LG-540,LG540_GLOSS_ONLY,Special Effects,4,0.0,0.0,51.079,57.554,20.4154,0.0,9593.0,,0.0,0.0,33.896,0.0,7.66,2026-04-21T16:11:35,
job-edfc82dc43,LG-540,LG540_GLOSS_ONLY,Special Effects,4,0.0,0.0,51.079,57.554,20.4154,0.0,7110.0,,0.0,0.0,33.896,0.0,10.34,2026-04-21T16:11:35,
job-d6e06a7e9d,LG-540,LG540_GLOSS_ONLY,Special Effects,4,0.0,0.0,51.079,57.554,20.4154,0.0,4690.0,,0.0,0.0,33.896,0.0,15.67,2026-04-21T16:11:35,
job-51ed24b966,LG-540,LG540_GLOSS_ONLY,Special Effects,4,0.0,0.0,51.079,57.554,20.4154,0.0,2324.0,,0.0,0.0,34.228,0.0,31.62,2026-04-21T16:11:35,
job-51ed24b966,LG-540,LG540_CMYK_ONLY,Generic Sign Production,4,0.0,0.0,51.079,57.554,20.4154,0.0,1195.0,,21.482,0.0,0.0,0.0,61.5,2026-04-21T16:11:34,
job-09810f22c2,LG-540,LG540_GLOSS_ONLY,Special Effects,4,0.0,0.0,51.079,57.554,20.4154,0.0,6651.0,320.0,0.0,0.0,39.754,0.0,11.05,2026-04-21T12:48:49,
job-cb902c8cd0,LG-540,LG540_GLOSS_ONLY,Special Effects,4,0.0,0.0,51.079,57.554,20.4154,0.0,4163.0,168.0,0.0,0.0,34.124,0.0,17.65,2026-04-21T12:48:49,
job-89c467b184,LG-540,LG540_CMYK_ONLY,Generic Sign Production,1,0.0,0.0,51.083,28.777,10.2085,0.0,3708.0,853.0,12.703,0.0,0.0,0.0,9.91,2026-04-21T12:16:21,
job-2bdfb73cce,LG-540,LG540_CMYK_ONLY,Generic Sign Production,1,0.0,0.0,51.083,57.554,20.4169,0.0,3003.0,769.0,22.588,0.0,0.0,0.0,24.48,2026-04-21T12:14:33,
job-2335bc2591,LG-540,LG540_CMYK_ONLY,Generic Sign Production,1,0.0,0.0,51.083,57.554,20.4169,0.0,1741.0,384.0,28.054000000000002,0.0,0.0,0.0,42.22,2026-04-21T12:14:33,
job-89c467b184,LG-540,LG540_CMYK_ONLY,Generic Sign Production,4,0.0,0.0,51.079,57.554,20.4154,0.0,3077.0,193.0,17.367,0.0,0.0,0.0,23.89,2026-04-21T09:06:24,
job-d5deaed5e3,LG-540,LG540_GLOSS_ONLY,Special Effects,4,0.0,0.0,51.079,43.166,15.3115,0.0,1789.0,119.0,0.0,0.0,22.143,0.0,30.81,2026-04-21T09:06:24,
job-3d6aff31d9,LG-540,LG540_GLOSS_ONLY,Special Effects,64,9.13,3.128,51.52,36.52,13.0659,12.694,3313.0,,0.0,0.0,68.984,0.0,14.2,2026-04-17T18:45:13,
job-3d6aff31d9,LG-540,LG540_GLOSS_ONLY,Special Effects,64,9.13,3.128,51.52,36.52,13.0659,12.694,3453.0,,0.0,0.0,68.984,0.0,13.62,2026-04-17T17:30:28,
job-3d6aff31d9,LG-540,LG540_GLOSS_ONLY,Special Effects,64,9.13,3.128,51.52,36.52,13.0659,12.694,3486.0,67.0,0.0,0.0,68.984,0.0,13.49,2026-04-17T12:31:47,
job-cc7c0eecc9,LG-540,LG540_GLOSS_ONLY,Special Effects,4,0.0,0.0,51.079,43.166,15.3115,0.0,1661.0,,0.0,0.0,22.143,0.0,33.19,2026-04-16T16:02:25,
job-49ce897654,LG-540,LG540_CMYK_ONLY,Generic Sign Production,1,0.0,0.0,51.079,57.554,20.4154,0.0,4596.0,,22.223000000000003,0.0,0.0,0.0,15.99,2026-04-16T11:06:01,
job-62c634f242,LG-540,LG540_GLOSS_ONLY,Special Effects,56,0.0,0.0,52.449,24.867,9.0573,0.0,2431.0,58.0,0.0,0.0,14.901,0.0,13.41,2026-04-16T11:05:33,
job-62c634f242,LG-540,LG540_CMYK_ONLY,Generic Sign Production,56,0.0,0.0,52.449,24.867,9.0573,0.0,695.0,34.0,7.684,0.0,0.0,0.0,46.92,2026-04-16T11:05:30,
job-33ebab3191,LG-540,LG540_GLOSS_ONLY,Special Effects,130,3.989,5.0,52.422,50.0,18.202,18.004,14295.0,,0.0,0.0,17.904,0.0,4.58,2026-04-15T15:10:45,
job-49cac6115e,LG-540,LG540_GLOSS_ONLY,Special Effects,130,3.989,5.0,52.422,50.0,18.202,18.004,11624.0,,0.0,0.0,31.138,0.0,5.64,2026-04-15T15:10:45,
job-43e9a4b54d,LG-540,LG540_GLOSS_ONLY,Special Effects,130,3.989,5.0,52.422,50.0,18.202,18.004,9140.0,,0.0,0.0,31.059,0.0,7.17,2026-04-15T15:10:44,
job-c26e0f90a1,LG-540,LG540_GLOSS_ONLY,Special Effects,130,3.989,5.0,52.422,50.0,18.202,18.004,6645.0,,0.0,0.0,31.138,0.0,9.86,2026-04-15T15:10:44,
job-356c92e3ea,LG-540,LG540_GLOSS_ONLY,Special Effects,130,3.989,5.0,52.422,50.0,18.202,18.004,4286.0,,0.0,0.0,35.021,0.0,15.29,2026-04-15T15:10:44,
job-1c0c532b87,LG-540,LG540_GLOSS_ONLY,Special Effects,130,3.989,5.0,52.422,50.0,18.202,18.004,2154.0,,0.0,0.0,31.138,0.0,30.42,2026-04-15T15:10:44,
job-9ca77f389b,LG-540,LG540_GLOSS_ONLY,Special Effects,130,3.989,5.0,52.422,50.0,18.202,18.004,6899.0,44.0,0.0,0.0,34.442,0.0,9.5,2026-04-15T12:28:39,
job-8ce824e306,LG-540,LG540_GLOSS_ONLY,Special Effects,130,3.989,5.0,52.422,50.0,18.202,18.004,4563.0,46.0,0.0,0.0,31.138,0.0,14.36,2026-04-15T12:28:11,
job-94a57a5256,LG-540,LG540_GLOSS_ONLY,Special Effects,130,3.989,5.0,52.422,50.0,18.202,18.004,2182.0,37.0,0.0,0.0,30.636,0.0,30.03,2026-04-15T12:27:52,
job-5410c41248,LG-540,LG540_CMYK_ONLY,Generic Sign Production,130,3.989,5.0,52.422,50.0,18.202,18.004,1448.0,,19.364,0.0,0.0,0.0,45.25,2026-04-14T15:20:54,
job-5410c41248,LG-540,LG540_CMYK_ONLY,Generic Sign Production,130,3.989,5.0,52.422,50.0,18.202,18.004,1066.0,19.0,19.364,0.0,0.0,0.0,61.47,2026-04-14T15:03:08,
job-05aa63a661,LG-540,LG540_CMYK_ONLY,Generic Sign Production,130,3.989,5.0,52.422,50.0,18.202,18.004,1376.0,,18.55,0.0,0.0,0.0,47.62,2026-04-14T13:34:14,
job-49570d7867,LG-540,LG540_CMYK_ONLY,Generic Sign Production,130,3.989,5.0,52.422,50.0,18.202,18.004,1377.0,,14.699,0.0,0.0,0.0,47.59,2026-04-14T12:47:06,
job-e16ba3a487,LG-540,LG540_CMYK_ONLY,Generic Sign Production,130,3.989,5.0,52.422,50.0,18.202,18.004,1375.0,,18.403,0.0,0.0,0.0,47.66,2026-04-14T12:00:33,
job-4c8847345d,LG-540,LG540_CMYK_ONLY,Generic Sign Production,130,3.989,5.0,52.422,50.0,18.202,18.004,1376.0,,15.945999999999998,0.0,0.0,0.0,47.62,2026-04-14T11:05:49,
job-a0c78ba31b,LG-540,LG540_CMYK_ONLY,Generic Sign Production,130,3.989,5.0,52.422,50.0,18.202,18.004,1464.0,,23.189,0.0,0.0,0.0,44.76,2026-04-14T10:18:21,
job-c70459330d,LG-540,LG540_CMYK_ONLY,Generic Sign Production,130,3.989,5.0,52.422,50.0,18.202,18.004,1376.0,,18.27,0.0,0.0,0.0,47.62,2026-04-14T09:30:10,
job-da2a92cf2a,LG-540,LG540_CMYK_ONLY,Generic Sign Production,130,3.989,5.0,52.422,50.0,18.202,18.004,1376.0,,10.296,0.0,0.0,0.0,47.62,2026-04-14T08:44:09,
job-53c1db037d,LG-540,LG540_CMYK_ONLY,Generic Sign Production,130,3.989,5.0,52.422,50.0,18.202,18.004,1377.0,,10.851,0.0,0.0,0.0,47.59,2026-04-14T07:58:11,
job-4c8847345d,LG-540,LG540_CMYK_ONLY,Generic Sign Production,130,3.989,5.0,52.422,50.0,18.202,18.004,12345.0,80.0,15.945999999999998,0.0,0.0,0.0,5.31,2026-04-14T07:40:04,
job-a0c78ba31b,LG-540,LG540_CMYK_ONLY,Generic Sign Production,130,3.989,5.0,52.422,50.0,18.202,18.004,9497.0,65.0,23.189,0.0,0.0,0.0,6.9,2026-04-14T07:40:04,
job-c70459330d,LG-540,LG540_CMYK_ONLY,Generic Sign Production,130,3.989,5.0,52.422,50.0,18.202,18.004,6606.0,50.0,18.27,0.0,0.0,0.0,9.92,2026-04-14T07:40:04,
job-da2a92cf2a,LG-540,LG540_CMYK_ONLY,Generic Sign Production,130,3.989,5.0,52.422,50.0,18.202,18.004,3845.0,37.0,10.296,0.0,0.0,0.0,17.04,2026-04-14T07:40:04,
job-53c1db037d,LG-540,LG540_CMYK_ONLY,Generic Sign Production,130,3.989,5.0,52.422,50.0,18.202,18.004,1087.0,21.0,10.851,0.0,0.0,0.0,60.28,2026-04-14T07:40:04,
job-b8c5871c8f,LG-540,LG540_CMYK_ONLY,Generic Sign Production,130,3.989,5.0,52.422,50.0,18.202,18.004,1382.0,,24.909,0.0,0.0,0.0,47.41,2026-04-14T05:34:40,
job-ff564070ec,LG-540,LG540_CMYK_ONLY,Generic Sign Production,130,3.989,5.0,52.422,50.0,18.202,18.004,1372.0,,18.383999999999997,0.0,0.0,0.0,47.76,2026-04-14T04:43:11,
job-657873af4b,LG-540,LG540_CMYK_ONLY,Generic Sign Production,130,3.989,5.0,52.422,50.0,18.202,18.004,1381.0,,20.786,0.0,0.0,0.0,47.45,2026-04-14T03:52:06,
job-846cdfdde8,LG-540,LG540_CMYK_ONLY,Generic Sign Production,130,3.989,5.0,52.422,50.0,18.202,18.004,1538.0,,16.862000000000002,0.0,0.0,0.0,42.61,2026-04-14T03:03:42,
job-0e79a1a24a,LG-540,LG540_CMYK_ONLY,Generic Sign Production,130,3.989,5.0,52.422,50.0,18.202,18.004,1381.0,,21.462,0.0,0.0,0.0,47.45,2026-04-14T02:17:45,
job-168ee3f759,LG-540,LG540_GLOSS_ONLY,Special Effects,64,9.13,3.128,51.52,36.52,13.0659,12.694,7642.0,,0.0,0.0,54.205,0.0,6.16,2026-04-13T21:35:36,
job-3c921896c8,LG-540,LG540_GLOSS_ONLY,Special Effects,1,0.0,0.0,49.043,34.719,11.8246,0.0,2554.0,,0.0,0.0,13.621,0.0,16.67,2026-04-13T19:37:08,
job-3c921896c8,LG-540,LG540_CMYK_WHITE_COMBINED,Generic Sign Production,1,0.0,0.0,49.043,34.719,11.8246,0.0,883.0,175.0,3.7329999999999997,23.834,0.0,0.0,48.21,2026-04-13T19:37:07,
job-3c921896c8,LG-540,LG540_CMYK_ONLY,Generic Sign Production,1,0.0,0.0,49.043,34.719,11.8246,0.0,1015.0,162.0,3.4619999999999997,0.0,0.0,0.0,41.94,2026-04-13T19:18:19,
job-3c921896c8,LG-540,LG540_GLOSS_ONLY,Special Effects,4,0.0,0.0,48.987,29.761,10.1242,0.0,7049.0,92.0,0.0,0.0,1.664,0.0,5.17,2026-04-13T16:00:26,
job-3c921896c8,LG-540,LG540_CMYK_WHITE_COMBINED,Generic Sign Production,4,0.0,0.0,48.987,29.761,10.1242,0.0,8003.0,856.0,0.913,23.903,0.0,0.0,4.55,2026-04-13T15:21:54,
job-eaddc8593d,LG-540,LG540_GLOSS_ONLY,Special Effects,1,0.0,0.0,48.394,18.477,6.2096,0.0,7320.0,804.0,0.0,0.0,9.495,0.0,3.05,2026-04-13T15:21:19,
job-eaddc8593d,LG-540,LG540_CMYK_WHITE_COMBINED,Generic Sign Production,1,0.0,0.0,48.394,18.477,6.2096,0.0,5777.0,695.0,1.506,10.516,0.0,0.0,3.87,2026-04-13T15:21:18,
job-4c06c7239f,LG-540,LG540_GLOSS_ONLY,Special Effects,1,0.0,0.0,48.732,28.48,9.6382,0.0,4697.0,622.0,0.0,0.0,8.621,0.0,7.39,2026-04-13T15:20:49,
job-af73acc382,LG-540,LG540_GLOSS_ONLY,Special Effects,1,0.0,0.0,48.278,12.613,4.2286,0.0,1535.0,459.0,0.0,0.0,2.506,0.0,9.92,2026-04-13T15:20:09,
job-d0e256026d,LG-540,LG540_CMYK_ONLY,Generic Sign Production,130,3.989,5.0,52.422,50.0,18.202,18.004,1452.0,,16.794999999999998,0.0,0.0,0.0,45.13,2026-04-13T13:56:31,
job-e29add3492,LG-540,LG540_CMYK_ONLY,Generic Sign Production,130,3.989,5.0,52.422,50.0,18.202,18.004,1380.0,,10.43,0.0,0.0,0.0,47.48,2026-04-13T13:10:37,
job-fb22fad477,LG-540,LG540_CMYK_ONLY,Generic Sign Production,130,3.989,5.0,52.422,50.0,18.202,18.004,1447.0,,11.548,0.0,0.0,0.0,45.28,2026-04-13T12:22:27,
job-7a423d3512,LG-540,LG540_CMYK_ONLY,Generic Sign Production,130,3.989,5.0,52.422,50.0,18.202,18.004,1380.0,,12.893999999999998,0.0,0.0,0.0,47.48,2026-04-13T11:31:20,
job-eec7642b03,LG-540,LG540_CMYK_ONLY,Generic Sign Production,130,3.989,5.0,52.422,50.0,18.202,18.004,1381.0,,13.388,0.0,0.0,0.0,47.45,2026-04-13T10:45:25,
job-73b4dea67a,LG-540,LG540_CMYK_ONLY,Generic Sign Production,130,3.989,5.0,52.422,50.0,18.202,18.004,2064.0,,14.746999999999998,0.0,0.0,0.0,31.75,2026-04-13T09:43:22,
job-fb22fad477,LG-540,LG540_CMYK_ONLY,Generic Sign Production,130,3.989,5.0,52.422,50.0,18.202,18.004,12782.0,,11.548,0.0,0.0,0.0,5.13,2026-04-13T08:49:25,
job-7a423d3512,LG-540,LG540_CMYK_ONLY,Generic Sign Production,130,3.989,5.0,52.422,50.0,18.202,18.004,9715.0,,12.893999999999998,0.0,0.0,0.0,6.74,2026-04-13T08:49:25,
job-eec7642b03,LG-540,LG540_CMYK_ONLY,Generic Sign Production,130,3.989,5.0,52.422,50.0,18.202,18.004,6960.0,,13.388,0.0,0.0,0.0,9.41,2026-04-13T08:49:25,
job-73b4dea67a,LG-540,LG540_CMYK_ONLY,Generic Sign Production,130,3.989,5.0,52.422,50.0,18.202,18.004,3237.0,,14.746999999999998,0.0,0.0,0.0,20.24,2026-04-13T08:49:25,
job-08b493df09,LG-540,LG540_CMYK_ONLY,Generic Sign Production,130,3.989,5.0,52.422,50.0,18.202,18.004,1873.0,,14.245000000000001,0.0,0.0,0.0,34.99,2026-04-13T08:49:16,
job-0dc30e0d21,LG-540,LG540_CMYK_ONLY,Generic Sign Production,130,3.989,5.0,52.422,50.0,18.202,18.004,1777.0,,16.284,0.0,0.0,0.0,36.88,2026-04-13T07:24:30,
job-0307b4351a,LG-540,LG540_CMYK_ONLY,Generic Sign Production,130,3.989,5.0,52.422,50.0,18.202,18.004,1384.0,,14.918999999999999,0.0,0.0,0.0,47.35,2026-04-13T06:38:30,
job-81c3414ce8,LG-540,LG540_CMYK_ONLY,Generic Sign Production,130,3.989,5.0,52.422,50.0,18.202,18.004,1515.0,,24.183,0.0,0.0,0.0,43.25,2026-04-13T05:49:08,
job-f885858eef,LG-540,LG540_CMYK_ONLY,Generic Sign Production,130,3.989,5.0,52.422,50.0,18.202,18.004,1374.0,,16.957,0.0,0.0,0.0,47.69,2026-04-13T05:02:19,
job-3695c17e08,LG-540,LG540_CMYK_ONLY,Generic Sign Production,130,3.989,5.0,52.422,50.0,18.202,18.004,1674.0,,23.422000000000004,0.0,0.0,0.0,39.14,2026-04-13T04:11:39,
job-1f04253736,LG-540,LG540_CMYK_ONLY,Generic Sign Production,130,3.989,5.0,52.422,50.0,18.202,18.004,1457.0,,18.167,0.0,0.0,0.0,44.97,2026-04-13T03:19:26,
job-d2cc74bbb2,LG-540,LG540_CMYK_ONLY,Generic Sign Production,130,3.989,5.0,52.422,50.0,18.202,18.004,1373.0,,24.558,0.0,0.0,0.0,47.73,2026-04-13T02:33:47,
job-e7bfb57e80,LG-540,LG540_CMYK_ONLY,Generic Sign Production,130,3.989,5.0,52.422,50.0,18.202,18.004,1372.0,,18.862000000000002,0.0,0.0,0.0,47.76,2026-04-13T01:45:52,
job-7e5b0016b1,LG-540,LG540_CMYK_ONLY,Generic Sign Production,130,3.989,5.0,52.422,50.0,18.202,18.004,1385.0,,16.36,0.0,0.0,0.0,47.31,2026-04-13T00:59:53,
job-98847ac3dc,LG-540,LG540_CMYK_ONLY,Generic Sign Production,130,3.989,5.0,52.422,50.0,18.202,18.004,1402.0,,13.979,0.0,0.0,0.0,46.74,2026-04-13T00:12:26,
job-1f04253736,LG-540,LG540_CMYK_ONLY,Generic Sign Production,130,3.989,5.0,52.422,50.0,18.202,18.004,12620.0,84.0,18.167,0.0,0.0,0.0,5.19,2026-04-12T23:49:06,
job-d2cc74bbb2,LG-540,LG540_CMYK_ONLY,Generic Sign Production,130,3.989,5.0,52.422,50.0,18.202,18.004,9881.0,69.0,24.558,0.0,0.0,0.0,6.63,2026-04-12T23:49:06,
job-e7bfb57e80,LG-540,LG540_CMYK_ONLY,Generic Sign Production,130,3.989,5.0,52.422,50.0,18.202,18.004,7006.0,52.0,18.862000000000002,0.0,0.0,0.0,9.35,2026-04-12T23:49:06,
job-7e5b0016b1,LG-540,LG540_CMYK_ONLY,Generic Sign Production,130,3.989,5.0,52.422,50.0,18.202,18.004,4247.0,36.0,16.36,0.0,0.0,0.0,15.43,2026-04-12T23:49:06,
job-98847ac3dc,LG-540,LG540_CMYK_ONLY,Generic Sign Production,130,3.989,5.0,52.422,50.0,18.202,18.004,1400.0,21.0,13.979,0.0,0.0,0.0,46.81,2026-04-12T23:49:06,
job-c25cad0acb,LG-540,LG540_GLOSS_ONLY,Special Effects,65,3.989,5.0,52.422,25.0,9.101,9.002,5235.0,,0.0,0.0,61.427,0.0,6.26,2026-04-12T18:39:50,
job-2710f365a5,LG-540,LG540_GLOSS_ONLY,Special Effects,50,1.69,2.608,52.579,5.07,1.8514,1.5307,594.0,33.0,0.0,0.0,4.006,0.0,11.22,2026-04-12T10:30:38,
job-2710f365a5,LG-540,LG540_GLOSS_ONLY,Special Effects,48,1.69,2.608,52.579,5.07,1.8514,1.4695,936.0,40.0,0.0,0.0,7.984,0.0,7.12,2026-04-12T09:49:17,
job-d677d3c24c,LG-540,LG540_GLOSS_ONLY,Special Effects,66,8.473,2.917,51.916,32.082,11.5664,11.3265,6808.0,,0.0,0.0,47.945,0.0,6.12,2026-04-11T10:08:03,
job-cd94e7fe21,LG-540,LG540_CMYK_ONLY,Generic Sign Production,250,5.631,2.385,52.727,67.569,24.7409,23.3112,1308.0,16.0,7.971,0.0,0.0,0.0,68.09,2026-04-10T17:56:19,
job-6cab299149,LG-540,LG540_CMYK_ONLY,Generic Sign Production,54,5.875,9.25,52.933,55.5,20.4011,20.3782,1440.0,,20.762,0.0,0.0,0.0,51.0,2026-04-10T17:08:11,
job-6cab299149,LG-540,LG540_CMYK_ONLY,Generic Sign Production,54,5.875,9.25,52.933,55.5,20.4011,20.3782,1349.0,,20.762,0.0,0.0,0.0,54.44,2026-04-10T16:45:42,
job-2d130b24f4,LG-540,LG540_CMYK_ONLY,Generic Sign Production,1,0.0,0.0,52.937,37.0,13.6018,0.0,4925.0,79.0,10.096,0.0,0.0,0.0,9.94,2026-04-10T16:26:47,
job-6cab299149,LG-540,LG540_CMYK_ONLY,Generic Sign Production,54,5.875,9.25,52.933,55.5,20.4011,20.3782,1199.0,51.0,20.762,0.0,0.0,0.0,61.25,2026-04-10T16:25:43,
job-6cab299149,LG-540,LG540_CMYK_ONLY,Generic Sign Production,54,5.875,9.25,52.933,55.5,20.4011,20.3782,1423.0,,20.762,0.0,0.0,0.0,51.61,2026-04-10T15:32:36,
job-6cab299149,LG-540,LG540_CMYK_ONLY,Generic Sign Production,54,5.875,9.25,52.933,55.5,20.4011,20.3782,1350.0,,20.762,0.0,0.0,0.0,54.4,2026-04-10T15:10:06,
job-6cab299149,LG-540,LG540_CMYK_ONLY,Generic Sign Production,54,5.875,9.25,52.933,55.5,20.4011,20.3782,1703.0,,20.762,0.0,0.0,0.0,43.13,2026-04-10T14:41:43,
job-6cab299149,LG-540,LG540_CMYK_ONLY,Generic Sign Production,54,5.875,9.25,52.933,55.5,20.4011,20.3782,1350.0,,20.762,0.0,0.0,0.0,54.4,2026-04-10T14:19:13,
job-6cab299149,LG-540,LG540_CMYK_ONLY,Generic Sign Production,54,5.875,9.25,52.933,55.5,20.4011,20.3782,1422.0,,20.762,0.0,0.0,0.0,51.65,2026-04-10T13:55:31,
job-c2db914b40,LG-540,LG540_CMYK_ONLY,Generic Sign Production,54,5.875,9.25,52.933,55.5,20.4011,20.3782,1357.0,,18.179,0.0,0.0,0.0,54.12,2026-04-10T13:05:13,
job-c2db914b40,LG-540,LG540_CMYK_ONLY,Generic Sign Production,54,5.875,9.25,52.933,55.5,20.4011,20.3782,1352.0,,18.179,0.0,0.0,0.0,54.32,2026-04-10T12:42:41,
job-c2db914b40,LG-540,LG540_CMYK_ONLY,Generic Sign Production,54,5.875,9.25,52.933,55.5,20.4011,20.3782,1489.0,,18.179,0.0,0.0,0.0,49.32,2026-04-10T12:17:52,
job-c2db914b40,LG-540,LG540_CMYK_ONLY,Generic Sign Production,54,5.875,9.25,52.933,55.5,20.4011,20.3782,1351.0,,18.179,0.0,0.0,0.0,54.36,2026-04-10T11:55:21,
job-c2db914b40,LG-540,LG540_CMYK_ONLY,Generic Sign Production,54,5.875,9.25,52.933,55.5,20.4011,20.3782,1358.0,,18.179,0.0,0.0,0.0,54.08,2026-04-10T11:32:43,
job-c2db914b40,LG-540,LG540_CMYK_ONLY,Generic Sign Production,54,5.875,9.25,52.933,55.5,20.4011,20.3782,1436.0,,18.179,0.0,0.0,0.0,51.14,2026-04-10T11:08:47,
job-c2db914b40,LG-540,LG540_CMYK_ONLY,Generic Sign Production,54,5.875,9.25,52.933,55.5,20.4011,20.3782,1423.0,,18.179,0.0,0.0,0.0,51.61,2026-04-10T10:45:04,
job-c2db914b40,LG-540,LG540_CMYK_ONLY,Generic Sign Production,54,5.875,9.25,52.933,55.5,20.4011,20.3782,1351.0,,18.179,0.0,0.0,0.0,54.36,2026-04-10T10:22:33,
job-6cab299149,LG-540,LG540_CMYK_ONLY,Generic Sign Production,54,5.875,9.25,52.933,55.5,20.4011,20.3782,13967.0,75.0,20.762,0.0,0.0,0.0,5.26,2026-04-10T10:02:44,
job-c2db914b40,LG-540,LG540_CMYK_ONLY,Generic Sign Production,54,5.875,9.25,52.933,55.5,20.4011,20.3782,1189.0,36.0,18.179,0.0,0.0,0.0,61.77,2026-04-10T10:02:44,
job-126f996d17,LG-540,LG540_GLOSS_ONLY,Special Effects,66,8.473,2.917,51.857,32.082,11.5532,11.3265,13174.0,,0.0,0.0,33.638,0.0,3.16,2026-04-09T23:13:24,
job-b380af4a1f,LG-540,LG540_GLOSS_ONLY,Special Effects,66,8.473,2.917,51.857,32.082,11.5532,11.3265,10416.0,,0.0,0.0,49.701,0.0,3.99,2026-04-09T23:13:24,
job-486d7bd1fd,LG-540,LG540_GLOSS_ONLY,Special Effects,66,8.473,2.917,51.857,32.082,11.5532,11.3265,6643.0,,0.0,0.0,57.328,0.0,6.26,2026-04-09T23:13:24,
job-e35820adcc,LG-540,LG540_GLOSS_ONLY,Special Effects,66,8.473,2.917,51.857,32.082,11.5532,11.3265,3098.0,,0.0,0.0,38.146,0.0,13.43,2026-04-09T23:13:23,
job-b380af4a1f,LG-540,LG540_GLOSS_ONLY,Special Effects,66,8.473,2.917,51.857,32.082,11.5532,11.3265,3146.0,,0.0,0.0,49.701,0.0,13.22,2026-04-09T19:32:03,
job-486d7bd1fd,LG-540,LG540_GLOSS_ONLY,Special Effects,66,8.473,2.917,51.857,32.082,11.5532,11.3265,13403.0,,0.0,0.0,57.328,0.0,3.1,2026-04-09T12:53:02,
job-e35820adcc,LG-540,LG540_GLOSS_ONLY,Special Effects,66,8.473,2.917,51.857,32.082,11.5532,11.3265,9784.0,,0.0,0.0,38.146,0.0,4.25,2026-04-09T12:53:01,
job-b380af4a1f,LG-540,LG540_GLOSS_ONLY,Special Effects,66,8.473,2.917,51.857,32.082,11.5532,11.3265,12704.0,,0.0,0.0,49.701,0.0,3.27,2026-04-09T10:17:01,
job-486d7bd1fd,LG-540,LG540_GLOSS_ONLY,Special Effects,66,8.473,2.917,51.857,32.082,11.5532,11.3265,8818.0,,0.0,0.0,57.328,0.0,4.72,2026-04-09T10:17:01,
job-e35820adcc,LG-540,LG540_GLOSS_ONLY,Special Effects,66,8.473,2.917,51.857,32.082,11.5532,11.3265,5051.0,,0.0,0.0,38.146,0.0,8.23,2026-04-09T10:17:01,
job-d677d3c24c,LG-540,LG540_GLOSS_ONLY,Special Effects,66,8.473,2.917,51.857,32.082,11.5532,11.3265,10152.0,,0.0,0.0,47.945,0.0,4.1,2026-04-09T02:06:43,
job-126f996d17,LG-540,LG540_GLOSS_ONLY,Special Effects,66,8.473,2.917,51.857,32.082,11.5532,11.3265,7142.0,,0.0,0.0,50.457,0.0,5.82,2026-04-09T00:50:40,
job-d677d3c24c,LG-540,LG540_CMYK_ONLY,Generic Sign Production,66,8.473,2.917,51.817,32.082,11.5444,11.3265,634.0,31.0,20.873,0.0,0.0,0.0,65.55,2026-04-08T22:41:12,
job-380febe5fe,LG-540,LG540_GLOSS_ONLY,Special Effects,80,9.13,3.128,52.602,46.28,16.9056,15.8675,9605.0,,0.0,0.0,46.529,0.0,6.34,2026-04-07T17:17:10,
job-e4466435e9,LG-540,LG540_GLOSS_ONLY,Special Effects,4,9.13,3.568,44.657,3.568,1.1065,0.9049,585.0,,0.0,0.0,2.757,0.0,6.81,2026-04-07T17:17:05,
job-33aa43d47e,LG-540,LG540_GLOSS_ONLY,Special Effects,100,0.0,0.0,52.681,26.079,9.5407,0.0,8638.0,86.0,0.0,0.0,43.657,0.0,3.98,2026-04-07T12:48:59,
job-5fd19322d7,LG-540,LG540_GLOSS_ONLY,Special Effects,100,0.0,0.0,52.681,26.079,9.5407,0.0,5558.0,,0.0,0.0,50.511,0.0,6.18,2026-04-07T12:48:59,
job-024d373fbc,LG-540,LG540_GLOSS_ONLY,Special Effects,100,0.0,0.0,52.681,26.079,9.5407,0.0,2506.0,97.0,0.0,0.0,48.831,0.0,13.71,2026-04-07T12:44:46,
job-dca2463298,LG-540,LG540_GLOSS_ONLY,Special Effects,1,0.0,0.0,52.642,26.079,9.5335,0.0,5004.0,,0.0,0.0,43.657,0.0,6.86,2026-04-07T11:06:57,
job-dca2463298,LG-540,LG540_CMYK_ONLY,Generic Sign Production,1,0.0,0.0,52.685,26.079,9.5414,0.0,3020.0,,10.839,0.0,0.0,0.0,11.37,2026-04-07T11:06:57,
job-030d707abd,LG-540,LG540_GLOSS_ONLY,Special Effects,1,0.0,0.0,52.642,26.079,9.5335,0.0,1529.0,,0.0,0.0,32.554,0.0,22.45,2026-04-07T11:06:56,
job-030d707abd,LG-540,LG540_CMYK_ONLY,Generic Sign Production,1,0.0,0.0,52.685,26.079,9.5414,0.0,476.0,,10.86,0.0,0.0,0.0,72.16,2026-04-07T11:06:56,
job-bd2c9d9c95,LG-540,LG540_GLOSS_ONLY,Special Effects,80,9.13,3.128,52.661,46.28,16.9246,15.8675,9179.0,,0.0,0.0,43.94,0.0,6.64,2026-04-07T08:14:24,
job-380febe5fe,LG-540,LG540_GLOSS_ONLY,Special Effects,80,9.13,3.128,52.661,46.28,16.9246,15.8675,9245.0,,0.0,0.0,44.14,0.0,6.59,2026-04-06T18:27:20,
job-380febe5fe,LG-540,LG540_CMYK_ONLY,Generic Sign Production,80,9.13,3.128,52.661,46.28,16.9246,15.8675,5588.0,,18.22,0.0,0.0,0.0,10.9,2026-04-06T18:27:19,
job-c151c45d3c,LG-540,LG540_GLOSS_ONLY,Special Effects,3,7.128,3.125,37.306,3.125,0.8095,0.464,545.0,29.0,0.0,0.0,1.231,0.0,5.35,2026-04-06T17:42:36,
job-077436a4ed,LG-540,LG540_GLOSS_ONLY,Special Effects,1,0.0,0.0,42.742,3.128,0.9284,0.0,664.0,221.0,0.0,0.0,1.85,0.0,5.03,2026-04-06T16:48:11,
job-f2fd4ba09a,LG-540,LG540_GLOSS_ONLY,Special Effects,1,0.0,0.0,37.302,3.125,0.8094,0.0,10.0,,0.0,0.0,1.106,0.0,291.4,2026-04-06T16:47:51,
job-f2fd4ba09a,LG-540,LG540_GLOSS_ONLY,Special Effects,1,0.0,0.0,37.302,3.125,0.8094,0.0,788.0,90.0,0.0,0.0,1.106,0.0,3.7,2026-04-06T16:31:19,
job-f2fd4ba09a,LG-540,LG540_CMYK_ONLY,Generic Sign Production,1,0.0,0.0,37.302,3.125,0.8094,0.0,241.0,49.0,0.41000000000000003,0.0,0.0,0.0,12.09,2026-04-06T16:31:17,
job-c401152b97,LG-540,LG540_GLOSS_ONLY,Special Effects,66,8.522,2.578,52.418,29.932,10.8957,10.0713,6256.0,,0.0,0.0,57.242,0.0,6.27,2026-04-06T10:17:58,
job-d15900bf78,LG-540,LG540_CMYK_ONLY,Generic Sign Production,96,4.166,1.761,52.32,15.194,5.5203,4.8922,866.0,21.0,7.367,0.0,0.0,0.0,22.95,2026-04-06T08:59:42,
job-fa8c24554b,LG-540,LG540_CMYK_ONLY,Generic Sign Production,132,4.0,5.0,48.449,55.0,18.5048,18.3333,1466.0,,23.200000000000003,0.0,0.0,0.0,45.44,2026-04-03T17:42:16,
job-fa8c24554b,LG-540,LG540_CMYK_ONLY,Generic Sign Production,132,4.0,5.0,48.449,55.0,18.5048,18.3333,1458.0,,23.200000000000003,0.0,0.0,0.0,45.69,2026-04-03T17:17:58,
job-fa8c24554b,LG-540,LG540_CMYK_ONLY,Generic Sign Production,132,4.0,5.0,48.449,55.0,18.5048,18.3333,1085.0,,23.200000000000003,0.0,0.0,0.0,61.4,2026-04-03T16:59:53,
job-2edc596bf3,LG-540,LG540_CMYK_ONLY,Generic Sign Production,132,4.0,5.0,48.449,55.0,18.5048,18.3333,1503.0,,19.494,0.0,0.0,0.0,44.32,2026-04-03T16:19:33,
job-2edc596bf3,LG-540,LG540_CMYK_ONLY,Generic Sign Production,132,4.0,5.0,48.449,55.0,18.5048,18.3333,1457.0,,19.494,0.0,0.0,0.0,45.72,2026-04-03T15:55:16,
job-2edc596bf3,LG-540,LG540_CMYK_ONLY,Generic Sign Production,132,4.0,5.0,48.449,55.0,18.5048,18.3333,1041.0,18.0,19.494,0.0,0.0,0.0,63.99,2026-04-03T15:37:55,
job-c401152b97,LG-540,LG540_CMYK_ONLY,Generic Sign Production,80,8.522,2.578,52.256,34.09,12.3708,12.2077,4180.0,,15.055,0.0,0.0,0.0,10.65,2026-04-03T12:50:05,
job-867a4ac814,LG-540,LG540_GLOSS_ONLY,Special Effects,2,0.0,0.0,50.961,57.554,20.3682,0.0,6274.0,564.0,0.0,0.0,43.423,0.0,11.69,2026-04-01T15:40:02,
job-867a4ac814,LG-540,LG540_CMYK_ONLY,Generic Sign Production,2,0.0,0.0,50.961,57.554,20.3682,0.0,5157.0,428.0,17.438,0.0,0.0,0.0,14.22,2026-04-01T15:39:42,
job-2596ea6a81,LG-540,LG540_GLOSS_ONLY,Special Effects,2,0.0,0.0,50.961,57.554,20.3682,0.0,3927.0,298.0,0.0,0.0,48.27,0.0,18.67,2026-04-01T15:39:28,
job-2596ea6a81,LG-540,LG540_CMYK_ONLY,Generic Sign Production,2,0.0,0.0,50.961,57.554,20.3682,0.0,2497.0,173.0,17.52,0.0,0.0,0.0,29.37,2026-04-01T15:39:11,
job-f860fbbf7c,LG-540,LG540_GLOSS_ONLY,Special Effects,2,0.0,0.0,50.961,43.166,15.2761,0.0,1358.0,72.0,0.0,0.0,24.937,0.0,40.5,2026-04-01T15:38:35,
job-f860fbbf7c,LG-540,LG540_CMYK_ONLY,Generic Sign Production,2,0.0,0.0,50.961,43.166,15.2761,0.0,839.0,89.0,9.833000000000002,0.0,0.0,0.0,65.55,2026-04-01T15:36:18,
job-12fa4f5cbc,LG-540,LG540_GLOSS_ONLY,Special Effects,2,0.0,0.0,50.961,43.166,15.2761,0.0,7853.0,170.0,0.0,0.0,33.246,0.0,7.0,2026-04-01T12:58:26,
job-efb632486f,LG-540,LG540_GLOSS_ONLY,Special Effects,130,3.989,5.0,52.087,53.741,19.4389,18.004,8043.0,1527.0,0.0,0.0,89.671,0.0,8.7,2026-04-01T12:12:52,
job-867a4ac814,LG-540,LG540_GLOSS_ONLY,Special Effects,1,0.0,0.0,52.437,22.938,8.3527,0.0,3380.0,1736.0,0.0,0.0,28.523,0.0,8.9,2026-04-01T12:08:51,
job-867a4ac814,LG-540,LG540_CMYK_ONLY,Generic Sign Production,1,0.0,0.0,52.437,22.938,8.3527,0.0,2220.0,1651.0,6.778999999999999,0.0,0.0,0.0,13.54,2026-04-01T11:20:00,
job-66a971f73f,LG-540,LG540_GLOSS_ONLY,Special Effects,5,2.625,3.619,33.635,2.625,0.6131,0.3299,2035.0,248.0,0.0,0.0,2.065,0.0,1.08,2026-03-31T12:52:49,
job-c665df06c4,LG-540,LG540_GLOSS_ONLY,Special Effects,5,2.625,3.619,33.635,2.625,0.6131,0.3299,1441.0,154.0,0.0,0.0,2.061,0.0,1.53,2026-03-31T12:52:48,
job-9c0e10517c,LG-540,LG540_GLOSS_ONLY,Special Effects,25,2.625,3.619,47.797,5.25,1.7425,1.6493,781.0,68.0,0.0,0.0,10.358,0.0,8.03,2026-03-31T12:52:48,
job-bf1ec3df9d,LG-540,LG540_GLOSS_ONLY,Special Effects,10,2.625,3.619,42.368,2.625,0.7723,0.6597,4410.0,565.0,0.0,0.0,4.161,0.0,0.63,2026-03-31T11:36:49,
job-96f87b3415,LG-540,LG540_GLOSS_ONLY,Special Effects,20,2.625,3.619,47.797,5.25,1.7425,1.3194,3715.0,470.0,0.0,0.0,8.209,0.0,1.69,2026-03-31T11:36:48,
job-1a84527fad,LG-540,LG540_GLOSS_ONLY,Special Effects,10,2.625,3.619,42.368,2.625,0.7723,0.6597,2775.0,369.0,0.0,0.0,2.743,0.0,1.0,2026-03-31T11:36:48,
job-a8ce29c201,LG-540,LG540_GLOSS_ONLY,Special Effects,10,2.625,3.619,42.368,2.625,0.7723,0.6597,2404.0,271.0,0.0,0.0,4.12,0.0,1.16,2026-03-31T11:36:48,
job-7f9126b2f5,LG-540,LG540_GLOSS_ONLY,Special Effects,10,2.625,3.619,42.368,2.625,0.7723,0.6597,1582.0,175.0,0.0,0.0,4.128,0.0,1.76,2026-03-31T11:36:48,
job-cd94e7fe21,LG-540,LG540_CMYK_ONLY,Generic Sign Production,126,5.631,2.385,50.905,33.784,11.9429,11.7488,1034.0,,4.045,0.0,0.0,0.0,41.58,2026-03-31T02:21:50,
job-1f3f2e7c83,LG-540,LG540_CMYK_ONLY,Generic Sign Production,126,5.631,2.385,50.905,33.784,11.9429,11.7488,1115.0,,11.376,0.0,0.0,0.0,38.56,2026-03-31T01:45:52,
job-b914575e0d,LG-540,LG540_CMYK_ONLY,Generic Sign Production,126,5.631,2.385,50.905,33.784,11.9429,11.7488,1115.0,,14.531,0.0,0.0,0.0,38.56,2026-03-31T01:09:42,
job-269cc694e1,LG-540,LG540_CMYK_ONLY,Generic Sign Production,126,5.631,2.385,50.905,33.784,11.9429,11.7488,1044.0,,8.633,0.0,0.0,0.0,41.18,2026-03-31T00:29:36,
job-8c97611a83,LG-540,LG540_GLOSS_ONLY,Special Effects,132,3.989,5.0,49.798,55.0,19.0199,18.281,12262.0,,0.0,0.0,63.144,0.0,5.58,2026-03-31T00:20:34,
job-cd94e7fe21,LG-540,LG540_CMYK_ONLY,Generic Sign Production,126,5.631,2.385,50.905,33.784,11.9429,11.7488,7295.0,14.0,4.045,0.0,0.0,0.0,5.89,2026-03-31T00:20:15,
job-cd94e7fe21,LG-540,LG540_CMYK_ONLY,Generic Sign Production,126,5.631,2.385,50.905,33.784,11.9429,11.7488,1033.0,,4.052,0.0,0.0,0.0,41.62,2026-03-30T23:54:35,
job-1f3f2e7c83,LG-540,LG540_CMYK_ONLY,Generic Sign Production,126,5.631,2.385,50.905,33.784,11.9429,11.7488,7299.0,61.0,11.376,0.0,0.0,0.0,5.89,2026-03-30T23:44:13,
job-b914575e0d,LG-540,LG540_CMYK_ONLY,Generic Sign Production,126,5.631,2.385,50.905,33.784,11.9429,11.7488,5129.0,47.0,14.531,0.0,0.0,0.0,8.38,2026-03-30T23:44:13,
job-269cc694e1,LG-540,LG540_CMYK_ONLY,Generic Sign Production,126,5.631,2.385,50.905,33.784,11.9429,11.7488,2723.0,32.0,8.633,0.0,0.0,0.0,15.79,2026-03-30T23:44:13,
job-cd94e7fe21,LG-540,LG540_CMYK_ONLY,Generic Sign Production,126,5.631,2.385,50.905,33.784,11.9429,11.7488,622.0,18.0,4.052,0.0,0.0,0.0,69.12,2026-03-30T23:44:13,
job-de5f4a3d4b,LG-540,LG540_GLOSS_ONLY,Special Effects,80,6.628,2.578,51.646,26.513,9.509,9.4945,12696.0,,0.0,0.0,30.269,0.0,2.7,2026-03-30T14:10:25,
job-39d4d048a1,LG-540,LG540_CMYK_ONLY,Generic Sign Production,132,4.0,5.0,48.291,55.0,18.4446,18.3333,1189.0,,28.398000000000003,0.0,0.0,0.0,55.85,2026-03-30T12:18:34,
job-46ce7acdc8,LG-540,LG540_CMYK_ONLY,Generic Sign Production,132,4.0,5.0,48.291,55.0,18.4446,18.3333,1582.0,,23.537,0.0,0.0,0.0,41.97,2026-03-30T11:31:55,
job-39d4d048a1,LG-540,LG540_CMYK_ONLY,Generic Sign Production,132,4.0,5.0,48.291,55.0,18.4446,18.3333,3860.0,,28.398000000000003,0.0,0.0,0.0,17.2,2026-03-30T11:14:14,
job-46ce7acdc8,LG-540,LG540_CMYK_ONLY,Generic Sign Production,132,4.0,5.0,48.291,55.0,18.4446,18.3333,1062.0,,23.537,0.0,0.0,0.0,62.52,2026-03-30T11:14:13,
job-39d4d048a1,LG-540,LG540_CMYK_ONLY,Generic Sign Production,132,4.0,5.0,48.291,55.0,18.4446,18.3333,2366.0,38.0,28.398000000000003,0.0,0.0,0.0,28.06,2026-03-30T09:26:36,
job-46ce7acdc8,LG-540,LG540_CMYK_ONLY,Generic Sign Production,132,4.0,5.0,48.291,55.0,18.4446,18.3333,1158.0,22.0,23.537,0.0,0.0,0.0,57.34,2026-03-30T09:26:36,
job-47ed2f9b1c,LG-540,LG540_GLOSS_ONLY,Special Effects,54,1.739,2.619,51.106,5.531,1.9629,1.7072,7239.0,152.0,0.0,0.0,7.434,0.0,0.98,2026-03-29T22:43:15,
job-5a40dc80ff,LG-540,LG540_GLOSS_ONLY,Special Effects,54,1.739,2.619,51.106,5.531,1.9629,1.7072,6266.0,123.0,0.0,0.0,8.173,0.0,1.13,2026-03-29T22:43:15,
job-1aea9fb61e,LG-540,LG540_GLOSS_ONLY,Special Effects,54,1.739,2.619,51.106,5.531,1.9629,1.7072,5204.0,94.0,0.0,0.0,10.762,0.0,1.36,2026-03-29T22:43:14,
job-5d1661367a,LG-540,LG540_GLOSS_ONLY,Special Effects,54,1.739,2.619,51.106,5.531,1.9629,1.7072,4219.0,61.0,0.0,0.0,8.194,0.0,1.67,2026-03-29T22:43:14,
job-8646db1fb7,LG-540,LG540_GLOSS_ONLY,Special Effects,54,1.739,2.619,51.106,5.531,1.9629,1.7072,3247.0,32.0,0.0,0.0,10.862,0.0,2.18,2026-03-29T22:43:14,
job-0a9074d538,LG-540,LG540_GLOSS_ONLY,Special Effects,54,1.739,2.619,51.106,5.531,1.9629,1.7072,4379.0,138.0,0.0,0.0,4.519,0.0,1.61,2026-03-29T22:07:57,
job-ae2b48b2e3,LG-540,LG540_GLOSS_ONLY,Special Effects,54,1.739,2.619,51.106,5.531,1.9629,1.7072,3407.0,107.0,0.0,0.0,10.356,0.0,2.07,2026-03-29T22:07:57,
job-30b2224a3d,LG-540,LG540_GLOSS_ONLY,Special Effects,54,1.739,2.619,51.106,5.531,1.9629,1.7072,2016.0,72.0,0.0,0.0,9.506,0.0,3.51,2026-03-29T22:07:57,
job-6ae078c064,LG-540,LG540_GLOSS_ONLY,Special Effects,54,1.739,2.619,51.106,5.531,1.9629,1.7072,970.0,42.0,0.0,0.0,7.415,0.0,7.28,2026-03-29T22:07:56,
job-a1d336df12,LG-540,LG540_GLOSS_ONLY,Special Effects,133,3.753,2.753,52.356,26.272,9.552,9.5437,5757.0,,0.0,0.0,42.442,0.0,5.97,2026-03-29T20:28:36,
job-907661f5ea,LG-540,LG540_GLOSS_ONLY,Special Effects,136,3.753,2.753,47.713,30.025,9.9485,9.7589,14393.0,,0.0,0.0,37.168,0.0,2.49,2026-03-29T12:54:07,
job-4fc40d0b6c,LG-540,LG540_GLOSS_ONLY,Special Effects,136,3.753,2.753,47.713,30.025,9.9485,9.7589,7055.0,,0.0,0.0,50.477,0.0,5.08,2026-03-29T12:53:59,
job-ab5df4ee75,LG-540,LG540_GLOSS_ONLY,Special Effects,10,2.128,2.378,36.911,2.128,0.5456,0.3515,5727.0,161.0,0.0,0.0,1.649,0.0,0.34,2026-03-28T17:53:44,
job-1ddf809ff8,LG-540,LG540_GLOSS_ONLY,Special Effects,10,2.128,2.378,36.911,2.128,0.5456,0.3515,4759.0,79.0,0.0,0.0,1.656,0.0,0.41,2026-03-28T17:53:44,
job-f46c30aa41,LG-540,LG540_GLOSS_ONLY,Special Effects,20,2.128,2.378,48.094,2.128,0.7108,0.703,4890.0,180.0,0.0,0.0,5.879,0.0,0.52,2026-03-28T17:39:12,
job-5d39ebe42a,LG-540,LG540_GLOSS_ONLY,Special Effects,10,2.128,2.378,25.201,2.128,0.3725,0.3515,3972.0,88.0,0.0,0.0,2.935,0.0,0.34,2026-03-28T17:39:12,
job-ae722d79f7,LG-540,LG540_GLOSS_ONLY,Special Effects,5,2.128,2.378,30.572,2.128,0.4519,0.1758,3505.0,,0.0,0.0,1.468,0.0,0.46,2026-03-28T17:35:13,
job-e710d51067,LG-540,LG540_GLOSS_ONLY,Special Effects,10,2.128,2.378,36.911,2.128,0.5456,0.3515,3278.0,,0.0,0.0,2.946,0.0,0.6,2026-03-28T17:25:39,
job-9b01a7e3c2,LG-540,LG540_GLOSS_ONLY,Special Effects,25,2.128,2.378,48.323,4.414,1.4813,0.8788,2295.0,,0.0,0.0,7.356,0.0,2.32,2026-03-28T17:25:28,
job-c8e823b45c,LG-540,LG540_GLOSS_ONLY,Special Effects,5,2.128,2.378,30.257,2.128,0.4472,0.1758,1224.0,,0.0,0.0,0.825,0.0,1.32,2026-03-28T17:23:44,
job-ae722d79f7,LG-540,LG540_GLOSS_ONLY,Special Effects,5,2.128,2.378,30.572,2.128,0.4519,0.1758,2582.0,133.0,0.0,0.0,1.468,0.0,0.63,2026-03-28T16:50:04,
job-c8e823b45c,LG-540,LG540_GLOSS_ONLY,Special Effects,5,2.128,2.378,30.257,2.128,0.4472,0.1758,1414.0,69.0,0.0,0.0,0.825,0.0,1.14,2026-03-28T16:50:04,
job-e0c6d8a6b2,LG-540,LG540_GLOSS_ONLY,Special Effects,70,7.128,3.128,47.23,36.272,11.8967,10.8402,5986.0,56.0,0.0,0.0,81.304,0.0,7.15,2026-03-27T21:51:42,
job-e0c6d8a6b2,LG-540,LG540_GLOSS_ONLY,Special Effects,60,7.128,3.128,46.09,32.697,10.4652,9.2916,4739.0,,0.0,0.0,74.929,0.0,7.95,2026-03-27T18:58:48,
job-e0c6d8a6b2,LG-540,LG540_GLOSS_ONLY,Special Effects,60,7.128,3.128,46.09,32.697,10.4652,9.2916,4596.0,48.0,0.0,0.0,74.929,0.0,8.2,2026-03-27T16:36:20,
job-e0c6d8a6b2,LG-540,LG540_CMYK_WHITE_COMBINED,Generic Sign Production,96,7.128,3.128,46.09,52.409,16.7746,14.8666,3022.0,30.0,19.38,34.864,0.0,0.0,19.98,2026-03-27T14:28:38,
job-e0c6d8a6b2,LG-540,LG540_GLOSS_ONLY,Special Effects,3,7.128,3.128,35.161,3.128,0.7638,0.4646,839.0,,0.0,0.0,3.746,0.0,3.28,2026-03-27T14:03:51,
job-e0c6d8a6b2,LG-540,LG540_GLOSS_ONLY,Special Effects,3,7.128,3.128,35.161,3.128,0.7638,0.4646,835.0,,0.0,0.0,3.746,0.0,3.29,2026-03-27T13:37:11,
job-e0c6d8a6b2,LG-540,LG540_GLOSS_ONLY,Special Effects,3,7.128,3.128,35.161,3.128,0.7638,0.4646,908.0,,0.0,0.0,3.746,0.0,3.03,2026-03-27T13:16:06,
job-e0c6d8a6b2,LG-540,LG540_GLOSS_ONLY,Special Effects,3,7.128,3.128,35.161,3.128,0.7638,0.4646,916.0,,0.0,0.0,3.746,0.0,3.0,2026-03-27T12:53:14,
job-e0c6d8a6b2,LG-540,LG540_GLOSS_ONLY,Special Effects,3,7.128,3.128,35.161,3.128,0.7638,0.4646,837.0,,0.0,0.0,3.746,0.0,3.29,2026-03-27T12:02:21,
job-e0c6d8a6b2,LG-540,LG540_GLOSS_ONLY,Special Effects,3,7.128,3.128,35.161,3.128,0.7638,0.4646,860.0,,0.0,0.0,3.746,0.0,3.2,2026-03-27T11:41:43,
job-e0c6d8a6b2,LG-540,LG540_GLOSS_ONLY,Special Effects,3,7.128,3.128,35.161,3.128,0.7638,0.4646,833.0,,0.0,0.0,3.746,0.0,3.3,2026-03-27T11:22:19,
job-e0c6d8a6b2,LG-540,LG540_GLOSS_ONLY,Special Effects,3,7.128,3.128,35.161,3.128,0.7638,0.4646,1045.0,48.0,0.0,0.0,3.746,0.0,2.63,2026-03-27T11:01:30,
job-e0c6d8a6b2,LG-540,LG540_GLOSS_ONLY,Special Effects,1,7.128,3.128,7.128,3.128,0.1548,0.1549,695.0,53.0,0.0,0.0,1.249,0.0,0.8,2026-03-27T10:25:35,
job-cec066adfa,LG-540,LG540_CMYK_ONLY,Generic Sign Quality,250,7.065,1.692,50.692,60.902,21.4393,20.75,1732.0,67.0,30.973000000000003,0.0,0.0,0.0,44.56,2026-03-26T14:40:59,
