source_date,product_type,size,capacity,material,finish,spot_gloss,zipper,features,quantity,sku_count,website_unit_display,website_total,gso_discount_pct,gso_wholesale_total,gso_wholesale_unit_cost,shipping_included,compatibility_notes,source_url,confidence
2026-10-06,Stand-up pouch,3.5 x 4.5 x 2,1 g,White PET,Soft Touch,None,Child resistant,No Tear Notch,500,1,1.83,913.10,25,684.8250,1.3696500000,UNVERIFIED,Published price-break card; 2-inch bottom gusset; freight/tax unverified.,https://flex-packaging.com/stand-up-bag/,HIGH: directly observed live display; discount user supplied
2026-10-06,Stand-up pouch,3.5 x 4.5 x 2,1 g,White PET,Soft Touch,None,Child resistant,No Tear Notch,1000,1,1.00,997.29,25,747.9675,0.7479675000,UNVERIFIED,Published price-break card; 2-inch bottom gusset; freight/tax unverified.,https://flex-packaging.com/stand-up-bag/,HIGH: directly observed live display; discount user supplied
2026-10-06,Stand-up pouch,3.5 x 4.5 x 2,1 g,White PET,Soft Touch,None,Child resistant,No Tear Notch,2500,1,0.49,1227.21,25,920.4075,0.3681630000,UNVERIFIED,Published price-break card; 2-inch bottom gusset; freight/tax unverified.,https://flex-packaging.com/stand-up-bag/,HIGH: directly observed live display; discount user supplied
2026-10-06,Stand-up pouch,3.5 x 4.5 x 2,1 g,White PET,Soft Touch,None,Child resistant,No Tear Notch,5000,1,0.32,1607.43,25,1205.5725,0.2411145000,UNVERIFIED,Published price-break card; 2-inch bottom gusset; freight/tax unverified.,https://flex-packaging.com/stand-up-bag/,HIGH: directly observed live display; discount user supplied
2026-10-06,Stand-up pouch,3.5 x 4.5 x 2,1 g,White PET,Soft Touch,None,Child resistant,No Tear Notch,10000,1,0.26,2613.09,25,1959.8175,0.1959817500,UNVERIFIED,Published price-break card; 2-inch bottom gusset; freight/tax unverified.,https://flex-packaging.com/stand-up-bag/,HIGH: directly observed live display; discount user supplied
2026-10-06,Stand-up pouch,3.5 x 4.5 x 2,1 g,White PET,Soft Touch,None,Child resistant,No Tear Notch,25000,1,0.21,5303.66,25,3977.7450,0.1591098000,UNVERIFIED,Published price-break card; 2-inch bottom gusset; freight/tax unverified.,https://flex-packaging.com/stand-up-bag/,HIGH: directly observed live display; discount user supplied
2026-10-06,Stand-up pouch,3.5 x 4.5 x 2,1 g,White PET,Matte,None,Child resistant,No Tear Notch,500,1,1.83,914.66,25,685.9950,1.3719900000,UNVERIFIED,Published price-break card; 2-inch bottom gusset; freight/tax unverified.,https://flex-packaging.com/stand-up-bag/,HIGH: directly observed live display; discount user supplied
2026-10-06,Stand-up pouch,3.5 x 4.5 x 2,1 g,White PET,Matte,None,Child resistant,No Tear Notch,1000,1,1.00,999.71,25,749.7825,0.7497825000,UNVERIFIED,Published price-break card; 2-inch bottom gusset; freight/tax unverified.,https://flex-packaging.com/stand-up-bag/,HIGH: directly observed live display; discount user supplied
2026-10-06,Stand-up pouch,3.5 x 4.5 x 2,1 g,White PET,Matte,None,Child resistant,No Tear Notch,2500,1,0.49,1231.92,25,923.9400,0.3695760000,UNVERIFIED,Published price-break card; 2-inch bottom gusset; freight/tax unverified.,https://flex-packaging.com/stand-up-bag/,HIGH: directly observed live display; discount user supplied
2026-10-06,Stand-up pouch,3.5 x 4.5 x 2,1 g,White PET,Matte,None,Child resistant,No Tear Notch,5000,1,0.32,1615.95,25,1211.9625,0.2423925000,UNVERIFIED,Published price-break card; 2-inch bottom gusset; freight/tax unverified.,https://flex-packaging.com/stand-up-bag/,HIGH: directly observed live display; discount user supplied
2026-10-06,Stand-up pouch,3.5 x 4.5 x 2,1 g,White PET,Matte,None,Child resistant,No Tear Notch,10000,1,0.26,2632.26,25,1974.1950,0.1974195000,UNVERIFIED,Published price-break card; 2-inch bottom gusset; freight/tax unverified.,https://flex-packaging.com/stand-up-bag/,HIGH: directly observed live display; discount user supplied
2026-10-06,Stand-up pouch,3.5 x 4.5 x 2,1 g,White PET,Matte,None,Child resistant,No Tear Notch,25000,1,0.21,5350.94,25,4013.2050,0.1605282000,UNVERIFIED,Published price-break card; 2-inch bottom gusset; freight/tax unverified.,https://flex-packaging.com/stand-up-bag/,HIGH: directly observed live display; discount user supplied
2026-10-06,Stand-up pouch,3.5 x 4.5 x 2,1 g,White PET,Glossy,None,Child resistant,No Tear Notch,500,1,1.78,889.76,25,667.3200,1.3346400000,UNVERIFIED,Published price-break card; 2-inch bottom gusset; freight/tax unverified.,https://flex-packaging.com/stand-up-bag/,HIGH: directly observed live display; discount user supplied
2026-10-06,Stand-up pouch,3.5 x 4.5 x 2,1 g,White PET,Glossy,None,Child resistant,No Tear Notch,1000,1,0.96,961.11,25,720.8325,0.7208325000,UNVERIFIED,Published price-break card; 2-inch bottom gusset; freight/tax unverified.,https://flex-packaging.com/stand-up-bag/,HIGH: directly observed live display; discount user supplied
2026-10-06,Stand-up pouch,3.5 x 4.5 x 2,1 g,White PET,Glossy,None,Child resistant,No Tear Notch,2500,1,0.46,1156.71,25,867.5325,0.3470130000,UNVERIFIED,Published price-break card; 2-inch bottom gusset; freight/tax unverified.,https://flex-packaging.com/stand-up-bag/,HIGH: directly observed live display; discount user supplied
2026-10-06,Stand-up pouch,3.5 x 4.5 x 2,1 g,White PET,Glossy,None,Child resistant,No Tear Notch,5000,1,0.30,1480.02,25,1110.0150,0.2220030000,UNVERIFIED,Published price-break card; 2-inch bottom gusset; freight/tax unverified.,https://flex-packaging.com/stand-up-bag/,HIGH: directly observed live display; discount user supplied
2026-10-06,Stand-up pouch,3.5 x 4.5 x 2,1 g,White PET,Glossy,None,Child resistant,No Tear Notch,10000,1,0.23,2326.53,25,1744.8975,0.1744897500,UNVERIFIED,Published price-break card; 2-inch bottom gusset; freight/tax unverified.,https://flex-packaging.com/stand-up-bag/,HIGH: directly observed live display; discount user supplied
2026-10-06,Stand-up pouch,3.5 x 4.5 x 2,1 g,White PET,Glossy,None,Child resistant,No Tear Notch,25000,1,0.18,4596.81,25,3447.6075,0.1379043000,UNVERIFIED,Published price-break card; 2-inch bottom gusset; freight/tax unverified.,https://flex-packaging.com/stand-up-bag/,HIGH: directly observed live display; discount user supplied
2026-10-06,Stand-up pouch,3.5 x 4.5 x 2,1 g,Silver PET,Soft Touch,None,Child resistant,No Tear Notch,500,1,1.84,918.07,25,688.5525,1.3771050000,UNVERIFIED,Published price-break card; 2-inch bottom gusset; freight/tax unverified.,https://flex-packaging.com/stand-up-bag/,HIGH: directly observed live display; discount user supplied
2026-10-06,Stand-up pouch,3.5 x 4.5 x 2,1 g,Silver PET,Soft Touch,None,Child resistant,No Tear Notch,1000,1,1.00,1004.99,25,753.7425,0.7537425000,UNVERIFIED,Published price-break card; 2-inch bottom gusset; freight/tax unverified.,https://flex-packaging.com/stand-up-bag/,HIGH: directly observed live display; discount user supplied
2026-10-06,Stand-up pouch,3.5 x 4.5 x 2,1 g,Silver PET,Soft Touch,None,Child resistant,No Tear Notch,2500,1,0.50,1242.20,25,931.6500,0.3726600000,UNVERIFIED,Published price-break card; 2-inch bottom gusset; freight/tax unverified.,https://flex-packaging.com/stand-up-bag/,HIGH: directly observed live display; discount user supplied
2026-10-06,Stand-up pouch,3.5 x 4.5 x 2,1 g,Silver PET,Soft Touch,None,Child resistant,No Tear Notch,5000,1,0.33,1634.53,25,1225.8975,0.2451795000,UNVERIFIED,Published price-break card; 2-inch bottom gusset; freight/tax unverified.,https://flex-packaging.com/stand-up-bag/,HIGH: directly observed live display; discount user supplied
2026-10-06,Stand-up pouch,3.5 x 4.5 x 2,1 g,Silver PET,Soft Touch,None,Child resistant,No Tear Notch,10000,1,0.27,2674.04,25,2005.5300,0.2005530000,UNVERIFIED,Published price-break card; 2-inch bottom gusset; freight/tax unverified.,https://flex-packaging.com/stand-up-bag/,HIGH: directly observed live display; discount user supplied
2026-10-06,Stand-up pouch,3.5 x 4.5 x 2,1 g,Silver PET,Soft Touch,None,Child resistant,No Tear Notch,25000,1,0.22,5453.99,25,4090.4925,0.1636197000,UNVERIFIED,Published price-break card; 2-inch bottom gusset; freight/tax unverified.,https://flex-packaging.com/stand-up-bag/,HIGH: directly observed live display; discount user supplied
2026-10-06,Stand-up pouch,3.5 x 4.5 x 2,1 g,Silver PET,Matte,None,Child resistant,No Tear Notch,500,1,1.84,919.63,25,689.7225,1.3794450000,UNVERIFIED,Published price-break card; 2-inch bottom gusset; freight/tax unverified.,https://flex-packaging.com/stand-up-bag/,HIGH: directly observed live display; discount user supplied
2026-10-06,Stand-up pouch,3.5 x 4.5 x 2,1 g,Silver PET,Matte,None,Child resistant,No Tear Notch,1000,1,1.01,1007.41,25,755.5575,0.7555575000,UNVERIFIED,Published price-break card; 2-inch bottom gusset; freight/tax unverified.,https://flex-packaging.com/stand-up-bag/,HIGH: directly observed live display; discount user supplied
2026-10-06,Stand-up pouch,3.5 x 4.5 x 2,1 g,Silver PET,Matte,None,Child resistant,No Tear Notch,2500,1,0.50,1246.92,25,935.1900,0.3740760000,UNVERIFIED,Published price-break card; 2-inch bottom gusset; freight/tax unverified.,https://flex-packaging.com/stand-up-bag/,HIGH: directly observed live display; discount user supplied
2026-10-06,Stand-up pouch,3.5 x 4.5 x 2,1 g,Silver PET,Matte,None,Child resistant,No Tear Notch,5000,1,0.33,1643.05,25,1232.2875,0.2464575000,UNVERIFIED,Published price-break card; 2-inch bottom gusset; freight/tax unverified.,https://flex-packaging.com/stand-up-bag/,HIGH: directly observed live display; discount user supplied
2026-10-06,Stand-up pouch,3.5 x 4.5 x 2,1 g,Silver PET,Matte,None,Child resistant,No Tear Notch,10000,1,0.27,2693.21,25,2019.9075,0.2019907500,UNVERIFIED,Published price-break card; 2-inch bottom gusset; freight/tax unverified.,https://flex-packaging.com/stand-up-bag/,HIGH: directly observed live display; discount user supplied
2026-10-06,Stand-up pouch,3.5 x 4.5 x 2,1 g,Silver PET,Matte,None,Child resistant,No Tear Notch,25000,1,0.22,5501.27,25,4125.9525,0.1650381000,UNVERIFIED,Published price-break card; 2-inch bottom gusset; freight/tax unverified.,https://flex-packaging.com/stand-up-bag/,HIGH: directly observed live display; discount user supplied
2026-10-06,Stand-up pouch,3.5 x 4.5 x 2,1 g,Silver PET,Glossy,None,Child resistant,No Tear Notch,500,1,1.79,894.72,25,671.0400,1.3420800000,UNVERIFIED,Published price-break card; 2-inch bottom gusset; freight/tax unverified.,https://flex-packaging.com/stand-up-bag/,HIGH: directly observed live display; discount user supplied
2026-10-06,Stand-up pouch,3.5 x 4.5 x 2,1 g,Silver PET,Glossy,None,Child resistant,No Tear Notch,1000,1,0.97,968.81,25,726.6075,0.7266075000,UNVERIFIED,Published price-break card; 2-inch bottom gusset; freight/tax unverified.,https://flex-packaging.com/stand-up-bag/,HIGH: directly observed live display; discount user supplied
2026-10-06,Stand-up pouch,3.5 x 4.5 x 2,1 g,Silver PET,Glossy,None,Child resistant,No Tear Notch,2500,1,0.47,1171.70,25,878.7750,0.3515100000,UNVERIFIED,Published price-break card; 2-inch bottom gusset; freight/tax unverified.,https://flex-packaging.com/stand-up-bag/,HIGH: directly observed live display; discount user supplied
2026-10-06,Stand-up pouch,3.5 x 4.5 x 2,1 g,Silver PET,Glossy,None,Child resistant,No Tear Notch,5000,1,0.30,1507.12,25,1130.3400,0.2260680000,UNVERIFIED,Published price-break card; 2-inch bottom gusset; freight/tax unverified.,https://flex-packaging.com/stand-up-bag/,HIGH: directly observed live display; discount user supplied
2026-10-06,Stand-up pouch,3.5 x 4.5 x 2,1 g,Silver PET,Glossy,None,Child resistant,No Tear Notch,10000,1,0.24,2387.47,25,1790.6025,0.1790602500,UNVERIFIED,Published price-break card; 2-inch bottom gusset; freight/tax unverified.,https://flex-packaging.com/stand-up-bag/,HIGH: directly observed live display; discount user supplied
2026-10-06,Stand-up pouch,3.5 x 4.5 x 2,1 g,Silver PET,Glossy,None,Child resistant,No Tear Notch,25000,1,0.19,4747.14,25,3560.3550,0.1424142000,UNVERIFIED,Published price-break card; 2-inch bottom gusset; freight/tax unverified.,https://flex-packaging.com/stand-up-bag/,HIGH: directly observed live display; discount user supplied
2026-10-06,Stand-up pouch,3.5 x 4.5 x 2,1 g,Hologram,Soft Touch,None,Child resistant,No Tear Notch,500,1,1.85,925.51,25,694.1325,1.3882650000,UNVERIFIED,Published price-break card; 2-inch bottom gusset; freight/tax unverified.,https://flex-packaging.com/stand-up-bag/,HIGH: directly observed live display; discount user supplied
2026-10-06,Stand-up pouch,3.5 x 4.5 x 2,1 g,Hologram,Soft Touch,None,Child resistant,No Tear Notch,1000,1,1.02,1016.51,25,762.3825,0.7623825000,UNVERIFIED,Published price-break card; 2-inch bottom gusset; freight/tax unverified.,https://flex-packaging.com/stand-up-bag/,HIGH: directly observed live display; discount user supplied
2026-10-06,Stand-up pouch,3.5 x 4.5 x 2,1 g,Hologram,Soft Touch,None,Child resistant,No Tear Notch,2500,1,0.51,1264.66,25,948.4950,0.3793980000,UNVERIFIED,Published price-break card; 2-inch bottom gusset; freight/tax unverified.,https://flex-packaging.com/stand-up-bag/,HIGH: directly observed live display; discount user supplied
2026-10-06,Stand-up pouch,3.5 x 4.5 x 2,1 g,Hologram,Soft Touch,None,Child resistant,No Tear Notch,5000,1,0.34,1675.12,25,1256.3400,0.2512680000,UNVERIFIED,Published price-break card; 2-inch bottom gusset; freight/tax unverified.,https://flex-packaging.com/stand-up-bag/,HIGH: directly observed live display; discount user supplied
2026-10-06,Stand-up pouch,3.5 x 4.5 x 2,1 g,Hologram,Soft Touch,None,Child resistant,No Tear Notch,10000,1,0.28,2765.35,25,2074.0125,0.2074012500,UNVERIFIED,Published price-break card; 2-inch bottom gusset; freight/tax unverified.,https://flex-packaging.com/stand-up-bag/,HIGH: directly observed live display; discount user supplied
2026-10-06,Stand-up pouch,3.5 x 4.5 x 2,1 g,Hologram,Soft Touch,None,Child resistant,No Tear Notch,25000,1,0.23,5679.21,25,4259.4075,0.1703763000,UNVERIFIED,Published price-break card; 2-inch bottom gusset; freight/tax unverified.,https://flex-packaging.com/stand-up-bag/,HIGH: directly observed live display; discount user supplied
2026-10-06,Stand-up pouch,3.5 x 4.5 x 2,1 g,Hologram,Matte,None,Child resistant,No Tear Notch,500,1,1.85,927.07,25,695.3025,1.3906050000,UNVERIFIED,Published price-break card; 2-inch bottom gusset; freight/tax unverified.,https://flex-packaging.com/stand-up-bag/,HIGH: directly observed live display; discount user supplied
2026-10-06,Stand-up pouch,3.5 x 4.5 x 2,1 g,Hologram,Matte,None,Child resistant,No Tear Notch,1000,1,1.02,1018.93,25,764.1975,0.7641975000,UNVERIFIED,Published price-break card; 2-inch bottom gusset; freight/tax unverified.,https://flex-packaging.com/stand-up-bag/,HIGH: directly observed live display; discount user supplied
2026-10-06,Stand-up pouch,3.5 x 4.5 x 2,1 g,Hologram,Matte,None,Child resistant,No Tear Notch,2500,1,0.51,1269.38,25,952.0350,0.3808140000,UNVERIFIED,Published price-break card; 2-inch bottom gusset; freight/tax unverified.,https://flex-packaging.com/stand-up-bag/,HIGH: directly observed live display; discount user supplied
2026-10-06,Stand-up pouch,3.5 x 4.5 x 2,1 g,Hologram,Matte,None,Child resistant,No Tear Notch,5000,1,0.34,1683.65,25,1262.7375,0.2525475000,UNVERIFIED,Published price-break card; 2-inch bottom gusset; freight/tax unverified.,https://flex-packaging.com/stand-up-bag/,HIGH: directly observed live display; discount user supplied
2026-10-06,Stand-up pouch,3.5 x 4.5 x 2,1 g,Hologram,Matte,None,Child resistant,No Tear Notch,10000,1,0.28,2784.52,25,2088.3900,0.2088390000,UNVERIFIED,Published price-break card; 2-inch bottom gusset; freight/tax unverified.,https://flex-packaging.com/stand-up-bag/,HIGH: directly observed live display; discount user supplied
2026-10-06,Stand-up pouch,3.5 x 4.5 x 2,1 g,Hologram,Matte,None,Child resistant,No Tear Notch,25000,1,0.23,5726.49,25,4294.8675,0.1717947000,UNVERIFIED,Published price-break card; 2-inch bottom gusset; freight/tax unverified.,https://flex-packaging.com/stand-up-bag/,HIGH: directly observed live display; discount user supplied
2026-10-06,Stand-up pouch,3.5 x 4.5 x 2,1 g,Hologram,Glossy,None,Child resistant,No Tear Notch,500,1,1.80,902.16,25,676.6200,1.3532400000,UNVERIFIED,Published price-break card; 2-inch bottom gusset; freight/tax unverified.,https://flex-packaging.com/stand-up-bag/,HIGH: directly observed live display; discount user supplied
2026-10-06,Stand-up pouch,3.5 x 4.5 x 2,1 g,Hologram,Glossy,None,Child resistant,No Tear Notch,1000,1,0.98,980.33,25,735.2475,0.7352475000,UNVERIFIED,Published price-break card; 2-inch bottom gusset; freight/tax unverified.,https://flex-packaging.com/stand-up-bag/,HIGH: directly observed live display; discount user supplied
2026-10-06,Stand-up pouch,3.5 x 4.5 x 2,1 g,Hologram,Glossy,None,Child resistant,No Tear Notch,2500,1,0.48,1194.17,25,895.6275,0.3582510000,UNVERIFIED,Published price-break card; 2-inch bottom gusset; freight/tax unverified.,https://flex-packaging.com/stand-up-bag/,HIGH: directly observed live display; discount user supplied
2026-10-06,Stand-up pouch,3.5 x 4.5 x 2,1 g,Hologram,Glossy,None,Child resistant,No Tear Notch,5000,1,0.31,1547.72,25,1160.7900,0.2321580000,UNVERIFIED,Published price-break card; 2-inch bottom gusset; freight/tax unverified.,https://flex-packaging.com/stand-up-bag/,HIGH: directly observed live display; discount user supplied
2026-10-06,Stand-up pouch,3.5 x 4.5 x 2,1 g,Hologram,Glossy,None,Child resistant,No Tear Notch,10000,1,0.25,2478.78,25,1859.0850,0.1859085000,UNVERIFIED,Published price-break card; 2-inch bottom gusset; freight/tax unverified.,https://flex-packaging.com/stand-up-bag/,HIGH: directly observed live display; discount user supplied
2026-10-06,Stand-up pouch,3.5 x 4.5 x 2,1 g,Hologram,Glossy,None,Child resistant,No Tear Notch,25000,1,0.20,4972.37,25,3729.2775,0.1491711000,UNVERIFIED,Published price-break card; 2-inch bottom gusset; freight/tax unverified.,https://flex-packaging.com/stand-up-bag/,HIGH: directly observed live display; discount user supplied
2026-10-06,Stand-up pouch,3.5 x 4.5 x 2,1 g,Clear PET,Soft Touch,None,Child resistant,No Tear Notch,500,1,1.85,926.04,25,694.5300,1.3890600000,UNVERIFIED,Published price-break card; 2-inch bottom gusset; freight/tax unverified.,https://flex-packaging.com/stand-up-bag/,HIGH: directly observed live display; discount user supplied
2026-10-06,Stand-up pouch,3.5 x 4.5 x 2,1 g,Clear PET,Soft Touch,None,Child resistant,No Tear Notch,1000,1,1.02,1017.35,25,763.0125,0.7630125000,UNVERIFIED,Published price-break card; 2-inch bottom gusset; freight/tax unverified.,https://flex-packaging.com/stand-up-bag/,HIGH: directly observed live display; discount user supplied
2026-10-06,Stand-up pouch,3.5 x 4.5 x 2,1 g,Clear PET,Soft Touch,None,Child resistant,No Tear Notch,2500,1,0.51,1266.29,25,949.7175,0.3798870000,UNVERIFIED,Published price-break card; 2-inch bottom gusset; freight/tax unverified.,https://flex-packaging.com/stand-up-bag/,HIGH: directly observed live display; discount user supplied
2026-10-06,Stand-up pouch,3.5 x 4.5 x 2,1 g,Clear PET,Soft Touch,None,Child resistant,No Tear Notch,5000,1,0.34,1678.06,25,1258.5450,0.2517090000,UNVERIFIED,Published price-break card; 2-inch bottom gusset; freight/tax unverified.,https://flex-packaging.com/stand-up-bag/,HIGH: directly observed live display; discount user supplied
2026-10-06,Stand-up pouch,3.5 x 4.5 x 2,1 g,Clear PET,Soft Touch,None,Child resistant,No Tear Notch,10000,1,0.28,2771.96,25,2078.9700,0.2078970000,UNVERIFIED,Published price-break card; 2-inch bottom gusset; freight/tax unverified.,https://flex-packaging.com/stand-up-bag/,HIGH: directly observed live display; discount user supplied
2026-10-06,Stand-up pouch,3.5 x 4.5 x 2,1 g,Clear PET,Soft Touch,None,Child resistant,No Tear Notch,25000,1,0.23,5695.51,25,4271.6325,0.1708653000,UNVERIFIED,Published price-break card; 2-inch bottom gusset; freight/tax unverified.,https://flex-packaging.com/stand-up-bag/,HIGH: directly observed live display; discount user supplied
2026-10-06,Stand-up pouch,3.5 x 4.5 x 2,1 g,Clear PET,Matte,None,Child resistant,No Tear Notch,500,1,1.86,927.61,25,695.7075,1.3914150000,UNVERIFIED,Published price-break card; 2-inch bottom gusset; freight/tax unverified.,https://flex-packaging.com/stand-up-bag/,HIGH: directly observed live display; discount user supplied
2026-10-06,Stand-up pouch,3.5 x 4.5 x 2,1 g,Clear PET,Matte,None,Child resistant,No Tear Notch,1000,1,1.02,1019.77,25,764.8275,0.7648275000,UNVERIFIED,Published price-break card; 2-inch bottom gusset; freight/tax unverified.,https://flex-packaging.com/stand-up-bag/,HIGH: directly observed live display; discount user supplied
2026-10-06,Stand-up pouch,3.5 x 4.5 x 2,1 g,Clear PET,Matte,None,Child resistant,No Tear Notch,2500,1,0.51,1271.00,25,953.2500,0.3813000000,UNVERIFIED,Published price-break card; 2-inch bottom gusset; freight/tax unverified.,https://flex-packaging.com/stand-up-bag/,HIGH: directly observed live display; discount user supplied
2026-10-06,Stand-up pouch,3.5 x 4.5 x 2,1 g,Clear PET,Matte,None,Child resistant,No Tear Notch,5000,1,0.34,1686.58,25,1264.9350,0.2529870000,UNVERIFIED,Published price-break card; 2-inch bottom gusset; freight/tax unverified.,https://flex-packaging.com/stand-up-bag/,HIGH: directly observed live display; discount user supplied
2026-10-06,Stand-up pouch,3.5 x 4.5 x 2,1 g,Clear PET,Matte,None,Child resistant,No Tear Notch,10000,1,0.28,2791.12,25,2093.3400,0.2093340000,UNVERIFIED,Published price-break card; 2-inch bottom gusset; freight/tax unverified.,https://flex-packaging.com/stand-up-bag/,HIGH: directly observed live display; discount user supplied
2026-10-06,Stand-up pouch,3.5 x 4.5 x 2,1 g,Clear PET,Matte,None,Child resistant,No Tear Notch,25000,1,0.23,5742.79,25,4307.0925,0.1722837000,UNVERIFIED,Published price-break card; 2-inch bottom gusset; freight/tax unverified.,https://flex-packaging.com/stand-up-bag/,HIGH: directly observed live display; discount user supplied
2026-10-06,Stand-up pouch,3.5 x 4.5 x 2,1 g,Clear PET,Glossy,None,Child resistant,No Tear Notch,500,1,1.81,902.70,25,677.0250,1.3540500000,UNVERIFIED,Published price-break card; 2-inch bottom gusset; freight/tax unverified.,https://flex-packaging.com/stand-up-bag/,HIGH: directly observed live display; discount user supplied
2026-10-06,Stand-up pouch,3.5 x 4.5 x 2,1 g,Clear PET,Glossy,None,Child resistant,No Tear Notch,1000,1,0.98,981.17,25,735.8775,0.7358775000,UNVERIFIED,Published price-break card; 2-inch bottom gusset; freight/tax unverified.,https://flex-packaging.com/stand-up-bag/,HIGH: directly observed live display; discount user supplied
2026-10-06,Stand-up pouch,3.5 x 4.5 x 2,1 g,Clear PET,Glossy,None,Child resistant,No Tear Notch,2500,1,0.48,1195.79,25,896.8425,0.3587370000,UNVERIFIED,Published price-break card; 2-inch bottom gusset; freight/tax unverified.,https://flex-packaging.com/stand-up-bag/,HIGH: directly observed live display; discount user supplied
2026-10-06,Stand-up pouch,3.5 x 4.5 x 2,1 g,Clear PET,Glossy,None,Child resistant,No Tear Notch,5000,1,0.31,1550.65,25,1162.9875,0.2325975000,UNVERIFIED,Published price-break card; 2-inch bottom gusset; freight/tax unverified.,https://flex-packaging.com/stand-up-bag/,HIGH: directly observed live display; discount user supplied
2026-10-06,Stand-up pouch,3.5 x 4.5 x 2,1 g,Clear PET,Glossy,None,Child resistant,No Tear Notch,10000,1,0.25,2485.39,25,1864.0425,0.1864042500,UNVERIFIED,Published price-break card; 2-inch bottom gusset; freight/tax unverified.,https://flex-packaging.com/stand-up-bag/,HIGH: directly observed live display; discount user supplied
2026-10-06,Stand-up pouch,3.5 x 4.5 x 2,1 g,Clear PET,Glossy,None,Child resistant,No Tear Notch,25000,1,0.20,4988.66,25,3741.4950,0.1496598000,UNVERIFIED,Published price-break card; 2-inch bottom gusset; freight/tax unverified.,https://flex-packaging.com/stand-up-bag/,HIGH: directly observed live display; discount user supplied
2026-10-06,Stand-up pouch,4 x 5 x 2,3.5 g,White PET,Soft Touch,None,Child resistant,No Tear Notch,500,1,1.86,929.80,25,697.3500,1.3947000000,UNVERIFIED,Published price-break card; 2-inch bottom gusset; freight/tax unverified.,https://flex-packaging.com/stand-up-bag/,HIGH: directly observed live display; discount user supplied
2026-10-06,Stand-up pouch,4 x 5 x 2,3.5 g,White PET,Soft Touch,None,Child resistant,No Tear Notch,1000,1,1.02,1023.15,25,767.3625,0.7673625000,UNVERIFIED,Published price-break card; 2-inch bottom gusset; freight/tax unverified.,https://flex-packaging.com/stand-up-bag/,HIGH: directly observed live display; discount user supplied
2026-10-06,Stand-up pouch,4 x 5 x 2,3.5 g,White PET,Soft Touch,None,Child resistant,No Tear Notch,2500,1,0.51,1277.60,25,958.2000,0.3832800000,UNVERIFIED,Published price-break card; 2-inch bottom gusset; freight/tax unverified.,https://flex-packaging.com/stand-up-bag/,HIGH: directly observed live display; discount user supplied
2026-10-06,Stand-up pouch,4 x 5 x 2,3.5 g,White PET,Soft Touch,None,Child resistant,No Tear Notch,5000,1,0.34,1698.62,25,1273.9650,0.2547930000,UNVERIFIED,Published price-break card; 2-inch bottom gusset; freight/tax unverified.,https://flex-packaging.com/stand-up-bag/,HIGH: directly observed live display; discount user supplied
2026-10-06,Stand-up pouch,4 x 5 x 2,3.5 g,White PET,Soft Touch,None,Child resistant,No Tear Notch,10000,1,0.28,2817.14,25,2112.8550,0.2112855000,UNVERIFIED,Published price-break card; 2-inch bottom gusset; freight/tax unverified.,https://flex-packaging.com/stand-up-bag/,HIGH: directly observed live display; discount user supplied
2026-10-06,Stand-up pouch,4 x 5 x 2,3.5 g,White PET,Soft Touch,None,Child resistant,No Tear Notch,25000,1,0.23,5822.90,25,4367.1750,0.1746870000,UNVERIFIED,Published price-break card; 2-inch bottom gusset; freight/tax unverified.,https://flex-packaging.com/stand-up-bag/,HIGH: directly observed live display; discount user supplied
2026-10-06,Stand-up pouch,4 x 5 x 2,3.5 g,White PET,Matte,None,Child resistant,No Tear Notch,500,1,1.86,931.57,25,698.6775,1.3973550000,UNVERIFIED,Published price-break card; 2-inch bottom gusset; freight/tax unverified.,https://flex-packaging.com/stand-up-bag/,HIGH: directly observed live display; discount user supplied
2026-10-06,Stand-up pouch,4 x 5 x 2,3.5 g,White PET,Matte,None,Child resistant,No Tear Notch,1000,1,1.03,1025.89,25,769.4175,0.7694175000,UNVERIFIED,Published price-break card; 2-inch bottom gusset; freight/tax unverified.,https://flex-packaging.com/stand-up-bag/,HIGH: directly observed live display; discount user supplied
2026-10-06,Stand-up pouch,4 x 5 x 2,3.5 g,White PET,Matte,None,Child resistant,No Tear Notch,2500,1,0.51,1282.94,25,962.2050,0.3848820000,UNVERIFIED,Published price-break card; 2-inch bottom gusset; freight/tax unverified.,https://flex-packaging.com/stand-up-bag/,HIGH: directly observed live display; discount user supplied
2026-10-06,Stand-up pouch,4 x 5 x 2,3.5 g,White PET,Matte,None,Child resistant,No Tear Notch,5000,1,0.34,1708.28,25,1281.2100,0.2562420000,UNVERIFIED,Published price-break card; 2-inch bottom gusset; freight/tax unverified.,https://flex-packaging.com/stand-up-bag/,HIGH: directly observed live display; discount user supplied
2026-10-06,Stand-up pouch,4 x 5 x 2,3.5 g,White PET,Matte,None,Child resistant,No Tear Notch,10000,1,0.28,2838.86,25,2129.1450,0.2129145000,UNVERIFIED,Published price-break card; 2-inch bottom gusset; freight/tax unverified.,https://flex-packaging.com/stand-up-bag/,HIGH: directly observed live display; discount user supplied
2026-10-06,Stand-up pouch,4 x 5 x 2,3.5 g,White PET,Matte,None,Child resistant,No Tear Notch,25000,1,0.24,5876.66,25,4407.4950,0.1762998000,UNVERIFIED,Published price-break card; 2-inch bottom gusset; freight/tax unverified.,https://flex-packaging.com/stand-up-bag/,HIGH: directly observed live display; discount user supplied
2026-10-06,Stand-up pouch,4 x 5 x 2,3.5 g,White PET,Glossy,None,Child resistant,No Tear Notch,500,1,1.81,903.35,25,677.5125,1.3550250000,UNVERIFIED,Published price-break card; 2-inch bottom gusset; freight/tax unverified.,https://flex-packaging.com/stand-up-bag/,HIGH: directly observed live display; discount user supplied
2026-10-06,Stand-up pouch,4 x 5 x 2,3.5 g,White PET,Glossy,None,Child resistant,No Tear Notch,1000,1,0.98,982.15,25,736.6125,0.7366125000,UNVERIFIED,Published price-break card; 2-inch bottom gusset; freight/tax unverified.,https://flex-packaging.com/stand-up-bag/,HIGH: directly observed live display; discount user supplied
2026-10-06,Stand-up pouch,4 x 5 x 2,3.5 g,White PET,Glossy,None,Child resistant,No Tear Notch,2500,1,0.48,1197.71,25,898.2825,0.3593130000,UNVERIFIED,Published price-break card; 2-inch bottom gusset; freight/tax unverified.,https://flex-packaging.com/stand-up-bag/,HIGH: directly observed live display; discount user supplied
2026-10-06,Stand-up pouch,4 x 5 x 2,3.5 g,White PET,Glossy,None,Child resistant,No Tear Notch,5000,1,0.31,1554.24,25,1165.6800,0.2331360000,UNVERIFIED,Published price-break card; 2-inch bottom gusset; freight/tax unverified.,https://flex-packaging.com/stand-up-bag/,HIGH: directly observed live display; discount user supplied
2026-10-06,Stand-up pouch,4 x 5 x 2,3.5 g,White PET,Glossy,None,Child resistant,No Tear Notch,10000,1,0.25,2492.39,25,1869.2925,0.1869292500,UNVERIFIED,Published price-break card; 2-inch bottom gusset; freight/tax unverified.,https://flex-packaging.com/stand-up-bag/,HIGH: directly observed live display; discount user supplied
2026-10-06,Stand-up pouch,4 x 5 x 2,3.5 g,White PET,Glossy,None,Child resistant,No Tear Notch,25000,1,0.20,5019.27,25,3764.4525,0.1505781000,UNVERIFIED,Typed quantity test; see rules for input/button inconsistencies.,https://flex-packaging.com/stand-up-bag/,HIGH: directly observed live display; discount user supplied
2026-10-06,Stand-up pouch,4 x 5 x 2,3.5 g,Silver PET,Soft Touch,None,Child resistant,No Tear Notch,500,1,1.87,935.25,25,701.4375,1.4028750000,UNVERIFIED,Published price-break card; 2-inch bottom gusset; freight/tax unverified.,https://flex-packaging.com/stand-up-bag/,HIGH: directly observed live display; discount user supplied
2026-10-06,Stand-up pouch,4 x 5 x 2,3.5 g,Silver PET,Soft Touch,None,Child resistant,No Tear Notch,1000,1,1.03,1031.59,25,773.6925,0.7736925000,UNVERIFIED,Published price-break card; 2-inch bottom gusset; freight/tax unverified.,https://flex-packaging.com/stand-up-bag/,HIGH: directly observed live display; discount user supplied
2026-10-06,Stand-up pouch,4 x 5 x 2,3.5 g,Silver PET,Soft Touch,None,Child resistant,No Tear Notch,2500,1,0.52,1294.06,25,970.5450,0.3882180000,UNVERIFIED,Published price-break card; 2-inch bottom gusset; freight/tax unverified.,https://flex-packaging.com/stand-up-bag/,HIGH: directly observed live display; discount user supplied
2026-10-06,Stand-up pouch,4 x 5 x 2,3.5 g,Silver PET,Soft Touch,None,Child resistant,No Tear Notch,5000,1,0.35,1728.37,25,1296.2775,0.2592555000,UNVERIFIED,Published price-break card; 2-inch bottom gusset; freight/tax unverified.,https://flex-packaging.com/stand-up-bag/,HIGH: directly observed live display; discount user supplied
2026-10-06,Stand-up pouch,4 x 5 x 2,3.5 g,Silver PET,Soft Touch,None,Child resistant,No Tear Notch,10000,1,0.29,2884.04,25,2163.0300,0.2163030000,UNVERIFIED,Published price-break card; 2-inch bottom gusset; freight/tax unverified.,https://flex-packaging.com/stand-up-bag/,HIGH: directly observed live display; discount user supplied
2026-10-06,Stand-up pouch,4 x 5 x 2,3.5 g,Silver PET,Soft Touch,None,Child resistant,No Tear Notch,25000,1,0.24,5988.47,25,4491.3525,0.1796541000,UNVERIFIED,Published price-break card; 2-inch bottom gusset; freight/tax unverified.,https://flex-packaging.com/stand-up-bag/,HIGH: directly observed live display; discount user supplied
2026-10-06,Stand-up pouch,4 x 5 x 2,3.5 g,Silver PET,Matte,None,Child resistant,No Tear Notch,500,1,1.87,937.02,25,702.7650,1.4055300000,UNVERIFIED,Published price-break card; 2-inch bottom gusset; freight/tax unverified.,https://flex-packaging.com/stand-up-bag/,HIGH: directly observed live display; discount user supplied
2026-10-06,Stand-up pouch,4 x 5 x 2,3.5 g,Silver PET,Matte,None,Child resistant,No Tear Notch,1000,1,1.03,1034.34,25,775.7550,0.7757550000,UNVERIFIED,Published price-break card; 2-inch bottom gusset; freight/tax unverified.,https://flex-packaging.com/stand-up-bag/,HIGH: directly observed live display; discount user supplied
2026-10-06,Stand-up pouch,4 x 5 x 2,3.5 g,Silver PET,Matte,None,Child resistant,No Tear Notch,2500,1,0.52,1299.40,25,974.5500,0.3898200000,UNVERIFIED,Published price-break card; 2-inch bottom gusset; freight/tax unverified.,https://flex-packaging.com/stand-up-bag/,HIGH: directly observed live display; discount user supplied
2026-10-06,Stand-up pouch,4 x 5 x 2,3.5 g,Silver PET,Matte,None,Child resistant,No Tear Notch,5000,1,0.35,1738.03,25,1303.5225,0.2607045000,UNVERIFIED,Published price-break card; 2-inch bottom gusset; freight/tax unverified.,https://flex-packaging.com/stand-up-bag/,HIGH: directly observed live display; discount user supplied
2026-10-06,Stand-up pouch,4 x 5 x 2,3.5 g,Silver PET,Matte,None,Child resistant,No Tear Notch,10000,1,0.29,2905.76,25,2179.3200,0.2179320000,UNVERIFIED,Published price-break card; 2-inch bottom gusset; freight/tax unverified.,https://flex-packaging.com/stand-up-bag/,HIGH: directly observed live display; discount user supplied
2026-10-06,Stand-up pouch,4 x 5 x 2,3.5 g,Silver PET,Matte,None,Child resistant,No Tear Notch,25000,1,0.24,6042.22,25,4531.6650,0.1812666000,UNVERIFIED,Published price-break card; 2-inch bottom gusset; freight/tax unverified.,https://flex-packaging.com/stand-up-bag/,HIGH: directly observed live display; discount user supplied
2026-10-06,Stand-up pouch,4 x 5 x 2,3.5 g,Silver PET,Glossy,None,Child resistant,No Tear Notch,500,1,1.82,908.80,25,681.6000,1.3632000000,UNVERIFIED,Published price-break card; 2-inch bottom gusset; freight/tax unverified.,https://flex-packaging.com/stand-up-bag/,HIGH: directly observed live display; discount user supplied
2026-10-06,Stand-up pouch,4 x 5 x 2,3.5 g,Silver PET,Glossy,None,Child resistant,No Tear Notch,1000,1,0.99,990.59,25,742.9425,0.7429425000,UNVERIFIED,Published price-break card; 2-inch bottom gusset; freight/tax unverified.,https://flex-packaging.com/stand-up-bag/,HIGH: directly observed live display; discount user supplied
2026-10-06,Stand-up pouch,4 x 5 x 2,3.5 g,Silver PET,Glossy,None,Child resistant,No Tear Notch,2500,1,0.49,1214.17,25,910.6275,0.3642510000,UNVERIFIED,Published price-break card; 2-inch bottom gusset; freight/tax unverified.,https://flex-packaging.com/stand-up-bag/,HIGH: directly observed live display; discount user supplied
2026-10-06,Stand-up pouch,4 x 5 x 2,3.5 g,Silver PET,Glossy,None,Child resistant,No Tear Notch,5000,1,0.32,1583.99,25,1187.9925,0.2375985000,UNVERIFIED,Published price-break card; 2-inch bottom gusset; freight/tax unverified.,https://flex-packaging.com/stand-up-bag/,HIGH: directly observed live display; discount user supplied
2026-10-06,Stand-up pouch,4 x 5 x 2,3.5 g,Silver PET,Glossy,None,Child resistant,No Tear Notch,10000,1,0.26,2559.30,25,1919.4750,0.1919475000,UNVERIFIED,Published price-break card; 2-inch bottom gusset; freight/tax unverified.,https://flex-packaging.com/stand-up-bag/,HIGH: directly observed live display; discount user supplied
2026-10-06,Stand-up pouch,4 x 5 x 2,3.5 g,Silver PET,Glossy,None,Child resistant,No Tear Notch,25000,1,0.21,5184.84,25,3888.6300,0.1555452000,UNVERIFIED,Published price-break card; 2-inch bottom gusset; freight/tax unverified.,https://flex-packaging.com/stand-up-bag/,HIGH: directly observed live display; discount user supplied
2026-10-06,Stand-up pouch,4 x 5 x 2,3.5 g,Hologram,Soft Touch,None,Child resistant,No Tear Notch,500,1,1.89,943.68,25,707.7600,1.4155200000,UNVERIFIED,Published price-break card; 2-inch bottom gusset; freight/tax unverified.,https://flex-packaging.com/stand-up-bag/,HIGH: directly observed live display; discount user supplied
2026-10-06,Stand-up pouch,4 x 5 x 2,3.5 g,Hologram,Soft Touch,None,Child resistant,No Tear Notch,1000,1,1.04,1044.66,25,783.4950,0.7834950000,UNVERIFIED,Published price-break card; 2-inch bottom gusset; freight/tax unverified.,https://flex-packaging.com/stand-up-bag/,HIGH: directly observed live display; discount user supplied
2026-10-06,Stand-up pouch,4 x 5 x 2,3.5 g,Hologram,Soft Touch,None,Child resistant,No Tear Notch,2500,1,0.53,1319.51,25,989.6325,0.3958530000,UNVERIFIED,Published price-break card; 2-inch bottom gusset; freight/tax unverified.,https://flex-packaging.com/stand-up-bag/,HIGH: directly observed live display; discount user supplied
2026-10-06,Stand-up pouch,4 x 5 x 2,3.5 g,Hologram,Soft Touch,None,Child resistant,No Tear Notch,5000,1,0.35,1774.37,25,1330.7775,0.2661555000,UNVERIFIED,Published price-break card; 2-inch bottom gusset; freight/tax unverified.,https://flex-packaging.com/stand-up-bag/,HIGH: directly observed live display; discount user supplied
2026-10-06,Stand-up pouch,4 x 5 x 2,3.5 g,Hologram,Soft Touch,None,Child resistant,No Tear Notch,10000,1,0.30,2987.51,25,2240.6325,0.2240632500,UNVERIFIED,Published price-break card; 2-inch bottom gusset; freight/tax unverified.,https://flex-packaging.com/stand-up-bag/,HIGH: directly observed live display; discount user supplied
2026-10-06,Stand-up pouch,4 x 5 x 2,3.5 g,Hologram,Soft Touch,None,Child resistant,No Tear Notch,25000,1,0.25,6244.53,25,4683.3975,0.1873359000,UNVERIFIED,Published price-break card; 2-inch bottom gusset; freight/tax unverified.,https://flex-packaging.com/stand-up-bag/,HIGH: directly observed live display; discount user supplied
2026-10-06,Stand-up pouch,4 x 5 x 2,3.5 g,Hologram,Matte,None,Child resistant,No Tear Notch,500,1,1.89,945.45,25,709.0875,1.4181750000,UNVERIFIED,Published price-break card; 2-inch bottom gusset; freight/tax unverified.,https://flex-packaging.com/stand-up-bag/,HIGH: directly observed live display; discount user supplied
2026-10-06,Stand-up pouch,4 x 5 x 2,3.5 g,Hologram,Matte,None,Child resistant,No Tear Notch,1000,1,1.05,1047.40,25,785.5500,0.7855500000,UNVERIFIED,Published price-break card; 2-inch bottom gusset; freight/tax unverified.,https://flex-packaging.com/stand-up-bag/,HIGH: directly observed live display; discount user supplied
2026-10-06,Stand-up pouch,4 x 5 x 2,3.5 g,Hologram,Matte,None,Child resistant,No Tear Notch,2500,1,0.53,1324.85,25,993.6375,0.3974550000,UNVERIFIED,Published price-break card; 2-inch bottom gusset; freight/tax unverified.,https://flex-packaging.com/stand-up-bag/,HIGH: directly observed live display; discount user supplied
2026-10-06,Stand-up pouch,4 x 5 x 2,3.5 g,Hologram,Matte,None,Child resistant,No Tear Notch,5000,1,0.36,1784.03,25,1338.0225,0.2676045000,UNVERIFIED,Published price-break card; 2-inch bottom gusset; freight/tax unverified.,https://flex-packaging.com/stand-up-bag/,HIGH: directly observed live display; discount user supplied
2026-10-06,Stand-up pouch,4 x 5 x 2,3.5 g,Hologram,Matte,None,Child resistant,No Tear Notch,10000,1,0.30,3009.23,25,2256.9225,0.2256922500,UNVERIFIED,Published price-break card; 2-inch bottom gusset; freight/tax unverified.,https://flex-packaging.com/stand-up-bag/,HIGH: directly observed live display; discount user supplied
2026-10-06,Stand-up pouch,4 x 5 x 2,3.5 g,Hologram,Matte,None,Child resistant,No Tear Notch,25000,1,0.25,6298.28,25,4723.7100,0.1889484000,UNVERIFIED,Published price-break card; 2-inch bottom gusset; freight/tax unverified.,https://flex-packaging.com/stand-up-bag/,HIGH: directly observed live display; discount user supplied
2026-10-06,Stand-up pouch,4 x 5 x 2,3.5 g,Hologram,Glossy,None,Child resistant,No Tear Notch,500,1,1.83,917.23,25,687.9225,1.3758450000,UNVERIFIED,Published price-break card; 2-inch bottom gusset; freight/tax unverified.,https://flex-packaging.com/stand-up-bag/,HIGH: directly observed live display; discount user supplied
2026-10-06,Stand-up pouch,4 x 5 x 2,3.5 g,Hologram,Glossy,None,Child resistant,No Tear Notch,1000,1,1.00,1003.66,25,752.7450,0.7527450000,UNVERIFIED,Published price-break card; 2-inch bottom gusset; freight/tax unverified.,https://flex-packaging.com/stand-up-bag/,HIGH: directly observed live display; discount user supplied
2026-10-06,Stand-up pouch,4 x 5 x 2,3.5 g,Hologram,Glossy,None,Child resistant,No Tear Notch,2500,1,0.50,1239.62,25,929.7150,0.3718860000,UNVERIFIED,Published price-break card; 2-inch bottom gusset; freight/tax unverified.,https://flex-packaging.com/stand-up-bag/,HIGH: directly observed live display; discount user supplied
2026-10-06,Stand-up pouch,4 x 5 x 2,3.5 g,Hologram,Glossy,None,Child resistant,No Tear Notch,5000,1,0.33,1629.99,25,1222.4925,0.2444985000,UNVERIFIED,Published price-break card; 2-inch bottom gusset; freight/tax unverified.,https://flex-packaging.com/stand-up-bag/,HIGH: directly observed live display; discount user supplied
2026-10-06,Stand-up pouch,4 x 5 x 2,3.5 g,Hologram,Glossy,None,Child resistant,No Tear Notch,10000,1,0.27,2662.77,25,1997.0775,0.1997077500,UNVERIFIED,Published price-break card; 2-inch bottom gusset; freight/tax unverified.,https://flex-packaging.com/stand-up-bag/,HIGH: directly observed live display; discount user supplied
2026-10-06,Stand-up pouch,4 x 5 x 2,3.5 g,Hologram,Glossy,None,Child resistant,No Tear Notch,25000,1,0.22,5440.90,25,4080.6750,0.1632270000,UNVERIFIED,Published price-break card; 2-inch bottom gusset; freight/tax unverified.,https://flex-packaging.com/stand-up-bag/,HIGH: directly observed live display; discount user supplied
2026-10-06,Stand-up pouch,4 x 5 x 2,3.5 g,Clear PET,Soft Touch,None,Child resistant,No Tear Notch,500,1,1.89,944.11,25,708.0825,1.4161650000,UNVERIFIED,Published price-break card; 2-inch bottom gusset; freight/tax unverified.,https://flex-packaging.com/stand-up-bag/,HIGH: directly observed live display; discount user supplied
2026-10-06,Stand-up pouch,4 x 5 x 2,3.5 g,Clear PET,Soft Touch,None,Child resistant,No Tear Notch,1000,1,1.05,1045.33,25,783.9975,0.7839975000,UNVERIFIED,Published price-break card; 2-inch bottom gusset; freight/tax unverified.,https://flex-packaging.com/stand-up-bag/,HIGH: directly observed live display; discount user supplied
2026-10-06,Stand-up pouch,4 x 5 x 2,3.5 g,Clear PET,Soft Touch,None,Child resistant,No Tear Notch,2500,1,0.53,1320.82,25,990.6150,0.3962460000,UNVERIFIED,Published price-break card; 2-inch bottom gusset; freight/tax unverified.,https://flex-packaging.com/stand-up-bag/,HIGH: directly observed live display; discount user supplied
2026-10-06,Stand-up pouch,4 x 5 x 2,3.5 g,Clear PET,Soft Touch,None,Child resistant,No Tear Notch,5000,1,0.36,1776.74,25,1332.5550,0.2665110000,UNVERIFIED,Published price-break card; 2-inch bottom gusset; freight/tax unverified.,https://flex-packaging.com/stand-up-bag/,HIGH: directly observed live display; discount user supplied
2026-10-06,Stand-up pouch,4 x 5 x 2,3.5 g,Clear PET,Soft Touch,None,Child resistant,No Tear Notch,10000,1,0.30,2992.83,25,2244.6225,0.2244622500,UNVERIFIED,Published price-break card; 2-inch bottom gusset; freight/tax unverified.,https://flex-packaging.com/stand-up-bag/,HIGH: directly observed live display; discount user supplied
2026-10-06,Stand-up pouch,4 x 5 x 2,3.5 g,Clear PET,Soft Touch,None,Child resistant,No Tear Notch,25000,1,0.25,6257.70,25,4693.2750,0.1877310000,UNVERIFIED,Published price-break card; 2-inch bottom gusset; freight/tax unverified.,https://flex-packaging.com/stand-up-bag/,HIGH: directly observed live display; discount user supplied
2026-10-06,Stand-up pouch,4 x 5 x 2,3.5 g,Clear PET,Matte,None,Child resistant,No Tear Notch,500,1,1.89,945.88,25,709.4100,1.4188200000,UNVERIFIED,Published price-break card; 2-inch bottom gusset; freight/tax unverified.,https://flex-packaging.com/stand-up-bag/,HIGH: directly observed live display; discount user supplied
2026-10-06,Stand-up pouch,4 x 5 x 2,3.5 g,Clear PET,Matte,None,Child resistant,No Tear Notch,1000,1,1.05,1048.07,25,786.0525,0.7860525000,UNVERIFIED,Published price-break card; 2-inch bottom gusset; freight/tax unverified.,https://flex-packaging.com/stand-up-bag/,HIGH: directly observed live display; discount user supplied
2026-10-06,Stand-up pouch,4 x 5 x 2,3.5 g,Clear PET,Matte,None,Child resistant,No Tear Notch,2500,1,0.53,1326.16,25,994.6200,0.3978480000,UNVERIFIED,Published price-break card; 2-inch bottom gusset; freight/tax unverified.,https://flex-packaging.com/stand-up-bag/,HIGH: directly observed live display; discount user supplied
2026-10-06,Stand-up pouch,4 x 5 x 2,3.5 g,Clear PET,Matte,None,Child resistant,No Tear Notch,5000,1,0.36,1786.40,25,1339.8000,0.2679600000,UNVERIFIED,Published price-break card; 2-inch bottom gusset; freight/tax unverified.,https://flex-packaging.com/stand-up-bag/,HIGH: directly observed live display; discount user supplied
2026-10-06,Stand-up pouch,4 x 5 x 2,3.5 g,Clear PET,Matte,None,Child resistant,No Tear Notch,10000,1,0.30,3014.55,25,2260.9125,0.2260912500,UNVERIFIED,Published price-break card; 2-inch bottom gusset; freight/tax unverified.,https://flex-packaging.com/stand-up-bag/,HIGH: directly observed live display; discount user supplied
2026-10-06,Stand-up pouch,4 x 5 x 2,3.5 g,Clear PET,Matte,None,Child resistant,No Tear Notch,25000,1,0.25,6311.45,25,4733.5875,0.1893435000,UNVERIFIED,Published price-break card; 2-inch bottom gusset; freight/tax unverified.,https://flex-packaging.com/stand-up-bag/,HIGH: directly observed live display; discount user supplied
2026-10-06,Stand-up pouch,4 x 5 x 2,3.5 g,Clear PET,Glossy,None,Child resistant,No Tear Notch,500,1,1.84,917.66,25,688.2450,1.3764900000,UNVERIFIED,Published price-break card; 2-inch bottom gusset; freight/tax unverified.,https://flex-packaging.com/stand-up-bag/,HIGH: directly observed live display; discount user supplied
2026-10-06,Stand-up pouch,4 x 5 x 2,3.5 g,Clear PET,Glossy,None,Child resistant,No Tear Notch,1000,1,1.00,1004.33,25,753.2475,0.7532475000,UNVERIFIED,Published price-break card; 2-inch bottom gusset; freight/tax unverified.,https://flex-packaging.com/stand-up-bag/,HIGH: directly observed live display; discount user supplied
2026-10-06,Stand-up pouch,4 x 5 x 2,3.5 g,Clear PET,Glossy,None,Child resistant,No Tear Notch,2500,1,0.50,1240.93,25,930.6975,0.3722790000,UNVERIFIED,Published price-break card; 2-inch bottom gusset; freight/tax unverified.,https://flex-packaging.com/stand-up-bag/,HIGH: directly observed live display; discount user supplied
2026-10-06,Stand-up pouch,4 x 5 x 2,3.5 g,Clear PET,Glossy,None,Child resistant,No Tear Notch,5000,1,0.33,1632.36,25,1224.2700,0.2448540000,UNVERIFIED,Published price-break card; 2-inch bottom gusset; freight/tax unverified.,https://flex-packaging.com/stand-up-bag/,HIGH: directly observed live display; discount user supplied
2026-10-06,Stand-up pouch,4 x 5 x 2,3.5 g,Clear PET,Glossy,None,Child resistant,No Tear Notch,10000,1,0.27,2668.09,25,2001.0675,0.2001067500,UNVERIFIED,Published price-break card; 2-inch bottom gusset; freight/tax unverified.,https://flex-packaging.com/stand-up-bag/,HIGH: directly observed live display; discount user supplied
2026-10-06,Stand-up pouch,4 x 5 x 2,3.5 g,Clear PET,Glossy,None,Child resistant,No Tear Notch,25000,1,0.22,5454.06,25,4090.5450,0.1636218000,UNVERIFIED,Published price-break card; 2-inch bottom gusset; freight/tax unverified.,https://flex-packaging.com/stand-up-bag/,HIGH: directly observed live display; discount user supplied
2026-10-06,Stand-up pouch,5 x 5 x 2,7 g,White PET,Soft Touch,None,Child resistant,No Tear Notch,500,1,1.93,966.13,25,724.5975,1.4491950000,UNVERIFIED,Published price-break card; 2-inch bottom gusset; freight/tax unverified.,https://flex-packaging.com/stand-up-bag/,HIGH: directly observed live display; discount user supplied
2026-10-06,Stand-up pouch,5 x 5 x 2,7 g,White PET,Soft Touch,None,Child resistant,No Tear Notch,1000,1,1.08,1079.50,25,809.6250,0.8096250000,UNVERIFIED,Published price-break card; 2-inch bottom gusset; freight/tax unverified.,https://flex-packaging.com/stand-up-bag/,HIGH: directly observed live display; discount user supplied
2026-10-06,Stand-up pouch,5 x 5 x 2,7 g,White PET,Soft Touch,None,Child resistant,No Tear Notch,2500,1,0.56,1387.62,25,1040.7150,0.4162860000,UNVERIFIED,Published price-break card; 2-inch bottom gusset; freight/tax unverified.,https://flex-packaging.com/stand-up-bag/,HIGH: directly observed live display; discount user supplied
2026-10-06,Stand-up pouch,5 x 5 x 2,7 g,White PET,Soft Touch,None,Child resistant,No Tear Notch,5000,1,0.38,1897.54,25,1423.1550,0.2846310000,UNVERIFIED,Published price-break card; 2-inch bottom gusset; freight/tax unverified.,https://flex-packaging.com/stand-up-bag/,HIGH: directly observed live display; discount user supplied
2026-10-06,Stand-up pouch,5 x 5 x 2,7 g,White PET,Soft Touch,None,Child resistant,No Tear Notch,10000,1,0.33,3262.45,25,2446.8375,0.2446837500,UNVERIFIED,Published price-break card; 2-inch bottom gusset; freight/tax unverified.,https://flex-packaging.com/stand-up-bag/,HIGH: directly observed live display; discount user supplied
2026-10-06,Stand-up pouch,5 x 5 x 2,7 g,White PET,Soft Touch,None,Child resistant,No Tear Notch,25000,1,0.28,6923.87,25,5192.9025,0.2077161000,UNVERIFIED,Published price-break card; 2-inch bottom gusset; freight/tax unverified.,https://flex-packaging.com/stand-up-bag/,HIGH: directly observed live display; discount user supplied
2026-10-06,Stand-up pouch,5 x 5 x 2,7 g,White PET,Matte,None,Child resistant,No Tear Notch,500,1,1.94,968.32,25,726.2400,1.4524800000,UNVERIFIED,Published price-break card; 2-inch bottom gusset; freight/tax unverified.,https://flex-packaging.com/stand-up-bag/,HIGH: directly observed live display; discount user supplied
2026-10-06,Stand-up pouch,5 x 5 x 2,7 g,White PET,Matte,None,Child resistant,No Tear Notch,1000,1,1.08,1082.88,25,812.1600,0.8121600000,UNVERIFIED,Published price-break card; 2-inch bottom gusset; freight/tax unverified.,https://flex-packaging.com/stand-up-bag/,HIGH: directly observed live display; discount user supplied
2026-10-06,Stand-up pouch,5 x 5 x 2,7 g,White PET,Matte,None,Child resistant,No Tear Notch,2500,1,0.56,1394.22,25,1045.6650,0.4182660000,UNVERIFIED,Published price-break card; 2-inch bottom gusset; freight/tax unverified.,https://flex-packaging.com/stand-up-bag/,HIGH: directly observed live display; discount user supplied
2026-10-06,Stand-up pouch,5 x 5 x 2,7 g,White PET,Matte,None,Child resistant,No Tear Notch,5000,1,0.38,1909.47,25,1432.1025,0.2864205000,UNVERIFIED,Published price-break card; 2-inch bottom gusset; freight/tax unverified.,https://flex-packaging.com/stand-up-bag/,HIGH: directly observed live display; discount user supplied
2026-10-06,Stand-up pouch,5 x 5 x 2,7 g,White PET,Matte,None,Child resistant,No Tear Notch,10000,1,0.33,3289.28,25,2466.9600,0.2466960000,UNVERIFIED,Published price-break card; 2-inch bottom gusset; freight/tax unverified.,https://flex-packaging.com/stand-up-bag/,HIGH: directly observed live display; discount user supplied
2026-10-06,Stand-up pouch,5 x 5 x 2,7 g,White PET,Matte,None,Child resistant,No Tear Notch,25000,1,0.28,6990.26,25,5242.6950,0.2097078000,UNVERIFIED,Published price-break card; 2-inch bottom gusset; freight/tax unverified.,https://flex-packaging.com/stand-up-bag/,HIGH: directly observed live display; discount user supplied
2026-10-06,Stand-up pouch,5 x 5 x 2,7 g,White PET,Glossy,None,Child resistant,No Tear Notch,500,1,1.87,933.46,25,700.0950,1.4001900000,UNVERIFIED,Published price-break card; 2-inch bottom gusset; freight/tax unverified.,https://flex-packaging.com/stand-up-bag/,HIGH: directly observed live display; discount user supplied
2026-10-06,Stand-up pouch,5 x 5 x 2,7 g,White PET,Glossy,None,Child resistant,No Tear Notch,1000,1,1.03,1028.86,25,771.6450,0.7716450000,UNVERIFIED,Published price-break card; 2-inch bottom gusset; freight/tax unverified.,https://flex-packaging.com/stand-up-bag/,HIGH: directly observed live display; discount user supplied
2026-10-06,Stand-up pouch,5 x 5 x 2,7 g,White PET,Glossy,None,Child resistant,No Tear Notch,2500,1,0.52,1288.95,25,966.7125,0.3866850000,UNVERIFIED,Published price-break card; 2-inch bottom gusset; freight/tax unverified.,https://flex-packaging.com/stand-up-bag/,HIGH: directly observed live display; discount user supplied
2026-10-06,Stand-up pouch,5 x 5 x 2,7 g,White PET,Glossy,None,Child resistant,No Tear Notch,5000,1,0.34,1719.22,25,1289.4150,0.2578830000,UNVERIFIED,Published price-break card; 2-inch bottom gusset; freight/tax unverified.,https://flex-packaging.com/stand-up-bag/,HIGH: directly observed live display; discount user supplied
2026-10-06,Stand-up pouch,5 x 5 x 2,7 g,White PET,Glossy,None,Child resistant,No Tear Notch,10000,1,0.29,2861.37,25,2146.0275,0.2146027500,UNVERIFIED,Published price-break card; 2-inch bottom gusset; freight/tax unverified.,https://flex-packaging.com/stand-up-bag/,HIGH: directly observed live display; discount user supplied
2026-10-06,Stand-up pouch,5 x 5 x 2,7 g,White PET,Glossy,None,Child resistant,No Tear Notch,25000,1,0.24,5931.30,25,4448.4750,0.1779390000,UNVERIFIED,Published price-break card; 2-inch bottom gusset; freight/tax unverified.,https://flex-packaging.com/stand-up-bag/,HIGH: directly observed live display; discount user supplied
2026-10-06,Stand-up pouch,5 x 5 x 2,7 g,Silver PET,Soft Touch,None,Child resistant,No Tear Notch,500,1,1.95,973.31,25,729.9825,1.4599650000,UNVERIFIED,Published price-break card; 2-inch bottom gusset; freight/tax unverified.,https://flex-packaging.com/stand-up-bag/,HIGH: directly observed live display; discount user supplied
2026-10-06,Stand-up pouch,5 x 5 x 2,7 g,Silver PET,Soft Touch,None,Child resistant,No Tear Notch,1000,1,1.09,1090.62,25,817.9650,0.8179650000,UNVERIFIED,Published price-break card; 2-inch bottom gusset; freight/tax unverified.,https://flex-packaging.com/stand-up-bag/,HIGH: directly observed live display; discount user supplied
2026-10-06,Stand-up pouch,5 x 5 x 2,7 g,Silver PET,Soft Touch,None,Child resistant,No Tear Notch,2500,1,0.56,1409.30,25,1056.9750,0.4227900000,UNVERIFIED,Published price-break card; 2-inch bottom gusset; freight/tax unverified.,https://flex-packaging.com/stand-up-bag/,HIGH: directly observed live display; discount user supplied
2026-10-06,Stand-up pouch,5 x 5 x 2,7 g,Silver PET,Soft Touch,None,Child resistant,No Tear Notch,5000,1,0.39,1936.73,25,1452.5475,0.2905095000,UNVERIFIED,Published price-break card; 2-inch bottom gusset; freight/tax unverified.,https://flex-packaging.com/stand-up-bag/,HIGH: directly observed live display; discount user supplied
2026-10-06,Stand-up pouch,5 x 5 x 2,7 g,Silver PET,Soft Touch,None,Child resistant,No Tear Notch,10000,1,0.34,3350.59,25,2512.9425,0.2512942500,UNVERIFIED,Published price-break card; 2-inch bottom gusset; freight/tax unverified.,https://flex-packaging.com/stand-up-bag/,HIGH: directly observed live display; discount user supplied
2026-10-06,Stand-up pouch,5 x 5 x 2,7 g,Silver PET,Soft Touch,None,Child resistant,No Tear Notch,25000,1,0.29,7141.98,25,5356.4850,0.2142594000,UNVERIFIED,Published price-break card; 2-inch bottom gusset; freight/tax unverified.,https://flex-packaging.com/stand-up-bag/,HIGH: directly observed live display; discount user supplied
2026-10-06,Stand-up pouch,5 x 5 x 2,7 g,Silver PET,Matte,None,Child resistant,No Tear Notch,500,1,1.95,975.50,25,731.6250,1.4632500000,UNVERIFIED,Published price-break card; 2-inch bottom gusset; freight/tax unverified.,https://flex-packaging.com/stand-up-bag/,HIGH: directly observed live display; discount user supplied
2026-10-06,Stand-up pouch,5 x 5 x 2,7 g,Silver PET,Matte,None,Child resistant,No Tear Notch,1000,1,1.09,1094.01,25,820.5075,0.8205075000,UNVERIFIED,Published price-break card; 2-inch bottom gusset; freight/tax unverified.,https://flex-packaging.com/stand-up-bag/,HIGH: directly observed live display; discount user supplied
2026-10-06,Stand-up pouch,5 x 5 x 2,7 g,Silver PET,Matte,None,Child resistant,No Tear Notch,2500,1,0.57,1415.90,25,1061.9250,0.4247700000,UNVERIFIED,Published price-break card; 2-inch bottom gusset; freight/tax unverified.,https://flex-packaging.com/stand-up-bag/,HIGH: directly observed live display; discount user supplied
2026-10-06,Stand-up pouch,5 x 5 x 2,7 g,Silver PET,Matte,None,Child resistant,No Tear Notch,5000,1,0.39,1948.66,25,1461.4950,0.2922990000,UNVERIFIED,Published price-break card; 2-inch bottom gusset; freight/tax unverified.,https://flex-packaging.com/stand-up-bag/,HIGH: directly observed live display; discount user supplied
2026-10-06,Stand-up pouch,5 x 5 x 2,7 g,Silver PET,Matte,None,Child resistant,No Tear Notch,10000,1,0.34,3377.42,25,2533.0650,0.2533065000,UNVERIFIED,Published price-break card; 2-inch bottom gusset; freight/tax unverified.,https://flex-packaging.com/stand-up-bag/,HIGH: directly observed live display; discount user supplied
2026-10-06,Stand-up pouch,5 x 5 x 2,7 g,Silver PET,Matte,None,Child resistant,No Tear Notch,25000,1,0.29,7208.37,25,5406.2775,0.2162511000,UNVERIFIED,Published price-break card; 2-inch bottom gusset; freight/tax unverified.,https://flex-packaging.com/stand-up-bag/,HIGH: directly observed live display; discount user supplied
2026-10-06,Stand-up pouch,5 x 5 x 2,7 g,Silver PET,Glossy,None,Child resistant,No Tear Notch,500,1,1.88,940.64,25,705.4800,1.4109600000,UNVERIFIED,Published price-break card; 2-inch bottom gusset; freight/tax unverified.,https://flex-packaging.com/stand-up-bag/,HIGH: directly observed live display; discount user supplied
2026-10-06,Stand-up pouch,5 x 5 x 2,7 g,Silver PET,Glossy,None,Child resistant,No Tear Notch,1000,1,1.04,1039.98,25,779.9850,0.7799850000,UNVERIFIED,Published price-break card; 2-inch bottom gusset; freight/tax unverified.,https://flex-packaging.com/stand-up-bag/,HIGH: directly observed live display; discount user supplied
2026-10-06,Stand-up pouch,5 x 5 x 2,7 g,Silver PET,Glossy,None,Child resistant,No Tear Notch,2500,1,0.52,1310.63,25,982.9725,0.3931890000,UNVERIFIED,Published price-break card; 2-inch bottom gusset; freight/tax unverified.,https://flex-packaging.com/stand-up-bag/,HIGH: directly observed live display; discount user supplied
2026-10-06,Stand-up pouch,5 x 5 x 2,7 g,Silver PET,Glossy,None,Child resistant,No Tear Notch,5000,1,0.35,1758.41,25,1318.8075,0.2637615000,UNVERIFIED,Published price-break card; 2-inch bottom gusset; freight/tax unverified.,https://flex-packaging.com/stand-up-bag/,HIGH: directly observed live display; discount user supplied
2026-10-06,Stand-up pouch,5 x 5 x 2,7 g,Silver PET,Glossy,None,Child resistant,No Tear Notch,10000,1,0.29,2949.51,25,2212.1325,0.2212132500,UNVERIFIED,Published price-break card; 2-inch bottom gusset; freight/tax unverified.,https://flex-packaging.com/stand-up-bag/,HIGH: directly observed live display; discount user supplied
2026-10-06,Stand-up pouch,5 x 5 x 2,7 g,Silver PET,Glossy,None,Child resistant,No Tear Notch,25000,1,0.25,6149.42,25,4612.0650,0.1844826000,UNVERIFIED,Published price-break card; 2-inch bottom gusset; freight/tax unverified.,https://flex-packaging.com/stand-up-bag/,HIGH: directly observed live display; discount user supplied
2026-10-06,Stand-up pouch,5 x 5 x 2,7 g,Hologram,Soft Touch,None,Child resistant,No Tear Notch,500,1,1.97,983.72,25,737.7900,1.4755800000,UNVERIFIED,Published price-break card; 2-inch bottom gusset; freight/tax unverified.,https://flex-packaging.com/stand-up-bag/,HIGH: directly observed live display; discount user supplied
2026-10-06,Stand-up pouch,5 x 5 x 2,7 g,Hologram,Soft Touch,None,Child resistant,No Tear Notch,1000,1,1.11,1106.76,25,830.0700,0.8300700000,UNVERIFIED,Published price-break card; 2-inch bottom gusset; freight/tax unverified.,https://flex-packaging.com/stand-up-bag/,HIGH: directly observed live display; discount user supplied
2026-10-06,Stand-up pouch,5 x 5 x 2,7 g,Hologram,Soft Touch,None,Child resistant,No Tear Notch,2500,1,0.58,1440.74,25,1080.5550,0.4322220000,UNVERIFIED,Published price-break card; 2-inch bottom gusset; freight/tax unverified.,https://flex-packaging.com/stand-up-bag/,HIGH: directly observed live display; discount user supplied
2026-10-06,Stand-up pouch,5 x 5 x 2,7 g,Hologram,Soft Touch,None,Child resistant,No Tear Notch,5000,1,0.40,1993.55,25,1495.1625,0.2990325000,UNVERIFIED,Published price-break card; 2-inch bottom gusset; freight/tax unverified.,https://flex-packaging.com/stand-up-bag/,HIGH: directly observed live display; discount user supplied
2026-10-06,Stand-up pouch,5 x 5 x 2,7 g,Hologram,Soft Touch,None,Child resistant,No Tear Notch,10000,1,0.35,3478.39,25,2608.7925,0.2608792500,UNVERIFIED,Published price-break card; 2-inch bottom gusset; freight/tax unverified.,https://flex-packaging.com/stand-up-bag/,HIGH: directly observed live display; discount user supplied
2026-10-06,Stand-up pouch,5 x 5 x 2,7 g,Hologram,Soft Touch,None,Child resistant,No Tear Notch,25000,1,0.30,7458.24,25,5593.6800,0.2237472000,UNVERIFIED,Published price-break card; 2-inch bottom gusset; freight/tax unverified.,https://flex-packaging.com/stand-up-bag/,HIGH: directly observed live display; discount user supplied
2026-10-06,Stand-up pouch,5 x 5 x 2,7 g,Hologram,Matte,None,Child resistant,No Tear Notch,500,1,1.97,985.91,25,739.4325,1.4788650000,UNVERIFIED,Published price-break card; 2-inch bottom gusset; freight/tax unverified.,https://flex-packaging.com/stand-up-bag/,HIGH: directly observed live display; discount user supplied
2026-10-06,Stand-up pouch,5 x 5 x 2,7 g,Hologram,Matte,None,Child resistant,No Tear Notch,1000,1,1.11,1110.15,25,832.6125,0.8326125000,UNVERIFIED,Published price-break card; 2-inch bottom gusset; freight/tax unverified.,https://flex-packaging.com/stand-up-bag/,HIGH: directly observed live display; discount user supplied
2026-10-06,Stand-up pouch,5 x 5 x 2,7 g,Hologram,Matte,None,Child resistant,No Tear Notch,2500,1,0.58,1447.34,25,1085.5050,0.4342020000,UNVERIFIED,Published price-break card; 2-inch bottom gusset; freight/tax unverified.,https://flex-packaging.com/stand-up-bag/,HIGH: directly observed live display; discount user supplied
2026-10-06,Stand-up pouch,5 x 5 x 2,7 g,Hologram,Matte,None,Child resistant,No Tear Notch,5000,1,0.40,2005.48,25,1504.1100,0.3008220000,UNVERIFIED,Published price-break card; 2-inch bottom gusset; freight/tax unverified.,https://flex-packaging.com/stand-up-bag/,HIGH: directly observed live display; discount user supplied
2026-10-06,Stand-up pouch,5 x 5 x 2,7 g,Hologram,Matte,None,Child resistant,No Tear Notch,10000,1,0.35,3505.22,25,2628.9150,0.2628915000,UNVERIFIED,Published price-break card; 2-inch bottom gusset; freight/tax unverified.,https://flex-packaging.com/stand-up-bag/,HIGH: directly observed live display; discount user supplied
2026-10-06,Stand-up pouch,5 x 5 x 2,7 g,Hologram,Matte,None,Child resistant,No Tear Notch,25000,1,0.30,7524.63,25,5643.4725,0.2257389000,UNVERIFIED,Published price-break card; 2-inch bottom gusset; freight/tax unverified.,https://flex-packaging.com/stand-up-bag/,HIGH: directly observed live display; discount user supplied
2026-10-06,Stand-up pouch,5 x 5 x 2,7 g,Hologram,Glossy,None,Child resistant,No Tear Notch,500,1,1.90,951.05,25,713.2875,1.4265750000,UNVERIFIED,Published price-break card; 2-inch bottom gusset; freight/tax unverified.,https://flex-packaging.com/stand-up-bag/,HIGH: directly observed live display; discount user supplied
2026-10-06,Stand-up pouch,5 x 5 x 2,7 g,Hologram,Glossy,None,Child resistant,No Tear Notch,1000,1,1.06,1056.12,25,792.0900,0.7920900000,UNVERIFIED,Published price-break card; 2-inch bottom gusset; freight/tax unverified.,https://flex-packaging.com/stand-up-bag/,HIGH: directly observed live display; discount user supplied
2026-10-06,Stand-up pouch,5 x 5 x 2,7 g,Hologram,Glossy,None,Child resistant,No Tear Notch,2500,1,0.54,1342.07,25,1006.5525,0.4026210000,UNVERIFIED,Published price-break card; 2-inch bottom gusset; freight/tax unverified.,https://flex-packaging.com/stand-up-bag/,HIGH: directly observed live display; discount user supplied
2026-10-06,Stand-up pouch,5 x 5 x 2,7 g,Hologram,Glossy,None,Child resistant,No Tear Notch,5000,1,0.36,1815.23,25,1361.4225,0.2722845000,UNVERIFIED,Published price-break card; 2-inch bottom gusset; freight/tax unverified.,https://flex-packaging.com/stand-up-bag/,HIGH: directly observed live display; discount user supplied
2026-10-06,Stand-up pouch,5 x 5 x 2,7 g,Hologram,Glossy,None,Child resistant,No Tear Notch,10000,1,0.31,3077.30,25,2307.9750,0.2307975000,UNVERIFIED,Published price-break card; 2-inch bottom gusset; freight/tax unverified.,https://flex-packaging.com/stand-up-bag/,HIGH: directly observed live display; discount user supplied
2026-10-06,Stand-up pouch,5 x 5 x 2,7 g,Hologram,Glossy,None,Child resistant,No Tear Notch,25000,1,0.26,6465.68,25,4849.2600,0.1939704000,UNVERIFIED,Published price-break card; 2-inch bottom gusset; freight/tax unverified.,https://flex-packaging.com/stand-up-bag/,HIGH: directly observed live display; discount user supplied
2026-10-06,Stand-up pouch,5 x 5 x 2,7 g,Clear PET,Soft Touch,None,Child resistant,No Tear Notch,500,1,1.97,984.71,25,738.5325,1.4770650000,UNVERIFIED,Published price-break card; 2-inch bottom gusset; freight/tax unverified.,https://flex-packaging.com/stand-up-bag/,HIGH: directly observed live display; discount user supplied
2026-10-06,Stand-up pouch,5 x 5 x 2,7 g,Clear PET,Soft Touch,None,Child resistant,No Tear Notch,1000,1,1.11,1108.28,25,831.2100,0.8312100000,UNVERIFIED,Published price-break card; 2-inch bottom gusset; freight/tax unverified.,https://flex-packaging.com/stand-up-bag/,HIGH: directly observed live display; discount user supplied
2026-10-06,Stand-up pouch,5 x 5 x 2,7 g,Clear PET,Soft Touch,None,Child resistant,No Tear Notch,2500,1,0.58,1443.71,25,1082.7825,0.4331130000,UNVERIFIED,Published price-break card; 2-inch bottom gusset; freight/tax unverified.,https://flex-packaging.com/stand-up-bag/,HIGH: directly observed live display; discount user supplied
2026-10-06,Stand-up pouch,5 x 5 x 2,7 g,Clear PET,Soft Touch,None,Child resistant,No Tear Notch,5000,1,0.40,1998.92,25,1499.1900,0.2998380000,UNVERIFIED,Published price-break card; 2-inch bottom gusset; freight/tax unverified.,https://flex-packaging.com/stand-up-bag/,HIGH: directly observed live display; discount user supplied
2026-10-06,Stand-up pouch,5 x 5 x 2,7 g,Clear PET,Soft Touch,None,Child resistant,No Tear Notch,10000,1,0.35,3490.47,25,2617.8525,0.2617852500,UNVERIFIED,Published price-break card; 2-inch bottom gusset; freight/tax unverified.,https://flex-packaging.com/stand-up-bag/,HIGH: directly observed live display; discount user supplied
2026-10-06,Stand-up pouch,5 x 5 x 2,7 g,Clear PET,Soft Touch,None,Child resistant,No Tear Notch,25000,1,0.30,7488.13,25,5616.0975,0.2246439000,UNVERIFIED,Published price-break card; 2-inch bottom gusset; freight/tax unverified.,https://flex-packaging.com/stand-up-bag/,HIGH: directly observed live display; discount user supplied
2026-10-06,Stand-up pouch,5 x 5 x 2,7 g,Clear PET,Matte,None,Child resistant,No Tear Notch,500,1,1.97,986.89,25,740.1675,1.4803350000,UNVERIFIED,Published price-break card; 2-inch bottom gusset; freight/tax unverified.,https://flex-packaging.com/stand-up-bag/,HIGH: directly observed live display; discount user supplied
2026-10-06,Stand-up pouch,5 x 5 x 2,7 g,Clear PET,Matte,None,Child resistant,No Tear Notch,1000,1,1.11,1111.67,25,833.7525,0.8337525000,UNVERIFIED,Published price-break card; 2-inch bottom gusset; freight/tax unverified.,https://flex-packaging.com/stand-up-bag/,HIGH: directly observed live display; discount user supplied
2026-10-06,Stand-up pouch,5 x 5 x 2,7 g,Clear PET,Matte,None,Child resistant,No Tear Notch,2500,1,0.58,1450.31,25,1087.7325,0.4350930000,UNVERIFIED,Published price-break card; 2-inch bottom gusset; freight/tax unverified.,https://flex-packaging.com/stand-up-bag/,HIGH: directly observed live display; discount user supplied
2026-10-06,Stand-up pouch,5 x 5 x 2,7 g,Clear PET,Matte,None,Child resistant,No Tear Notch,5000,1,0.40,2010.85,25,1508.1375,0.3016275000,UNVERIFIED,Published price-break card; 2-inch bottom gusset; freight/tax unverified.,https://flex-packaging.com/stand-up-bag/,HIGH: directly observed live display; discount user supplied
2026-10-06,Stand-up pouch,5 x 5 x 2,7 g,Clear PET,Matte,None,Child resistant,No Tear Notch,10000,1,0.35,3517.30,25,2637.9750,0.2637975000,UNVERIFIED,Published price-break card; 2-inch bottom gusset; freight/tax unverified.,https://flex-packaging.com/stand-up-bag/,HIGH: directly observed live display; discount user supplied
2026-10-06,Stand-up pouch,5 x 5 x 2,7 g,Clear PET,Matte,None,Child resistant,No Tear Notch,25000,1,0.30,7554.53,25,5665.8975,0.2266359000,UNVERIFIED,Published price-break card; 2-inch bottom gusset; freight/tax unverified.,https://flex-packaging.com/stand-up-bag/,HIGH: directly observed live display; discount user supplied
2026-10-06,Stand-up pouch,5 x 5 x 2,7 g,Clear PET,Glossy,None,Child resistant,No Tear Notch,500,1,1.90,952.04,25,714.0300,1.4280600000,UNVERIFIED,Published price-break card; 2-inch bottom gusset; freight/tax unverified.,https://flex-packaging.com/stand-up-bag/,HIGH: directly observed live display; discount user supplied
2026-10-06,Stand-up pouch,5 x 5 x 2,7 g,Clear PET,Glossy,None,Child resistant,No Tear Notch,1000,1,1.06,1057.64,25,793.2300,0.7932300000,UNVERIFIED,Published price-break card; 2-inch bottom gusset; freight/tax unverified.,https://flex-packaging.com/stand-up-bag/,HIGH: directly observed live display; discount user supplied
2026-10-06,Stand-up pouch,5 x 5 x 2,7 g,Clear PET,Glossy,None,Child resistant,No Tear Notch,2500,1,0.54,1345.04,25,1008.7800,0.4035120000,UNVERIFIED,Published price-break card; 2-inch bottom gusset; freight/tax unverified.,https://flex-packaging.com/stand-up-bag/,HIGH: directly observed live display; discount user supplied
2026-10-06,Stand-up pouch,5 x 5 x 2,7 g,Clear PET,Glossy,None,Child resistant,No Tear Notch,5000,1,0.36,1820.60,25,1365.4500,0.2730900000,UNVERIFIED,Published price-break card; 2-inch bottom gusset; freight/tax unverified.,https://flex-packaging.com/stand-up-bag/,HIGH: directly observed live display; discount user supplied
2026-10-06,Stand-up pouch,5 x 5 x 2,7 g,Clear PET,Glossy,None,Child resistant,No Tear Notch,10000,1,0.31,3089.38,25,2317.0350,0.2317035000,UNVERIFIED,Published price-break card; 2-inch bottom gusset; freight/tax unverified.,https://flex-packaging.com/stand-up-bag/,HIGH: directly observed live display; discount user supplied
2026-10-06,Stand-up pouch,5 x 5 x 2,7 g,Clear PET,Glossy,None,Child resistant,No Tear Notch,25000,1,0.26,6495.57,25,4871.6775,0.1948671000,UNVERIFIED,Published price-break card; 2-inch bottom gusset; freight/tax unverified.,https://flex-packaging.com/stand-up-bag/,HIGH: directly observed live display; discount user supplied
2026-10-06,Stand-up pouch,6 x 5 x 2,14 g,White PET,Soft Touch,None,Child resistant,No Tear Notch,500,1,2.00,999.97,25,749.9775,1.4999550000,UNVERIFIED,Published price-break card; 2-inch bottom gusset; freight/tax unverified.,https://flex-packaging.com/stand-up-bag/,HIGH: directly observed live display; discount user supplied
2026-10-06,Stand-up pouch,6 x 5 x 2,14 g,White PET,Soft Touch,None,Child resistant,No Tear Notch,1000,1,1.13,1131.93,25,848.9475,0.8489475000,UNVERIFIED,Published price-break card; 2-inch bottom gusset; freight/tax unverified.,https://flex-packaging.com/stand-up-bag/,HIGH: directly observed live display; discount user supplied
2026-10-06,Stand-up pouch,6 x 5 x 2,14 g,White PET,Soft Touch,None,Child resistant,No Tear Notch,2500,1,0.60,1489.96,25,1117.4700,0.4469880000,UNVERIFIED,Published price-break card; 2-inch bottom gusset; freight/tax unverified.,https://flex-packaging.com/stand-up-bag/,HIGH: directly observed live display; discount user supplied
2026-10-06,Stand-up pouch,6 x 5 x 2,14 g,White PET,Soft Touch,None,Child resistant,No Tear Notch,5000,1,0.42,2102.38,25,1576.7850,0.3153570000,UNVERIFIED,Published price-break card; 2-inch bottom gusset; freight/tax unverified.,https://flex-packaging.com/stand-up-bag/,HIGH: directly observed live display; discount user supplied
2026-10-06,Stand-up pouch,6 x 5 x 2,14 g,White PET,Soft Touch,None,Child resistant,No Tear Notch,10000,1,0.37,3676.72,25,2757.5400,0.2757540000,UNVERIFIED,Published price-break card; 2-inch bottom gusset; freight/tax unverified.,https://flex-packaging.com/stand-up-bag/,HIGH: directly observed live display; discount user supplied
2026-10-06,Stand-up pouch,6 x 5 x 2,14 g,White PET,Soft Touch,None,Child resistant,No Tear Notch,25000,1,0.32,7971.44,25,5978.5800,0.2391432000,UNVERIFIED,Published price-break card; 2-inch bottom gusset; freight/tax unverified.,https://flex-packaging.com/stand-up-bag/,HIGH: directly observed live display; discount user supplied
2026-10-06,Stand-up pouch,6 x 5 x 2,14 g,White PET,Matte,None,Child resistant,No Tear Notch,500,1,2.01,1002.57,25,751.9275,1.5038550000,UNVERIFIED,Published price-break card; 2-inch bottom gusset; freight/tax unverified.,https://flex-packaging.com/stand-up-bag/,HIGH: directly observed live display; discount user supplied
2026-10-06,Stand-up pouch,6 x 5 x 2,14 g,White PET,Matte,None,Child resistant,No Tear Notch,1000,1,1.14,1135.96,25,851.9700,0.8519700000,UNVERIFIED,Published price-break card; 2-inch bottom gusset; freight/tax unverified.,https://flex-packaging.com/stand-up-bag/,HIGH: directly observed live display; discount user supplied
2026-10-06,Stand-up pouch,6 x 5 x 2,14 g,White PET,Matte,None,Child resistant,No Tear Notch,2500,1,0.60,1497.82,25,1123.3650,0.4493460000,UNVERIFIED,Published price-break card; 2-inch bottom gusset; freight/tax unverified.,https://flex-packaging.com/stand-up-bag/,HIGH: directly observed live display; discount user supplied
2026-10-06,Stand-up pouch,6 x 5 x 2,14 g,White PET,Matte,None,Child resistant,No Tear Notch,5000,1,0.42,2116.79,25,1587.5925,0.3175185000,UNVERIFIED,Published price-break card; 2-inch bottom gusset; freight/tax unverified.,https://flex-packaging.com/stand-up-bag/,HIGH: directly observed live display; discount user supplied
2026-10-06,Stand-up pouch,6 x 5 x 2,14 g,White PET,Matte,None,Child resistant,No Tear Notch,10000,1,0.37,3708.65,25,2781.4875,0.2781487500,UNVERIFIED,Published price-break card; 2-inch bottom gusset; freight/tax unverified.,https://flex-packaging.com/stand-up-bag/,HIGH: directly observed live display; discount user supplied
2026-10-06,Stand-up pouch,6 x 5 x 2,14 g,White PET,Matte,None,Child resistant,No Tear Notch,25000,1,0.32,8050.73,25,6038.0475,0.2415219000,UNVERIFIED,Published price-break card; 2-inch bottom gusset; freight/tax unverified.,https://flex-packaging.com/stand-up-bag/,HIGH: directly observed live display; discount user supplied
2026-10-06,Stand-up pouch,6 x 5 x 2,14 g,White PET,Glossy,None,Child resistant,No Tear Notch,500,1,1.92,961.08,25,720.8100,1.4416200000,UNVERIFIED,Published price-break card; 2-inch bottom gusset; freight/tax unverified.,https://flex-packaging.com/stand-up-bag/,HIGH: directly observed live display; discount user supplied
2026-10-06,Stand-up pouch,6 x 5 x 2,14 g,White PET,Glossy,None,Child resistant,No Tear Notch,1000,1,1.07,1071.66,25,803.7450,0.8037450000,UNVERIFIED,Published price-break card; 2-inch bottom gusset; freight/tax unverified.,https://flex-packaging.com/stand-up-bag/,HIGH: directly observed live display; discount user supplied
2026-10-06,Stand-up pouch,6 x 5 x 2,14 g,White PET,Glossy,None,Child resistant,No Tear Notch,2500,1,0.55,1372.52,25,1029.3900,0.4117560000,UNVERIFIED,Published price-break card; 2-inch bottom gusset; freight/tax unverified.,https://flex-packaging.com/stand-up-bag/,HIGH: directly observed live display; discount user supplied
2026-10-06,Stand-up pouch,6 x 5 x 2,14 g,White PET,Glossy,None,Child resistant,No Tear Notch,5000,1,0.38,1886.95,25,1415.2125,0.2830425000,UNVERIFIED,Published price-break card; 2-inch bottom gusset; freight/tax unverified.,https://flex-packaging.com/stand-up-bag/,HIGH: directly observed live display; discount user supplied
2026-10-06,Stand-up pouch,6 x 5 x 2,14 g,White PET,Glossy,None,Child resistant,No Tear Notch,10000,1,0.32,3199.28,25,2399.4600,0.2399460000,UNVERIFIED,Published price-break card; 2-inch bottom gusset; freight/tax unverified.,https://flex-packaging.com/stand-up-bag/,HIGH: directly observed live display; discount user supplied
2026-10-06,Stand-up pouch,6 x 5 x 2,14 g,White PET,Glossy,None,Child resistant,No Tear Notch,25000,1,0.27,6786.08,25,5089.5600,0.2035824000,UNVERIFIED,Published price-break card; 2-inch bottom gusset; freight/tax unverified.,https://flex-packaging.com/stand-up-bag/,HIGH: directly observed live display; discount user supplied
2026-10-06,Stand-up pouch,6 x 5 x 2,14 g,Silver PET,Soft Touch,None,Child resistant,No Tear Notch,500,1,2.02,1008.25,25,756.1875,1.5123750000,UNVERIFIED,Published price-break card; 2-inch bottom gusset; freight/tax unverified.,https://flex-packaging.com/stand-up-bag/,HIGH: directly observed live display; discount user supplied
2026-10-06,Stand-up pouch,6 x 5 x 2,14 g,Silver PET,Soft Touch,None,Child resistant,No Tear Notch,1000,1,1.14,1144.76,25,858.5700,0.8585700000,UNVERIFIED,Published price-break card; 2-inch bottom gusset; freight/tax unverified.,https://flex-packaging.com/stand-up-bag/,HIGH: directly observed live display; discount user supplied
2026-10-06,Stand-up pouch,6 x 5 x 2,14 g,Silver PET,Soft Touch,None,Child resistant,No Tear Notch,2500,1,0.61,1514.96,25,1136.2200,0.4544880000,UNVERIFIED,Published price-break card; 2-inch bottom gusset; freight/tax unverified.,https://flex-packaging.com/stand-up-bag/,HIGH: directly observed live display; discount user supplied
2026-10-06,Stand-up pouch,6 x 5 x 2,14 g,Silver PET,Soft Touch,None,Child resistant,No Tear Notch,5000,1,0.43,2148.23,25,1611.1725,0.3222345000,UNVERIFIED,Published price-break card; 2-inch bottom gusset; freight/tax unverified.,https://flex-packaging.com/stand-up-bag/,HIGH: directly observed live display; discount user supplied
2026-10-06,Stand-up pouch,6 x 5 x 2,14 g,Silver PET,Soft Touch,None,Child resistant,No Tear Notch,10000,1,0.38,3778.32,25,2833.7400,0.2833740000,UNVERIFIED,Published price-break card; 2-inch bottom gusset; freight/tax unverified.,https://flex-packaging.com/stand-up-bag/,HIGH: directly observed live display; discount user supplied
2026-10-06,Stand-up pouch,6 x 5 x 2,14 g,Silver PET,Soft Touch,None,Child resistant,No Tear Notch,25000,1,0.33,8223.70,25,6167.7750,0.2467110000,UNVERIFIED,Published price-break card; 2-inch bottom gusset; freight/tax unverified.,https://flex-packaging.com/stand-up-bag/,HIGH: directly observed live display; discount user supplied
2026-10-06,Stand-up pouch,6 x 5 x 2,14 g,Silver PET,Matte,None,Child resistant,No Tear Notch,500,1,2.02,1010.85,25,758.1375,1.5162750000,UNVERIFIED,Published price-break card; 2-inch bottom gusset; freight/tax unverified.,https://flex-packaging.com/stand-up-bag/,HIGH: directly observed live display; discount user supplied
2026-10-06,Stand-up pouch,6 x 5 x 2,14 g,Silver PET,Matte,None,Child resistant,No Tear Notch,1000,1,1.15,1148.79,25,861.5925,0.8615925000,UNVERIFIED,Published price-break card; 2-inch bottom gusset; freight/tax unverified.,https://flex-packaging.com/stand-up-bag/,HIGH: directly observed live display; discount user supplied
2026-10-06,Stand-up pouch,6 x 5 x 2,14 g,Silver PET,Matte,None,Child resistant,No Tear Notch,2500,1,0.61,1522.82,25,1142.1150,0.4568460000,UNVERIFIED,Published price-break card; 2-inch bottom gusset; freight/tax unverified.,https://flex-packaging.com/stand-up-bag/,HIGH: directly observed live display; discount user supplied
2026-10-06,Stand-up pouch,6 x 5 x 2,14 g,Silver PET,Matte,None,Child resistant,No Tear Notch,5000,1,0.43,2162.64,25,1621.9800,0.3243960000,UNVERIFIED,Published price-break card; 2-inch bottom gusset; freight/tax unverified.,https://flex-packaging.com/stand-up-bag/,HIGH: directly observed live display; discount user supplied
2026-10-06,Stand-up pouch,6 x 5 x 2,14 g,Silver PET,Matte,None,Child resistant,No Tear Notch,10000,1,0.38,3810.25,25,2857.6875,0.2857687500,UNVERIFIED,Published price-break card; 2-inch bottom gusset; freight/tax unverified.,https://flex-packaging.com/stand-up-bag/,HIGH: directly observed live display; discount user supplied
2026-10-06,Stand-up pouch,6 x 5 x 2,14 g,Silver PET,Matte,None,Child resistant,No Tear Notch,25000,1,0.33,8302.99,25,6227.2425,0.2490897000,UNVERIFIED,Published price-break card; 2-inch bottom gusset; freight/tax unverified.,https://flex-packaging.com/stand-up-bag/,HIGH: directly observed live display; discount user supplied
2026-10-06,Stand-up pouch,6 x 5 x 2,14 g,Silver PET,Glossy,None,Child resistant,No Tear Notch,500,1,1.94,969.36,25,727.0200,1.4540400000,UNVERIFIED,Published price-break card; 2-inch bottom gusset; freight/tax unverified.,https://flex-packaging.com/stand-up-bag/,HIGH: directly observed live display; discount user supplied
2026-10-06,Stand-up pouch,6 x 5 x 2,14 g,Silver PET,Glossy,None,Child resistant,No Tear Notch,1000,1,1.08,1084.48,25,813.3600,0.8133600000,UNVERIFIED,Published price-break card; 2-inch bottom gusset; freight/tax unverified.,https://flex-packaging.com/stand-up-bag/,HIGH: directly observed live display; discount user supplied
2026-10-06,Stand-up pouch,6 x 5 x 2,14 g,Silver PET,Glossy,None,Child resistant,No Tear Notch,2500,1,0.56,1397.51,25,1048.1325,0.4192530000,UNVERIFIED,Published price-break card; 2-inch bottom gusset; freight/tax unverified.,https://flex-packaging.com/stand-up-bag/,HIGH: directly observed live display; discount user supplied
2026-10-06,Stand-up pouch,6 x 5 x 2,14 g,Silver PET,Glossy,None,Child resistant,No Tear Notch,5000,1,0.39,1932.79,25,1449.5925,0.2899185000,UNVERIFIED,Published price-break card; 2-inch bottom gusset; freight/tax unverified.,https://flex-packaging.com/stand-up-bag/,HIGH: directly observed live display; discount user supplied
2026-10-06,Stand-up pouch,6 x 5 x 2,14 g,Silver PET,Glossy,None,Child resistant,No Tear Notch,10000,1,0.33,3300.88,25,2475.6600,0.2475660000,UNVERIFIED,Published price-break card; 2-inch bottom gusset; freight/tax unverified.,https://flex-packaging.com/stand-up-bag/,HIGH: directly observed live display; discount user supplied
2026-10-06,Stand-up pouch,6 x 5 x 2,14 g,Silver PET,Glossy,None,Child resistant,No Tear Notch,25000,1,0.28,7038.34,25,5278.7550,0.2111502000,UNVERIFIED,Published price-break card; 2-inch bottom gusset; freight/tax unverified.,https://flex-packaging.com/stand-up-bag/,HIGH: directly observed live display; discount user supplied
2026-10-06,Stand-up pouch,6 x 5 x 2,14 g,Hologram,Soft Touch,None,Child resistant,No Tear Notch,500,1,2.04,1020.64,25,765.4800,1.5309600000,UNVERIFIED,Published price-break card; 2-inch bottom gusset; freight/tax unverified.,https://flex-packaging.com/stand-up-bag/,HIGH: directly observed live display; discount user supplied
2026-10-06,Stand-up pouch,6 x 5 x 2,14 g,Hologram,Soft Touch,None,Child resistant,No Tear Notch,1000,1,1.16,1163.97,25,872.9775,0.8729775000,UNVERIFIED,Published price-break card; 2-inch bottom gusset; freight/tax unverified.,https://flex-packaging.com/stand-up-bag/,HIGH: directly observed live display; discount user supplied
2026-10-06,Stand-up pouch,6 x 5 x 2,14 g,Hologram,Soft Touch,None,Child resistant,No Tear Notch,2500,1,0.62,1552.38,25,1164.2850,0.4657140000,UNVERIFIED,Published price-break card; 2-inch bottom gusset; freight/tax unverified.,https://flex-packaging.com/stand-up-bag/,HIGH: directly observed live display; discount user supplied
2026-10-06,Stand-up pouch,6 x 5 x 2,14 g,Hologram,Soft Touch,None,Child resistant,No Tear Notch,5000,1,0.44,2216.87,25,1662.6525,0.3325305000,UNVERIFIED,Published price-break card; 2-inch bottom gusset; freight/tax unverified.,https://flex-packaging.com/stand-up-bag/,HIGH: directly observed live display; discount user supplied
2026-10-06,Stand-up pouch,6 x 5 x 2,14 g,Hologram,Soft Touch,None,Child resistant,No Tear Notch,10000,1,0.39,3930.44,25,2947.8300,0.2947830000,UNVERIFIED,Published price-break card; 2-inch bottom gusset; freight/tax unverified.,https://flex-packaging.com/stand-up-bag/,HIGH: directly observed live display; discount user supplied
2026-10-06,Stand-up pouch,6 x 5 x 2,14 g,Hologram,Soft Touch,None,Child resistant,No Tear Notch,25000,1,0.34,8601.39,25,6451.0425,0.2580417000,UNVERIFIED,Published price-break card; 2-inch bottom gusset; freight/tax unverified.,https://flex-packaging.com/stand-up-bag/,HIGH: directly observed live display; discount user supplied
2026-10-06,Stand-up pouch,6 x 5 x 2,14 g,Hologram,Matte,None,Child resistant,No Tear Notch,500,1,2.05,1023.24,25,767.4300,1.5348600000,UNVERIFIED,Published price-break card; 2-inch bottom gusset; freight/tax unverified.,https://flex-packaging.com/stand-up-bag/,HIGH: directly observed live display; discount user supplied
2026-10-06,Stand-up pouch,6 x 5 x 2,14 g,Hologram,Matte,None,Child resistant,No Tear Notch,1000,1,1.17,1168.00,25,876.0000,0.8760000000,UNVERIFIED,Published price-break card; 2-inch bottom gusset; freight/tax unverified.,https://flex-packaging.com/stand-up-bag/,HIGH: directly observed live display; discount user supplied
2026-10-06,Stand-up pouch,6 x 5 x 2,14 g,Hologram,Matte,None,Child resistant,No Tear Notch,2500,1,0.62,1560.24,25,1170.1800,0.4680720000,UNVERIFIED,Published price-break card; 2-inch bottom gusset; freight/tax unverified.,https://flex-packaging.com/stand-up-bag/,HIGH: directly observed live display; discount user supplied
2026-10-06,Stand-up pouch,6 x 5 x 2,14 g,Hologram,Matte,None,Child resistant,No Tear Notch,5000,1,0.45,2231.28,25,1673.4600,0.3346920000,UNVERIFIED,Published price-break card; 2-inch bottom gusset; freight/tax unverified.,https://flex-packaging.com/stand-up-bag/,HIGH: directly observed live display; discount user supplied
2026-10-06,Stand-up pouch,6 x 5 x 2,14 g,Hologram,Matte,None,Child resistant,No Tear Notch,10000,1,0.40,3962.38,25,2971.7850,0.2971785000,UNVERIFIED,Published price-break card; 2-inch bottom gusset; freight/tax unverified.,https://flex-packaging.com/stand-up-bag/,HIGH: directly observed live display; discount user supplied
2026-10-06,Stand-up pouch,6 x 5 x 2,14 g,Hologram,Matte,None,Child resistant,No Tear Notch,25000,1,0.35,8680.68,25,6510.5100,0.2604204000,UNVERIFIED,Published price-break card; 2-inch bottom gusset; freight/tax unverified.,https://flex-packaging.com/stand-up-bag/,HIGH: directly observed live display; discount user supplied
2026-10-06,Stand-up pouch,6 x 5 x 2,14 g,Hologram,Glossy,None,Child resistant,No Tear Notch,500,1,1.96,981.75,25,736.3125,1.4726250000,UNVERIFIED,Published price-break card; 2-inch bottom gusset; freight/tax unverified.,https://flex-packaging.com/stand-up-bag/,HIGH: directly observed live display; discount user supplied
2026-10-06,Stand-up pouch,6 x 5 x 2,14 g,Hologram,Glossy,None,Child resistant,No Tear Notch,1000,1,1.10,1103.69,25,827.7675,0.8277675000,UNVERIFIED,Published price-break card; 2-inch bottom gusset; freight/tax unverified.,https://flex-packaging.com/stand-up-bag/,HIGH: directly observed live display; discount user supplied
2026-10-06,Stand-up pouch,6 x 5 x 2,14 g,Hologram,Glossy,None,Child resistant,No Tear Notch,2500,1,0.57,1434.93,25,1076.1975,0.4304790000,UNVERIFIED,Published price-break card; 2-inch bottom gusset; freight/tax unverified.,https://flex-packaging.com/stand-up-bag/,HIGH: directly observed live display; discount user supplied
2026-10-06,Stand-up pouch,6 x 5 x 2,14 g,Hologram,Glossy,None,Child resistant,No Tear Notch,5000,1,0.40,2001.44,25,1501.0800,0.3002160000,UNVERIFIED,Published price-break card; 2-inch bottom gusset; freight/tax unverified.,https://flex-packaging.com/stand-up-bag/,HIGH: directly observed live display; discount user supplied
2026-10-06,Stand-up pouch,6 x 5 x 2,14 g,Hologram,Glossy,None,Child resistant,No Tear Notch,10000,1,0.35,3453.01,25,2589.7575,0.2589757500,UNVERIFIED,Published price-break card; 2-inch bottom gusset; freight/tax unverified.,https://flex-packaging.com/stand-up-bag/,HIGH: directly observed live display; discount user supplied
2026-10-06,Stand-up pouch,6 x 5 x 2,14 g,Hologram,Glossy,None,Child resistant,No Tear Notch,25000,1,0.30,7416.03,25,5562.0225,0.2224809000,UNVERIFIED,Published price-break card; 2-inch bottom gusset; freight/tax unverified.,https://flex-packaging.com/stand-up-bag/,HIGH: directly observed live display; discount user supplied
2026-10-06,Stand-up pouch,6 x 5 x 2,14 g,Clear PET,Soft Touch,None,Child resistant,No Tear Notch,500,1,2.04,1021.54,25,766.1550,1.5323100000,UNVERIFIED,Published price-break card; 2-inch bottom gusset; freight/tax unverified.,https://flex-packaging.com/stand-up-bag/,HIGH: directly observed live display; discount user supplied
2026-10-06,Stand-up pouch,6 x 5 x 2,14 g,Clear PET,Soft Touch,None,Child resistant,No Tear Notch,1000,1,1.17,1165.36,25,874.0200,0.8740200000,UNVERIFIED,Published price-break card; 2-inch bottom gusset; freight/tax unverified.,https://flex-packaging.com/stand-up-bag/,HIGH: directly observed live display; discount user supplied
2026-10-06,Stand-up pouch,6 x 5 x 2,14 g,Clear PET,Soft Touch,None,Child resistant,No Tear Notch,2500,1,0.62,1555.10,25,1166.3250,0.4665300000,UNVERIFIED,Published price-break card; 2-inch bottom gusset; freight/tax unverified.,https://flex-packaging.com/stand-up-bag/,HIGH: directly observed live display; discount user supplied
2026-10-06,Stand-up pouch,6 x 5 x 2,14 g,Clear PET,Soft Touch,None,Child resistant,No Tear Notch,5000,1,0.44,2221.86,25,1666.3950,0.3332790000,UNVERIFIED,Published price-break card; 2-inch bottom gusset; freight/tax unverified.,https://flex-packaging.com/stand-up-bag/,HIGH: directly observed live display; discount user supplied
2026-10-06,Stand-up pouch,6 x 5 x 2,14 g,Clear PET,Soft Touch,None,Child resistant,No Tear Notch,10000,1,0.39,3941.51,25,2956.1325,0.2956132500,UNVERIFIED,Published price-break card; 2-inch bottom gusset; freight/tax unverified.,https://flex-packaging.com/stand-up-bag/,HIGH: directly observed live display; discount user supplied
2026-10-06,Stand-up pouch,6 x 5 x 2,14 g,Clear PET,Soft Touch,None,Child resistant,No Tear Notch,25000,1,0.35,8628.87,25,6471.6525,0.2588661000,UNVERIFIED,Published price-break card; 2-inch bottom gusset; freight/tax unverified.,https://flex-packaging.com/stand-up-bag/,HIGH: directly observed live display; discount user supplied
2026-10-06,Stand-up pouch,6 x 5 x 2,14 g,Clear PET,Matte,None,Child resistant,No Tear Notch,500,1,2.05,1024.14,25,768.1050,1.5362100000,UNVERIFIED,Published price-break card; 2-inch bottom gusset; freight/tax unverified.,https://flex-packaging.com/stand-up-bag/,HIGH: directly observed live display; discount user supplied
2026-10-06,Stand-up pouch,6 x 5 x 2,14 g,Clear PET,Matte,None,Child resistant,No Tear Notch,1000,1,1.17,1169.40,25,877.0500,0.8770500000,UNVERIFIED,Published price-break card; 2-inch bottom gusset; freight/tax unverified.,https://flex-packaging.com/stand-up-bag/,HIGH: directly observed live display; discount user supplied
2026-10-06,Stand-up pouch,6 x 5 x 2,14 g,Clear PET,Matte,None,Child resistant,No Tear Notch,2500,1,0.63,1562.96,25,1172.2200,0.4688880000,UNVERIFIED,Published price-break card; 2-inch bottom gusset; freight/tax unverified.,https://flex-packaging.com/stand-up-bag/,HIGH: directly observed live display; discount user supplied
2026-10-06,Stand-up pouch,6 x 5 x 2,14 g,Clear PET,Matte,None,Child resistant,No Tear Notch,5000,1,0.45,2236.27,25,1677.2025,0.3354405000,UNVERIFIED,Published price-break card; 2-inch bottom gusset; freight/tax unverified.,https://flex-packaging.com/stand-up-bag/,HIGH: directly observed live display; discount user supplied
2026-10-06,Stand-up pouch,6 x 5 x 2,14 g,Clear PET,Matte,None,Child resistant,No Tear Notch,10000,1,0.40,3973.44,25,2980.0800,0.2980080000,UNVERIFIED,Published price-break card; 2-inch bottom gusset; freight/tax unverified.,https://flex-packaging.com/stand-up-bag/,HIGH: directly observed live display; discount user supplied
2026-10-06,Stand-up pouch,6 x 5 x 2,14 g,Clear PET,Matte,None,Child resistant,No Tear Notch,25000,1,0.35,8708.15,25,6531.1125,0.2612445000,UNVERIFIED,Published price-break card; 2-inch bottom gusset; freight/tax unverified.,https://flex-packaging.com/stand-up-bag/,HIGH: directly observed live display; discount user supplied
2026-10-06,Stand-up pouch,6 x 5 x 2,14 g,Clear PET,Glossy,None,Child resistant,No Tear Notch,500,1,1.97,982.65,25,736.9875,1.4739750000,UNVERIFIED,Published price-break card; 2-inch bottom gusset; freight/tax unverified.,https://flex-packaging.com/stand-up-bag/,HIGH: directly observed live display; discount user supplied
2026-10-06,Stand-up pouch,6 x 5 x 2,14 g,Clear PET,Glossy,None,Child resistant,No Tear Notch,1000,1,1.11,1105.09,25,828.8175,0.8288175000,UNVERIFIED,Published price-break card; 2-inch bottom gusset; freight/tax unverified.,https://flex-packaging.com/stand-up-bag/,HIGH: directly observed live display; discount user supplied
2026-10-06,Stand-up pouch,6 x 5 x 2,14 g,Clear PET,Glossy,None,Child resistant,No Tear Notch,2500,1,0.58,1437.65,25,1078.2375,0.4312950000,UNVERIFIED,Published price-break card; 2-inch bottom gusset; freight/tax unverified.,https://flex-packaging.com/stand-up-bag/,HIGH: directly observed live display; discount user supplied
2026-10-06,Stand-up pouch,6 x 5 x 2,14 g,Clear PET,Glossy,None,Child resistant,No Tear Notch,5000,1,0.40,2006.43,25,1504.8225,0.3009645000,UNVERIFIED,Published price-break card; 2-inch bottom gusset; freight/tax unverified.,https://flex-packaging.com/stand-up-bag/,HIGH: directly observed live display; discount user supplied
2026-10-06,Stand-up pouch,6 x 5 x 2,14 g,Clear PET,Glossy,None,Child resistant,No Tear Notch,10000,1,0.35,3464.07,25,2598.0525,0.2598052500,UNVERIFIED,Published price-break card; 2-inch bottom gusset; freight/tax unverified.,https://flex-packaging.com/stand-up-bag/,HIGH: directly observed live display; discount user supplied
2026-10-06,Stand-up pouch,6 x 5 x 2,14 g,Clear PET,Glossy,None,Child resistant,No Tear Notch,25000,1,0.30,7443.51,25,5582.6325,0.2233053000,UNVERIFIED,Published price-break card; 2-inch bottom gusset; freight/tax unverified.,https://flex-packaging.com/stand-up-bag/,HIGH: directly observed live display; discount user supplied
2026-10-06,Stand-up pouch,8 x 5 x 2,28 g,White PET,Soft Touch,None,Child resistant,No Tear Notch,500,1,2.16,1079.01,25,809.2575,1.6185150000,UNVERIFIED,Published price-break card; 2-inch bottom gusset; freight/tax unverified.,https://flex-packaging.com/stand-up-bag/,HIGH: directly observed live display; discount user supplied
2026-10-06,Stand-up pouch,8 x 5 x 2,28 g,White PET,Soft Touch,None,Child resistant,No Tear Notch,1000,1,1.25,1254.45,25,940.8375,0.9408375000,UNVERIFIED,Published price-break card; 2-inch bottom gusset; freight/tax unverified.,https://flex-packaging.com/stand-up-bag/,HIGH: directly observed live display; discount user supplied
2026-10-06,Stand-up pouch,8 x 5 x 2,28 g,White PET,Soft Touch,None,Child resistant,No Tear Notch,2500,1,0.69,1729.10,25,1296.8250,0.5187300000,UNVERIFIED,Published price-break card; 2-inch bottom gusset; freight/tax unverified.,https://flex-packaging.com/stand-up-bag/,HIGH: directly observed live display; discount user supplied
2026-10-06,Stand-up pouch,8 x 5 x 2,28 g,White PET,Soft Touch,None,Child resistant,No Tear Notch,5000,1,0.51,2541.25,25,1905.9375,0.3811875000,UNVERIFIED,Published price-break card; 2-inch bottom gusset; freight/tax unverified.,https://flex-packaging.com/stand-up-bag/,HIGH: directly observed live display; discount user supplied
2026-10-06,Stand-up pouch,8 x 5 x 2,28 g,White PET,Soft Touch,None,Child resistant,No Tear Notch,10000,1,0.47,4675.36,25,3506.5200,0.3506520000,UNVERIFIED,Published price-break card; 2-inch bottom gusset; freight/tax unverified.,https://flex-packaging.com/stand-up-bag/,HIGH: directly observed live display; discount user supplied
2026-10-06,Stand-up pouch,8 x 5 x 2,28 g,White PET,Soft Touch,None,Child resistant,No Tear Notch,25000,1,0.42,10436.19,25,7827.1425,0.3130857000,UNVERIFIED,Published price-break card; 2-inch bottom gusset; freight/tax unverified.,https://flex-packaging.com/stand-up-bag/,HIGH: directly observed live display; discount user supplied
2026-10-06,Stand-up pouch,8 x 5 x 2,28 g,White PET,Matte,None,Child resistant,No Tear Notch,500,1,2.16,1082.45,25,811.8375,1.6236750000,UNVERIFIED,Published price-break card; 2-inch bottom gusset; freight/tax unverified.,https://flex-packaging.com/stand-up-bag/,HIGH: directly observed live display; discount user supplied
2026-10-06,Stand-up pouch,8 x 5 x 2,28 g,White PET,Matte,None,Child resistant,No Tear Notch,1000,1,1.26,1259.77,25,944.8275,0.9448275000,UNVERIFIED,Published price-break card; 2-inch bottom gusset; freight/tax unverified.,https://flex-packaging.com/stand-up-bag/,HIGH: directly observed live display; discount user supplied
2026-10-06,Stand-up pouch,8 x 5 x 2,28 g,White PET,Matte,None,Child resistant,No Tear Notch,2500,1,0.70,1739.46,25,1304.5950,0.5218380000,UNVERIFIED,Published price-break card; 2-inch bottom gusset; freight/tax unverified.,https://flex-packaging.com/stand-up-bag/,HIGH: directly observed live display; discount user supplied
2026-10-06,Stand-up pouch,8 x 5 x 2,28 g,White PET,Matte,None,Child resistant,No Tear Notch,5000,1,0.51,2560.26,25,1920.1950,0.3840390000,UNVERIFIED,Published price-break card; 2-inch bottom gusset; freight/tax unverified.,https://flex-packaging.com/stand-up-bag/,HIGH: directly observed live display; discount user supplied
2026-10-06,Stand-up pouch,8 x 5 x 2,28 g,White PET,Matte,None,Child resistant,No Tear Notch,10000,1,0.47,4717.83,25,3538.3725,0.3538372500,UNVERIFIED,Published price-break card; 2-inch bottom gusset; freight/tax unverified.,https://flex-packaging.com/stand-up-bag/,HIGH: directly observed live display; discount user supplied
2026-10-06,Stand-up pouch,8 x 5 x 2,28 g,White PET,Matte,None,Child resistant,No Tear Notch,25000,1,0.42,10541.52,25,7906.1400,0.3162456000,UNVERIFIED,Published price-break card; 2-inch bottom gusset; freight/tax unverified.,https://flex-packaging.com/stand-up-bag/,HIGH: directly observed live display; discount user supplied
2026-10-06,Stand-up pouch,8 x 5 x 2,28 g,White PET,Glossy,None,Child resistant,No Tear Notch,500,1,2.06,1027.68,25,770.7600,1.5415200000,UNVERIFIED,Published price-break card; 2-inch bottom gusset; freight/tax unverified.,https://flex-packaging.com/stand-up-bag/,HIGH: directly observed live display; discount user supplied
2026-10-06,Stand-up pouch,8 x 5 x 2,28 g,White PET,Glossy,None,Child resistant,No Tear Notch,1000,1,1.17,1174.89,25,881.1675,0.8811675000,UNVERIFIED,Published price-break card; 2-inch bottom gusset; freight/tax unverified.,https://flex-packaging.com/stand-up-bag/,HIGH: directly observed live display; discount user supplied
2026-10-06,Stand-up pouch,8 x 5 x 2,28 g,White PET,Glossy,None,Child resistant,No Tear Notch,2500,1,0.63,1574.08,25,1180.5600,0.4722240000,UNVERIFIED,Published price-break card; 2-inch bottom gusset; freight/tax unverified.,https://flex-packaging.com/stand-up-bag/,HIGH: directly observed live display; discount user supplied
2026-10-06,Stand-up pouch,8 x 5 x 2,28 g,White PET,Glossy,None,Child resistant,No Tear Notch,5000,1,0.45,2256.91,25,1692.6825,0.3385365000,UNVERIFIED,Published price-break card; 2-inch bottom gusset; freight/tax unverified.,https://flex-packaging.com/stand-up-bag/,HIGH: directly observed live display; discount user supplied
2026-10-06,Stand-up pouch,8 x 5 x 2,28 g,White PET,Glossy,None,Child resistant,No Tear Notch,10000,1,0.40,4040.32,25,3030.2400,0.3030240000,UNVERIFIED,Published price-break card; 2-inch bottom gusset; freight/tax unverified.,https://flex-packaging.com/stand-up-bag/,HIGH: directly observed live display; discount user supplied
2026-10-06,Stand-up pouch,8 x 5 x 2,28 g,White PET,Glossy,None,Child resistant,No Tear Notch,25000,1,0.35,8861.53,25,6646.1475,0.2658459000,UNVERIFIED,Published price-break card; 2-inch bottom gusset; freight/tax unverified.,https://flex-packaging.com/stand-up-bag/,HIGH: directly observed live display; discount user supplied
2026-10-06,Stand-up pouch,8 x 5 x 2,28 g,Silver PET,Soft Touch,None,Child resistant,No Tear Notch,500,1,2.18,1092.33,25,819.2475,1.6384950000,UNVERIFIED,Published price-break card; 2-inch bottom gusset; freight/tax unverified.,https://flex-packaging.com/stand-up-bag/,HIGH: directly observed live display; discount user supplied
2026-10-06,Stand-up pouch,8 x 5 x 2,28 g,Silver PET,Soft Touch,None,Child resistant,No Tear Notch,1000,1,1.28,1275.09,25,956.3175,0.9563175000,UNVERIFIED,Published price-break card; 2-inch bottom gusset; freight/tax unverified.,https://flex-packaging.com/stand-up-bag/,HIGH: directly observed live display; discount user supplied
2026-10-06,Stand-up pouch,8 x 5 x 2,28 g,Silver PET,Soft Touch,None,Child resistant,No Tear Notch,2500,1,0.71,1769.32,25,1326.9900,0.5307960000,UNVERIFIED,Published price-break card; 2-inch bottom gusset; freight/tax unverified.,https://flex-packaging.com/stand-up-bag/,HIGH: directly observed live display; discount user supplied
2026-10-06,Stand-up pouch,8 x 5 x 2,28 g,Silver PET,Soft Touch,None,Child resistant,No Tear Notch,5000,1,0.52,2615.02,25,1961.2650,0.3922530000,UNVERIFIED,Published price-break card; 2-inch bottom gusset; freight/tax unverified.,https://flex-packaging.com/stand-up-bag/,HIGH: directly observed live display; discount user supplied
2026-10-06,Stand-up pouch,8 x 5 x 2,28 g,Silver PET,Soft Touch,None,Child resistant,No Tear Notch,10000,1,0.48,4840.13,25,3630.0975,0.3630097500,UNVERIFIED,Published price-break card; 2-inch bottom gusset; freight/tax unverified.,https://flex-packaging.com/stand-up-bag/,HIGH: directly observed live display; discount user supplied
2026-10-06,Stand-up pouch,8 x 5 x 2,28 g,Silver PET,Soft Touch,None,Child resistant,No Tear Notch,25000,1,0.43,10844.77,25,8133.5775,0.3253431000,UNVERIFIED,Published price-break card; 2-inch bottom gusset; freight/tax unverified.,https://flex-packaging.com/stand-up-bag/,HIGH: directly observed live display; discount user supplied
2026-10-06,Stand-up pouch,8 x 5 x 2,28 g,Silver PET,Matte,None,Child resistant,No Tear Notch,500,1,2.19,1095.77,25,821.8275,1.6436550000,UNVERIFIED,Published price-break card; 2-inch bottom gusset; freight/tax unverified.,https://flex-packaging.com/stand-up-bag/,HIGH: directly observed live display; discount user supplied
2026-10-06,Stand-up pouch,8 x 5 x 2,28 g,Silver PET,Matte,None,Child resistant,No Tear Notch,1000,1,1.28,1280.41,25,960.3075,0.9603075000,UNVERIFIED,Published price-break card; 2-inch bottom gusset; freight/tax unverified.,https://flex-packaging.com/stand-up-bag/,HIGH: directly observed live display; discount user supplied
2026-10-06,Stand-up pouch,8 x 5 x 2,28 g,Silver PET,Matte,None,Child resistant,No Tear Notch,2500,1,0.71,1779.69,25,1334.7675,0.5339070000,UNVERIFIED,Published price-break card; 2-inch bottom gusset; freight/tax unverified.,https://flex-packaging.com/stand-up-bag/,HIGH: directly observed live display; discount user supplied
2026-10-06,Stand-up pouch,8 x 5 x 2,28 g,Silver PET,Matte,None,Child resistant,No Tear Notch,5000,1,0.53,2634.04,25,1975.5300,0.3951060000,UNVERIFIED,Published price-break card; 2-inch bottom gusset; freight/tax unverified.,https://flex-packaging.com/stand-up-bag/,HIGH: directly observed live display; discount user supplied
2026-10-06,Stand-up pouch,8 x 5 x 2,28 g,Silver PET,Matte,None,Child resistant,No Tear Notch,10000,1,0.49,4882.61,25,3661.9575,0.3661957500,UNVERIFIED,Published price-break card; 2-inch bottom gusset; freight/tax unverified.,https://flex-packaging.com/stand-up-bag/,HIGH: directly observed live display; discount user supplied
2026-10-06,Stand-up pouch,8 x 5 x 2,28 g,Silver PET,Matte,None,Child resistant,No Tear Notch,25000,1,0.44,10950.10,25,8212.5750,0.3285030000,UNVERIFIED,Published price-break card; 2-inch bottom gusset; freight/tax unverified.,https://flex-packaging.com/stand-up-bag/,HIGH: directly observed live display; discount user supplied
2026-10-06,Stand-up pouch,8 x 5 x 2,28 g,Silver PET,Glossy,None,Child resistant,No Tear Notch,500,1,2.08,1041.00,25,780.7500,1.5615000000,UNVERIFIED,Published price-break card; 2-inch bottom gusset; freight/tax unverified.,https://flex-packaging.com/stand-up-bag/,HIGH: directly observed live display; discount user supplied
2026-10-06,Stand-up pouch,8 x 5 x 2,28 g,Silver PET,Glossy,None,Child resistant,No Tear Notch,1000,1,1.20,1195.54,25,896.6550,0.8966550000,UNVERIFIED,Published price-break card; 2-inch bottom gusset; freight/tax unverified.,https://flex-packaging.com/stand-up-bag/,HIGH: directly observed live display; discount user supplied
2026-10-06,Stand-up pouch,8 x 5 x 2,28 g,Silver PET,Glossy,None,Child resistant,No Tear Notch,2500,1,0.65,1614.30,25,1210.7250,0.4842900000,UNVERIFIED,Published price-break card; 2-inch bottom gusset; freight/tax unverified.,https://flex-packaging.com/stand-up-bag/,HIGH: directly observed live display; discount user supplied
2026-10-06,Stand-up pouch,8 x 5 x 2,28 g,Silver PET,Glossy,None,Child resistant,No Tear Notch,5000,1,0.47,2330.69,25,1748.0175,0.3496035000,UNVERIFIED,Published price-break card; 2-inch bottom gusset; freight/tax unverified.,https://flex-packaging.com/stand-up-bag/,HIGH: directly observed live display; discount user supplied
2026-10-06,Stand-up pouch,8 x 5 x 2,28 g,Silver PET,Glossy,None,Child resistant,No Tear Notch,10000,1,0.42,4205.09,25,3153.8175,0.3153817500,UNVERIFIED,Published price-break card; 2-inch bottom gusset; freight/tax unverified.,https://flex-packaging.com/stand-up-bag/,HIGH: directly observed live display; discount user supplied
2026-10-06,Stand-up pouch,8 x 5 x 2,28 g,Silver PET,Glossy,None,Child resistant,No Tear Notch,25000,1,0.37,9270.11,25,6952.5825,0.2781033000,UNVERIFIED,Published price-break card; 2-inch bottom gusset; freight/tax unverified.,https://flex-packaging.com/stand-up-bag/,HIGH: directly observed live display; discount user supplied
2026-10-06,Stand-up pouch,8 x 5 x 2,28 g,Hologram,Soft Touch,None,Child resistant,No Tear Notch,500,1,2.22,1108.69,25,831.5175,1.6630350000,UNVERIFIED,Published price-break card; 2-inch bottom gusset; freight/tax unverified.,https://flex-packaging.com/stand-up-bag/,HIGH: directly observed live display; discount user supplied
2026-10-06,Stand-up pouch,8 x 5 x 2,28 g,Hologram,Soft Touch,None,Child resistant,No Tear Notch,1000,1,1.30,1300.44,25,975.3300,0.9753300000,UNVERIFIED,Published price-break card; 2-inch bottom gusset; freight/tax unverified.,https://flex-packaging.com/stand-up-bag/,HIGH: directly observed live display; discount user supplied
2026-10-06,Stand-up pouch,8 x 5 x 2,28 g,Hologram,Soft Touch,None,Child resistant,No Tear Notch,2500,1,0.73,1818.71,25,1364.0325,0.5456130000,UNVERIFIED,Published price-break card; 2-inch bottom gusset; freight/tax unverified.,https://flex-packaging.com/stand-up-bag/,HIGH: directly observed live display; discount user supplied
2026-10-06,Stand-up pouch,8 x 5 x 2,28 g,Hologram,Soft Touch,None,Child resistant,No Tear Notch,5000,1,0.54,2705.62,25,2029.2150,0.4058430000,UNVERIFIED,Published price-break card; 2-inch bottom gusset; freight/tax unverified.,https://flex-packaging.com/stand-up-bag/,HIGH: directly observed live display; discount user supplied
2026-10-06,Stand-up pouch,8 x 5 x 2,28 g,Hologram,Soft Touch,None,Child resistant,No Tear Notch,10000,1,0.50,5042.47,25,3781.8525,0.3781852500,UNVERIFIED,Published price-break card; 2-inch bottom gusset; freight/tax unverified.,https://flex-packaging.com/stand-up-bag/,HIGH: directly observed live display; discount user supplied
2026-10-06,Stand-up pouch,8 x 5 x 2,28 g,Hologram,Soft Touch,None,Child resistant,No Tear Notch,25000,1,0.45,11346.50,25,8509.8750,0.3403950000,UNVERIFIED,Published price-break card; 2-inch bottom gusset; freight/tax unverified.,https://flex-packaging.com/stand-up-bag/,HIGH: directly observed live display; discount user supplied
2026-10-06,Stand-up pouch,8 x 5 x 2,28 g,Hologram,Matte,None,Child resistant,No Tear Notch,500,1,2.22,1112.12,25,834.0900,1.6681800000,UNVERIFIED,Published price-break card; 2-inch bottom gusset; freight/tax unverified.,https://flex-packaging.com/stand-up-bag/,HIGH: directly observed live display; discount user supplied
2026-10-06,Stand-up pouch,8 x 5 x 2,28 g,Hologram,Matte,None,Child resistant,No Tear Notch,1000,1,1.31,1305.76,25,979.3200,0.9793200000,UNVERIFIED,Published price-break card; 2-inch bottom gusset; freight/tax unverified.,https://flex-packaging.com/stand-up-bag/,HIGH: directly observed live display; discount user supplied
2026-10-06,Stand-up pouch,8 x 5 x 2,28 g,Hologram,Matte,None,Child resistant,No Tear Notch,2500,1,0.73,1829.08,25,1371.8100,0.5487240000,UNVERIFIED,Published price-break card; 2-inch bottom gusset; freight/tax unverified.,https://flex-packaging.com/stand-up-bag/,HIGH: directly observed live display; discount user supplied
2026-10-06,Stand-up pouch,8 x 5 x 2,28 g,Hologram,Matte,None,Child resistant,No Tear Notch,5000,1,0.54,2724.64,25,2043.4800,0.4086960000,UNVERIFIED,Published price-break card; 2-inch bottom gusset; freight/tax unverified.,https://flex-packaging.com/stand-up-bag/,HIGH: directly observed live display; discount user supplied
2026-10-06,Stand-up pouch,8 x 5 x 2,28 g,Hologram,Matte,None,Child resistant,No Tear Notch,10000,1,0.51,5084.95,25,3813.7125,0.3813712500,UNVERIFIED,Published price-break card; 2-inch bottom gusset; freight/tax unverified.,https://flex-packaging.com/stand-up-bag/,HIGH: directly observed live display; discount user supplied
2026-10-06,Stand-up pouch,8 x 5 x 2,28 g,Hologram,Matte,None,Child resistant,No Tear Notch,25000,1,0.46,11451.83,25,8588.8725,0.3435549000,UNVERIFIED,Published price-break card; 2-inch bottom gusset; freight/tax unverified.,https://flex-packaging.com/stand-up-bag/,HIGH: directly observed live display; discount user supplied
2026-10-06,Stand-up pouch,8 x 5 x 2,28 g,Hologram,Glossy,None,Child resistant,No Tear Notch,500,1,2.11,1057.36,25,793.0200,1.5860400000,UNVERIFIED,Published price-break card; 2-inch bottom gusset; freight/tax unverified.,https://flex-packaging.com/stand-up-bag/,HIGH: directly observed live display; discount user supplied
2026-10-06,Stand-up pouch,8 x 5 x 2,28 g,Hologram,Glossy,None,Child resistant,No Tear Notch,1000,1,1.22,1220.88,25,915.6600,0.9156600000,UNVERIFIED,Published price-break card; 2-inch bottom gusset; freight/tax unverified.,https://flex-packaging.com/stand-up-bag/,HIGH: directly observed live display; discount user supplied
2026-10-06,Stand-up pouch,8 x 5 x 2,28 g,Hologram,Glossy,None,Child resistant,No Tear Notch,2500,1,0.67,1663.70,25,1247.7750,0.4991100000,UNVERIFIED,Published price-break card; 2-inch bottom gusset; freight/tax unverified.,https://flex-packaging.com/stand-up-bag/,HIGH: directly observed live display; discount user supplied
2026-10-06,Stand-up pouch,8 x 5 x 2,28 g,Hologram,Glossy,None,Child resistant,No Tear Notch,5000,1,0.48,2421.29,25,1815.9675,0.3631935000,UNVERIFIED,Published price-break card; 2-inch bottom gusset; freight/tax unverified.,https://flex-packaging.com/stand-up-bag/,HIGH: directly observed live display; discount user supplied
2026-10-06,Stand-up pouch,8 x 5 x 2,28 g,Hologram,Glossy,None,Child resistant,No Tear Notch,10000,1,0.44,4407.43,25,3305.5725,0.3305572500,UNVERIFIED,Published price-break card; 2-inch bottom gusset; freight/tax unverified.,https://flex-packaging.com/stand-up-bag/,HIGH: directly observed live display; discount user supplied
2026-10-06,Stand-up pouch,8 x 5 x 2,28 g,Hologram,Glossy,None,Child resistant,No Tear Notch,25000,1,0.39,9771.84,25,7328.8800,0.2931552000,UNVERIFIED,Published price-break card; 2-inch bottom gusset; freight/tax unverified.,https://flex-packaging.com/stand-up-bag/,HIGH: directly observed live display; discount user supplied
2026-10-06,Stand-up pouch,8 x 5 x 2,28 g,Clear PET,Soft Touch,None,Child resistant,No Tear Notch,500,1,2.22,1112.27,25,834.2025,1.6684050000,UNVERIFIED,Published price-break card; 2-inch bottom gusset; freight/tax unverified.,https://flex-packaging.com/stand-up-bag/,HIGH: directly observed live display; discount user supplied
2026-10-06,Stand-up pouch,8 x 5 x 2,28 g,Clear PET,Soft Touch,None,Child resistant,No Tear Notch,1000,1,1.31,1306.00,25,979.5000,0.9795000000,UNVERIFIED,Published price-break card; 2-inch bottom gusset; freight/tax unverified.,https://flex-packaging.com/stand-up-bag/,HIGH: directly observed live display; discount user supplied
2026-10-06,Stand-up pouch,8 x 5 x 2,28 g,Clear PET,Soft Touch,None,Child resistant,No Tear Notch,2500,1,0.73,1829.53,25,1372.1475,0.5488590000,UNVERIFIED,Published price-break card; 2-inch bottom gusset; freight/tax unverified.,https://flex-packaging.com/stand-up-bag/,HIGH: directly observed live display; discount user supplied
2026-10-06,Stand-up pouch,8 x 5 x 2,28 g,Clear PET,Soft Touch,None,Child resistant,No Tear Notch,5000,1,0.55,2725.48,25,2044.1100,0.4088220000,UNVERIFIED,Published price-break card; 2-inch bottom gusset; freight/tax unverified.,https://flex-packaging.com/stand-up-bag/,HIGH: directly observed live display; discount user supplied
2026-10-06,Stand-up pouch,8 x 5 x 2,28 g,Clear PET,Soft Touch,None,Child resistant,No Tear Notch,10000,1,0.51,5086.82,25,3815.1150,0.3815115000,UNVERIFIED,Published price-break card; 2-inch bottom gusset; freight/tax unverified.,https://flex-packaging.com/stand-up-bag/,HIGH: directly observed live display; discount user supplied
2026-10-06,Stand-up pouch,8 x 5 x 2,28 g,Clear PET,Soft Touch,None,Child resistant,No Tear Notch,25000,1,0.46,11456.48,25,8592.3600,0.3436944000,UNVERIFIED,Published price-break card; 2-inch bottom gusset; freight/tax unverified.,https://flex-packaging.com/stand-up-bag/,HIGH: directly observed live display; discount user supplied
2026-10-06,Stand-up pouch,8 x 5 x 2,28 g,Clear PET,Matte,None,Child resistant,No Tear Notch,500,1,2.23,1115.71,25,836.7825,1.6735650000,UNVERIFIED,Published price-break card; 2-inch bottom gusset; freight/tax unverified.,https://flex-packaging.com/stand-up-bag/,HIGH: directly observed live display; discount user supplied
2026-10-06,Stand-up pouch,8 x 5 x 2,28 g,Clear PET,Matte,None,Child resistant,No Tear Notch,1000,1,1.31,1311.32,25,983.4900,0.9834900000,UNVERIFIED,Published price-break card; 2-inch bottom gusset; freight/tax unverified.,https://flex-packaging.com/stand-up-bag/,HIGH: directly observed live display; discount user supplied
2026-10-06,Stand-up pouch,8 x 5 x 2,28 g,Clear PET,Matte,None,Child resistant,No Tear Notch,2500,1,0.74,1839.90,25,1379.9250,0.5519700000,UNVERIFIED,Published price-break card; 2-inch bottom gusset; freight/tax unverified.,https://flex-packaging.com/stand-up-bag/,HIGH: directly observed live display; discount user supplied
2026-10-06,Stand-up pouch,8 x 5 x 2,28 g,Clear PET,Matte,None,Child resistant,No Tear Notch,5000,1,0.55,2744.50,25,2058.3750,0.4116750000,UNVERIFIED,Published price-break card; 2-inch bottom gusset; freight/tax unverified.,https://flex-packaging.com/stand-up-bag/,HIGH: directly observed live display; discount user supplied
2026-10-06,Stand-up pouch,8 x 5 x 2,28 g,Clear PET,Matte,None,Child resistant,No Tear Notch,10000,1,0.51,5129.30,25,3846.9750,0.3846975000,UNVERIFIED,Published price-break card; 2-inch bottom gusset; freight/tax unverified.,https://flex-packaging.com/stand-up-bag/,HIGH: directly observed live display; discount user supplied
2026-10-06,Stand-up pouch,8 x 5 x 2,28 g,Clear PET,Matte,None,Child resistant,No Tear Notch,25000,1,0.46,11561.81,25,8671.3575,0.3468543000,UNVERIFIED,Published price-break card; 2-inch bottom gusset; freight/tax unverified.,https://flex-packaging.com/stand-up-bag/,HIGH: directly observed live display; discount user supplied
2026-10-06,Stand-up pouch,8 x 5 x 2,28 g,Clear PET,Glossy,None,Child resistant,No Tear Notch,500,1,2.12,1060.94,25,795.7050,1.5914100000,UNVERIFIED,Published price-break card; 2-inch bottom gusset; freight/tax unverified.,https://flex-packaging.com/stand-up-bag/,HIGH: directly observed live display; discount user supplied
2026-10-06,Stand-up pouch,8 x 5 x 2,28 g,Clear PET,Glossy,None,Child resistant,No Tear Notch,1000,1,1.23,1226.44,25,919.8300,0.9198300000,UNVERIFIED,Published price-break card; 2-inch bottom gusset; freight/tax unverified.,https://flex-packaging.com/stand-up-bag/,HIGH: directly observed live display; discount user supplied
2026-10-06,Stand-up pouch,8 x 5 x 2,28 g,Clear PET,Glossy,None,Child resistant,No Tear Notch,2500,1,0.67,1674.52,25,1255.8900,0.5023560000,UNVERIFIED,Published price-break card; 2-inch bottom gusset; freight/tax unverified.,https://flex-packaging.com/stand-up-bag/,HIGH: directly observed live display; discount user supplied
2026-10-06,Stand-up pouch,8 x 5 x 2,28 g,Clear PET,Glossy,None,Child resistant,No Tear Notch,5000,1,0.49,2441.14,25,1830.8550,0.3661710000,UNVERIFIED,Published price-break card; 2-inch bottom gusset; freight/tax unverified.,https://flex-packaging.com/stand-up-bag/,HIGH: directly observed live display; discount user supplied
2026-10-06,Stand-up pouch,8 x 5 x 2,28 g,Clear PET,Glossy,None,Child resistant,No Tear Notch,10000,1,0.45,4451.79,25,3338.8425,0.3338842500,UNVERIFIED,Published price-break card; 2-inch bottom gusset; freight/tax unverified.,https://flex-packaging.com/stand-up-bag/,HIGH: directly observed live display; discount user supplied
2026-10-06,Stand-up pouch,8 x 5 x 2,28 g,Clear PET,Glossy,None,Child resistant,No Tear Notch,25000,1,0.40,9881.82,25,7411.3650,0.2964546000,UNVERIFIED,Published price-break card; 2-inch bottom gusset; freight/tax unverified.,https://flex-packaging.com/stand-up-bag/,HIGH: directly observed live display; discount user supplied
2026-10-06,Stand-up pouch,3.5 x 4.5 x 2,1 g,White PET,Soft Touch,Standard,Child resistant,No Tear Notch,500,1,2.37,1183.10,25,887.3250,1.7746500000,UNVERIFIED,Published price-break card; 2-inch bottom gusset; freight/tax unverified.,https://flex-packaging.com/stand-up-bag/,HIGH: directly observed live display; discount user supplied
2026-10-06,Stand-up pouch,3.5 x 4.5 x 2,1 g,White PET,Soft Touch,Standard,Child resistant,No Tear Notch,1000,1,1.33,1333.27,25,999.9525,0.9999525000,UNVERIFIED,Published price-break card; 2-inch bottom gusset; freight/tax unverified.,https://flex-packaging.com/stand-up-bag/,HIGH: directly observed live display; discount user supplied
2026-10-06,Stand-up pouch,3.5 x 4.5 x 2,1 g,White PET,Soft Touch,Standard,Child resistant,No Tear Notch,2500,1,0.70,1739.59,25,1304.6925,0.5218770000,UNVERIFIED,Published price-break card; 2-inch bottom gusset; freight/tax unverified.,https://flex-packaging.com/stand-up-bag/,HIGH: directly observed live display; discount user supplied
2026-10-06,Stand-up pouch,3.5 x 4.5 x 2,1 g,White PET,Soft Touch,Standard,Child resistant,No Tear Notch,5000,1,0.48,2412.38,25,1809.2850,0.3618570000,UNVERIFIED,Published price-break card; 2-inch bottom gusset; freight/tax unverified.,https://flex-packaging.com/stand-up-bag/,HIGH: directly observed live display; discount user supplied
2026-10-06,Stand-up pouch,3.5 x 4.5 x 2,1 g,White PET,Soft Touch,Standard,Child resistant,No Tear Notch,10000,1,0.42,4236.20,25,3177.1500,0.3177150000,UNVERIFIED,Published price-break card; 2-inch bottom gusset; freight/tax unverified.,https://flex-packaging.com/stand-up-bag/,HIGH: directly observed live display; discount user supplied
2026-10-06,Stand-up pouch,3.5 x 4.5 x 2,1 g,White PET,Soft Touch,Standard,Child resistant,No Tear Notch,25000,1,0.36,9087.21,25,6815.4075,0.2726163000,UNVERIFIED,Published price-break card; 2-inch bottom gusset; freight/tax unverified.,https://flex-packaging.com/stand-up-bag/,HIGH: directly observed live display; discount user supplied
2026-10-06,Stand-up pouch,3.5 x 4.5 x 2,1 g,White PET,Soft Touch,Raised UV,Child resistant,No Tear Notch,500,1,2.55,1273.10,25,954.8250,1.9096500000,UNVERIFIED,Published price-break card; 2-inch bottom gusset; freight/tax unverified.,https://flex-packaging.com/stand-up-bag/,HIGH: directly observed live display; discount user supplied
2026-10-06,Stand-up pouch,3.5 x 4.5 x 2,1 g,White PET,Soft Touch,Raised UV,Child resistant,No Tear Notch,1000,1,1.45,1445.27,25,1083.9525,1.0839525000,UNVERIFIED,Published price-break card; 2-inch bottom gusset; freight/tax unverified.,https://flex-packaging.com/stand-up-bag/,HIGH: directly observed live display; discount user supplied
2026-10-06,Stand-up pouch,3.5 x 4.5 x 2,1 g,White PET,Soft Touch,Raised UV,Child resistant,No Tear Notch,2500,1,0.76,1910.39,25,1432.7925,0.5731170000,UNVERIFIED,Published price-break card; 2-inch bottom gusset; freight/tax unverified.,https://flex-packaging.com/stand-up-bag/,HIGH: directly observed live display; discount user supplied
2026-10-06,Stand-up pouch,3.5 x 4.5 x 2,1 g,White PET,Soft Touch,Raised UV,Child resistant,No Tear Notch,5000,1,0.54,2680.69,25,2010.5175,0.4021035000,UNVERIFIED,Published price-break card; 2-inch bottom gusset; freight/tax unverified.,https://flex-packaging.com/stand-up-bag/,HIGH: directly observed live display; discount user supplied
2026-10-06,Stand-up pouch,3.5 x 4.5 x 2,1 g,White PET,Soft Touch,Raised UV,Child resistant,No Tear Notch,10000,1,0.48,4777.23,25,3582.9225,0.3582922500,UNVERIFIED,Published price-break card; 2-inch bottom gusset; freight/tax unverified.,https://flex-packaging.com/stand-up-bag/,HIGH: directly observed live display; discount user supplied
2026-10-06,Stand-up pouch,3.5 x 4.5 x 2,1 g,White PET,Soft Touch,Raised UV,Child resistant,No Tear Notch,25000,1,0.41,10348.39,25,7761.2925,0.3104517000,UNVERIFIED,Published price-break card; 2-inch bottom gusset; freight/tax unverified.,https://flex-packaging.com/stand-up-bag/,HIGH: directly observed live display; discount user supplied
2026-10-06,Stand-up pouch,3.5 x 4.5 x 2,1 g,White PET,Matte,Standard,Child resistant,No Tear Notch,500,1,2.37,1184.66,25,888.4950,1.7769900000,UNVERIFIED,Published price-break card; 2-inch bottom gusset; freight/tax unverified.,https://flex-packaging.com/stand-up-bag/,HIGH: directly observed live display; discount user supplied
2026-10-06,Stand-up pouch,3.5 x 4.5 x 2,1 g,White PET,Matte,Standard,Child resistant,No Tear Notch,1000,1,1.34,1335.69,25,1001.7675,1.0017675000,UNVERIFIED,Published price-break card; 2-inch bottom gusset; freight/tax unverified.,https://flex-packaging.com/stand-up-bag/,HIGH: directly observed live display; discount user supplied
2026-10-06,Stand-up pouch,3.5 x 4.5 x 2,1 g,White PET,Matte,Standard,Child resistant,No Tear Notch,2500,1,0.70,1744.31,25,1308.2325,0.5232930000,UNVERIFIED,Published price-break card; 2-inch bottom gusset; freight/tax unverified.,https://flex-packaging.com/stand-up-bag/,HIGH: directly observed live display; discount user supplied
2026-10-06,Stand-up pouch,3.5 x 4.5 x 2,1 g,White PET,Matte,Standard,Child resistant,No Tear Notch,5000,1,0.48,2420.90,25,1815.6750,0.3631350000,UNVERIFIED,Published price-break card; 2-inch bottom gusset; freight/tax unverified.,https://flex-packaging.com/stand-up-bag/,HIGH: directly observed live display; discount user supplied
2026-10-06,Stand-up pouch,3.5 x 4.5 x 2,1 g,White PET,Matte,Standard,Child resistant,No Tear Notch,10000,1,0.43,4255.37,25,3191.5275,0.3191527500,UNVERIFIED,Published price-break card; 2-inch bottom gusset; freight/tax unverified.,https://flex-packaging.com/stand-up-bag/,HIGH: directly observed live display; discount user supplied
2026-10-06,Stand-up pouch,3.5 x 4.5 x 2,1 g,White PET,Matte,Standard,Child resistant,No Tear Notch,25000,1,0.37,9134.49,25,6850.8675,0.2740347000,UNVERIFIED,Published price-break card; 2-inch bottom gusset; freight/tax unverified.,https://flex-packaging.com/stand-up-bag/,HIGH: directly observed live display; discount user supplied
2026-10-06,Stand-up pouch,3.5 x 4.5 x 2,1 g,White PET,Matte,Raised UV,Child resistant,No Tear Notch,500,1,2.55,1274.66,25,955.9950,1.9119900000,UNVERIFIED,Published price-break card; 2-inch bottom gusset; freight/tax unverified.,https://flex-packaging.com/stand-up-bag/,HIGH: directly observed live display; discount user supplied
2026-10-06,Stand-up pouch,3.5 x 4.5 x 2,1 g,White PET,Matte,Raised UV,Child resistant,No Tear Notch,1000,1,1.45,1447.69,25,1085.7675,1.0857675000,UNVERIFIED,Published price-break card; 2-inch bottom gusset; freight/tax unverified.,https://flex-packaging.com/stand-up-bag/,HIGH: directly observed live display; discount user supplied
2026-10-06,Stand-up pouch,3.5 x 4.5 x 2,1 g,White PET,Matte,Raised UV,Child resistant,No Tear Notch,2500,1,0.77,1915.10,25,1436.3250,0.5745300000,UNVERIFIED,Published price-break card; 2-inch bottom gusset; freight/tax unverified.,https://flex-packaging.com/stand-up-bag/,HIGH: directly observed live display; discount user supplied
2026-10-06,Stand-up pouch,3.5 x 4.5 x 2,1 g,White PET,Matte,Raised UV,Child resistant,No Tear Notch,5000,1,0.54,2689.21,25,2016.9075,0.4033815000,UNVERIFIED,Published price-break card; 2-inch bottom gusset; freight/tax unverified.,https://flex-packaging.com/stand-up-bag/,HIGH: directly observed live display; discount user supplied
2026-10-06,Stand-up pouch,3.5 x 4.5 x 2,1 g,White PET,Matte,Raised UV,Child resistant,No Tear Notch,10000,1,0.48,4796.40,25,3597.3000,0.3597300000,UNVERIFIED,Published price-break card; 2-inch bottom gusset; freight/tax unverified.,https://flex-packaging.com/stand-up-bag/,HIGH: directly observed live display; discount user supplied
2026-10-06,Stand-up pouch,3.5 x 4.5 x 2,1 g,White PET,Matte,Raised UV,Child resistant,No Tear Notch,25000,1,0.42,10395.67,25,7796.7525,0.3118701000,UNVERIFIED,Published price-break card; 2-inch bottom gusset; freight/tax unverified.,https://flex-packaging.com/stand-up-bag/,HIGH: directly observed live display; discount user supplied
2026-10-06,Stand-up pouch,3.5 x 4.5 x 2,1 g,Silver PET,Soft Touch,Standard,Child resistant,No Tear Notch,500,1,2.38,1188.07,25,891.0525,1.7821050000,UNVERIFIED,Published price-break card; 2-inch bottom gusset; freight/tax unverified.,https://flex-packaging.com/stand-up-bag/,HIGH: directly observed live display; discount user supplied
2026-10-06,Stand-up pouch,3.5 x 4.5 x 2,1 g,Silver PET,Soft Touch,Standard,Child resistant,No Tear Notch,1000,1,1.34,1340.97,25,1005.7275,1.0057275000,UNVERIFIED,Published price-break card; 2-inch bottom gusset; freight/tax unverified.,https://flex-packaging.com/stand-up-bag/,HIGH: directly observed live display; discount user supplied
2026-10-06,Stand-up pouch,3.5 x 4.5 x 2,1 g,Silver PET,Soft Touch,Standard,Child resistant,No Tear Notch,2500,1,0.70,1754.59,25,1315.9425,0.5263770000,UNVERIFIED,Published price-break card; 2-inch bottom gusset; freight/tax unverified.,https://flex-packaging.com/stand-up-bag/,HIGH: directly observed live display; discount user supplied
2026-10-06,Stand-up pouch,3.5 x 4.5 x 2,1 g,Silver PET,Soft Touch,Standard,Child resistant,No Tear Notch,5000,1,0.49,2439.47,25,1829.6025,0.3659205000,UNVERIFIED,Published price-break card; 2-inch bottom gusset; freight/tax unverified.,https://flex-packaging.com/stand-up-bag/,HIGH: directly observed live display; discount user supplied
2026-10-06,Stand-up pouch,3.5 x 4.5 x 2,1 g,Silver PET,Soft Touch,Standard,Child resistant,No Tear Notch,10000,1,0.43,4297.15,25,3222.8625,0.3222862500,UNVERIFIED,Published price-break card; 2-inch bottom gusset; freight/tax unverified.,https://flex-packaging.com/stand-up-bag/,HIGH: directly observed live display; discount user supplied
2026-10-06,Stand-up pouch,3.5 x 4.5 x 2,1 g,Silver PET,Soft Touch,Standard,Child resistant,No Tear Notch,25000,1,0.37,9237.54,25,6928.1550,0.2771262000,UNVERIFIED,Published price-break card; 2-inch bottom gusset; freight/tax unverified.,https://flex-packaging.com/stand-up-bag/,HIGH: directly observed live display; discount user supplied
2026-10-06,Stand-up pouch,3.5 x 4.5 x 2,1 g,Silver PET,Soft Touch,Raised UV,Child resistant,No Tear Notch,500,1,2.56,1278.07,25,958.5525,1.9171050000,UNVERIFIED,Published price-break card; 2-inch bottom gusset; freight/tax unverified.,https://flex-packaging.com/stand-up-bag/,HIGH: directly observed live display; discount user supplied
2026-10-06,Stand-up pouch,3.5 x 4.5 x 2,1 g,Silver PET,Soft Touch,Raised UV,Child resistant,No Tear Notch,1000,1,1.45,1452.96,25,1089.7200,1.0897200000,UNVERIFIED,Published price-break card; 2-inch bottom gusset; freight/tax unverified.,https://flex-packaging.com/stand-up-bag/,HIGH: directly observed live display; discount user supplied
2026-10-06,Stand-up pouch,3.5 x 4.5 x 2,1 g,Silver PET,Soft Touch,Raised UV,Child resistant,No Tear Notch,2500,1,0.77,1925.38,25,1444.0350,0.5776140000,UNVERIFIED,Published price-break card; 2-inch bottom gusset; freight/tax unverified.,https://flex-packaging.com/stand-up-bag/,HIGH: directly observed live display; discount user supplied
2026-10-06,Stand-up pouch,3.5 x 4.5 x 2,1 g,Silver PET,Soft Touch,Raised UV,Child resistant,No Tear Notch,5000,1,0.54,2707.79,25,2030.8425,0.4061685000,UNVERIFIED,Published price-break card; 2-inch bottom gusset; freight/tax unverified.,https://flex-packaging.com/stand-up-bag/,HIGH: directly observed live display; discount user supplied
2026-10-06,Stand-up pouch,3.5 x 4.5 x 2,1 g,Silver PET,Soft Touch,Raised UV,Child resistant,No Tear Notch,10000,1,0.48,4838.18,25,3628.6350,0.3628635000,UNVERIFIED,Published price-break card; 2-inch bottom gusset; freight/tax unverified.,https://flex-packaging.com/stand-up-bag/,HIGH: directly observed live display; discount user supplied
2026-10-06,Stand-up pouch,3.5 x 4.5 x 2,1 g,Silver PET,Soft Touch,Raised UV,Child resistant,No Tear Notch,25000,1,0.42,10498.73,25,7874.0475,0.3149619000,UNVERIFIED,Published price-break card; 2-inch bottom gusset; freight/tax unverified.,https://flex-packaging.com/stand-up-bag/,HIGH: directly observed live display; discount user supplied
2026-10-06,Stand-up pouch,3.5 x 4.5 x 2,1 g,Silver PET,Matte,Standard,Child resistant,No Tear Notch,500,1,2.38,1189.63,25,892.2225,1.7844450000,UNVERIFIED,Published price-break card; 2-inch bottom gusset; freight/tax unverified.,https://flex-packaging.com/stand-up-bag/,HIGH: directly observed live display; discount user supplied
2026-10-06,Stand-up pouch,3.5 x 4.5 x 2,1 g,Silver PET,Matte,Standard,Child resistant,No Tear Notch,1000,1,1.34,1343.39,25,1007.5425,1.0075425000,UNVERIFIED,Published price-break card; 2-inch bottom gusset; freight/tax unverified.,https://flex-packaging.com/stand-up-bag/,HIGH: directly observed live display; discount user supplied
2026-10-06,Stand-up pouch,3.5 x 4.5 x 2,1 g,Silver PET,Matte,Standard,Child resistant,No Tear Notch,2500,1,0.70,1759.30,25,1319.4750,0.5277900000,UNVERIFIED,Published price-break card; 2-inch bottom gusset; freight/tax unverified.,https://flex-packaging.com/stand-up-bag/,HIGH: directly observed live display; discount user supplied
2026-10-06,Stand-up pouch,3.5 x 4.5 x 2,1 g,Silver PET,Matte,Standard,Child resistant,No Tear Notch,5000,1,0.49,2448.00,25,1836.0000,0.3672000000,UNVERIFIED,Published price-break card; 2-inch bottom gusset; freight/tax unverified.,https://flex-packaging.com/stand-up-bag/,HIGH: directly observed live display; discount user supplied
2026-10-06,Stand-up pouch,3.5 x 4.5 x 2,1 g,Silver PET,Matte,Standard,Child resistant,No Tear Notch,10000,1,0.43,4316.32,25,3237.2400,0.3237240000,UNVERIFIED,Published price-break card; 2-inch bottom gusset; freight/tax unverified.,https://flex-packaging.com/stand-up-bag/,HIGH: directly observed live display; discount user supplied
2026-10-06,Stand-up pouch,3.5 x 4.5 x 2,1 g,Silver PET,Matte,Standard,Child resistant,No Tear Notch,25000,1,0.37,9284.82,25,6963.6150,0.2785446000,UNVERIFIED,Published price-break card; 2-inch bottom gusset; freight/tax unverified.,https://flex-packaging.com/stand-up-bag/,HIGH: directly observed live display; discount user supplied
2026-10-06,Stand-up pouch,3.5 x 4.5 x 2,1 g,Silver PET,Matte,Raised UV,Child resistant,No Tear Notch,500,1,2.56,1279.63,25,959.7225,1.9194450000,UNVERIFIED,Published price-break card; 2-inch bottom gusset; freight/tax unverified.,https://flex-packaging.com/stand-up-bag/,HIGH: directly observed live display; discount user supplied
2026-10-06,Stand-up pouch,3.5 x 4.5 x 2,1 g,Silver PET,Matte,Raised UV,Child resistant,No Tear Notch,1000,1,1.46,1455.38,25,1091.5350,1.0915350000,UNVERIFIED,Published price-break card; 2-inch bottom gusset; freight/tax unverified.,https://flex-packaging.com/stand-up-bag/,HIGH: directly observed live display; discount user supplied
2026-10-06,Stand-up pouch,3.5 x 4.5 x 2,1 g,Silver PET,Matte,Raised UV,Child resistant,No Tear Notch,2500,1,0.77,1930.10,25,1447.5750,0.5790300000,UNVERIFIED,Published price-break card; 2-inch bottom gusset; freight/tax unverified.,https://flex-packaging.com/stand-up-bag/,HIGH: directly observed live display; discount user supplied
2026-10-06,Stand-up pouch,3.5 x 4.5 x 2,1 g,Silver PET,Matte,Raised UV,Child resistant,No Tear Notch,5000,1,0.54,2716.31,25,2037.2325,0.4074465000,UNVERIFIED,Published price-break card; 2-inch bottom gusset; freight/tax unverified.,https://flex-packaging.com/stand-up-bag/,HIGH: directly observed live display; discount user supplied
2026-10-06,Stand-up pouch,3.5 x 4.5 x 2,1 g,Silver PET,Matte,Raised UV,Child resistant,No Tear Notch,10000,1,0.49,4857.35,25,3643.0125,0.3643012500,UNVERIFIED,Published price-break card; 2-inch bottom gusset; freight/tax unverified.,https://flex-packaging.com/stand-up-bag/,HIGH: directly observed live display; discount user supplied
2026-10-06,Stand-up pouch,3.5 x 4.5 x 2,1 g,Silver PET,Matte,Raised UV,Child resistant,No Tear Notch,25000,1,0.42,10546.01,25,7909.5075,0.3163803000,UNVERIFIED,Published price-break card; 2-inch bottom gusset; freight/tax unverified.,https://flex-packaging.com/stand-up-bag/,HIGH: directly observed live display; discount user supplied
2026-10-06,Stand-up pouch,3.5 x 4.5 x 2,1 g,Hologram,Soft Touch,Standard,Child resistant,No Tear Notch,500,1,2.39,1195.51,25,896.6325,1.7932650000,UNVERIFIED,Published price-break card; 2-inch bottom gusset; freight/tax unverified.,https://flex-packaging.com/stand-up-bag/,HIGH: directly observed live display; discount user supplied
2026-10-06,Stand-up pouch,3.5 x 4.5 x 2,1 g,Hologram,Soft Touch,Standard,Child resistant,No Tear Notch,1000,1,1.35,1352.50,25,1014.3750,1.0143750000,UNVERIFIED,Published price-break card; 2-inch bottom gusset; freight/tax unverified.,https://flex-packaging.com/stand-up-bag/,HIGH: directly observed live display; discount user supplied
2026-10-06,Stand-up pouch,3.5 x 4.5 x 2,1 g,Hologram,Soft Touch,Standard,Child resistant,No Tear Notch,2500,1,0.71,1777.05,25,1332.7875,0.5331150000,UNVERIFIED,Published price-break card; 2-inch bottom gusset; freight/tax unverified.,https://flex-packaging.com/stand-up-bag/,HIGH: directly observed live display; discount user supplied
2026-10-06,Stand-up pouch,3.5 x 4.5 x 2,1 g,Hologram,Soft Touch,Standard,Child resistant,No Tear Notch,5000,1,0.50,2480.07,25,1860.0525,0.3720105000,UNVERIFIED,Published price-break card; 2-inch bottom gusset; freight/tax unverified.,https://flex-packaging.com/stand-up-bag/,HIGH: directly observed live display; discount user supplied
2026-10-06,Stand-up pouch,3.5 x 4.5 x 2,1 g,Hologram,Soft Touch,Standard,Child resistant,No Tear Notch,10000,1,0.44,4388.46,25,3291.3450,0.3291345000,UNVERIFIED,Published price-break card; 2-inch bottom gusset; freight/tax unverified.,https://flex-packaging.com/stand-up-bag/,HIGH: directly observed live display; discount user supplied
2026-10-06,Stand-up pouch,3.5 x 4.5 x 2,1 g,Hologram,Soft Touch,Standard,Child resistant,No Tear Notch,25000,1,0.38,9462.76,25,7097.0700,0.2838828000,UNVERIFIED,Published price-break card; 2-inch bottom gusset; freight/tax unverified.,https://flex-packaging.com/stand-up-bag/,HIGH: directly observed live display; discount user supplied
2026-10-06,Stand-up pouch,3.5 x 4.5 x 2,1 g,Hologram,Soft Touch,Raised UV,Child resistant,No Tear Notch,500,1,2.57,1285.51,25,964.1325,1.9282650000,UNVERIFIED,Published price-break card; 2-inch bottom gusset; freight/tax unverified.,https://flex-packaging.com/stand-up-bag/,HIGH: directly observed live display; discount user supplied
2026-10-06,Stand-up pouch,3.5 x 4.5 x 2,1 g,Hologram,Soft Touch,Raised UV,Child resistant,No Tear Notch,1000,1,1.46,1464.49,25,1098.3675,1.0983675000,UNVERIFIED,Published price-break card; 2-inch bottom gusset; freight/tax unverified.,https://flex-packaging.com/stand-up-bag/,HIGH: directly observed live display; discount user supplied
2026-10-06,Stand-up pouch,3.5 x 4.5 x 2,1 g,Hologram,Soft Touch,Raised UV,Child resistant,No Tear Notch,2500,1,0.78,1947.84,25,1460.8800,0.5843520000,UNVERIFIED,Published price-break card; 2-inch bottom gusset; freight/tax unverified.,https://flex-packaging.com/stand-up-bag/,HIGH: directly observed live display; discount user supplied
2026-10-06,Stand-up pouch,3.5 x 4.5 x 2,1 g,Hologram,Soft Touch,Raised UV,Child resistant,No Tear Notch,5000,1,0.55,2748.38,25,2061.2850,0.4122570000,UNVERIFIED,Published price-break card; 2-inch bottom gusset; freight/tax unverified.,https://flex-packaging.com/stand-up-bag/,HIGH: directly observed live display; discount user supplied
2026-10-06,Stand-up pouch,3.5 x 4.5 x 2,1 g,Hologram,Soft Touch,Raised UV,Child resistant,No Tear Notch,10000,1,0.49,4929.49,25,3697.1175,0.3697117500,UNVERIFIED,Published price-break card; 2-inch bottom gusset; freight/tax unverified.,https://flex-packaging.com/stand-up-bag/,HIGH: directly observed live display; discount user supplied
2026-10-06,Stand-up pouch,3.5 x 4.5 x 2,1 g,Hologram,Soft Touch,Raised UV,Child resistant,No Tear Notch,25000,1,0.43,10723.95,25,8042.9625,0.3217185000,UNVERIFIED,Published price-break card; 2-inch bottom gusset; freight/tax unverified.,https://flex-packaging.com/stand-up-bag/,HIGH: directly observed live display; discount user supplied
2026-10-06,Stand-up pouch,3.5 x 4.5 x 2,1 g,Hologram,Matte,Standard,Child resistant,No Tear Notch,500,1,2.39,1197.07,25,897.8025,1.7956050000,UNVERIFIED,Published price-break card; 2-inch bottom gusset; freight/tax unverified.,https://flex-packaging.com/stand-up-bag/,HIGH: directly observed live display; discount user supplied
2026-10-06,Stand-up pouch,3.5 x 4.5 x 2,1 g,Hologram,Matte,Standard,Child resistant,No Tear Notch,1000,1,1.35,1354.92,25,1016.1900,1.0161900000,UNVERIFIED,Published price-break card; 2-inch bottom gusset; freight/tax unverified.,https://flex-packaging.com/stand-up-bag/,HIGH: directly observed live display; discount user supplied
2026-10-06,Stand-up pouch,3.5 x 4.5 x 2,1 g,Hologram,Matte,Standard,Child resistant,No Tear Notch,2500,1,0.71,1781.76,25,1336.3200,0.5345280000,UNVERIFIED,Published price-break card; 2-inch bottom gusset; freight/tax unverified.,https://flex-packaging.com/stand-up-bag/,HIGH: directly observed live display; discount user supplied
2026-10-06,Stand-up pouch,3.5 x 4.5 x 2,1 g,Hologram,Matte,Standard,Child resistant,No Tear Notch,5000,1,0.50,2488.59,25,1866.4425,0.3732885000,UNVERIFIED,Published price-break card; 2-inch bottom gusset; freight/tax unverified.,https://flex-packaging.com/stand-up-bag/,HIGH: directly observed live display; discount user supplied
2026-10-06,Stand-up pouch,3.5 x 4.5 x 2,1 g,Hologram,Matte,Standard,Child resistant,No Tear Notch,10000,1,0.44,4407.62,25,3305.7150,0.3305715000,UNVERIFIED,Published price-break card; 2-inch bottom gusset; freight/tax unverified.,https://flex-packaging.com/stand-up-bag/,HIGH: directly observed live display; discount user supplied
2026-10-06,Stand-up pouch,3.5 x 4.5 x 2,1 g,Hologram,Matte,Standard,Child resistant,No Tear Notch,25000,1,0.38,9510.04,25,7132.5300,0.2853012000,UNVERIFIED,Published price-break card; 2-inch bottom gusset; freight/tax unverified.,https://flex-packaging.com/stand-up-bag/,HIGH: directly observed live display; discount user supplied
2026-10-06,Stand-up pouch,3.5 x 4.5 x 2,1 g,Hologram,Matte,Raised UV,Child resistant,No Tear Notch,500,1,2.57,1287.07,25,965.3025,1.9306050000,UNVERIFIED,Published price-break card; 2-inch bottom gusset; freight/tax unverified.,https://flex-packaging.com/stand-up-bag/,HIGH: directly observed live display; discount user supplied
2026-10-06,Stand-up pouch,3.5 x 4.5 x 2,1 g,Hologram,Matte,Raised UV,Child resistant,No Tear Notch,1000,1,1.47,1466.91,25,1100.1825,1.1001825000,UNVERIFIED,Published price-break card; 2-inch bottom gusset; freight/tax unverified.,https://flex-packaging.com/stand-up-bag/,HIGH: directly observed live display; discount user supplied
2026-10-06,Stand-up pouch,3.5 x 4.5 x 2,1 g,Hologram,Matte,Raised UV,Child resistant,No Tear Notch,2500,1,0.78,1952.56,25,1464.4200,0.5857680000,UNVERIFIED,Published price-break card; 2-inch bottom gusset; freight/tax unverified.,https://flex-packaging.com/stand-up-bag/,HIGH: directly observed live display; discount user supplied
2026-10-06,Stand-up pouch,3.5 x 4.5 x 2,1 g,Hologram,Matte,Raised UV,Child resistant,No Tear Notch,5000,1,0.55,2756.91,25,2067.6825,0.4135365000,UNVERIFIED,Published price-break card; 2-inch bottom gusset; freight/tax unverified.,https://flex-packaging.com/stand-up-bag/,HIGH: directly observed live display; discount user supplied
2026-10-06,Stand-up pouch,3.5 x 4.5 x 2,1 g,Hologram,Matte,Raised UV,Child resistant,No Tear Notch,10000,1,0.49,4948.66,25,3711.4950,0.3711495000,UNVERIFIED,Published price-break card; 2-inch bottom gusset; freight/tax unverified.,https://flex-packaging.com/stand-up-bag/,HIGH: directly observed live display; discount user supplied
2026-10-06,Stand-up pouch,3.5 x 4.5 x 2,1 g,Hologram,Matte,Raised UV,Child resistant,No Tear Notch,25000,1,0.43,10771.23,25,8078.4225,0.3231369000,UNVERIFIED,Published price-break card; 2-inch bottom gusset; freight/tax unverified.,https://flex-packaging.com/stand-up-bag/,HIGH: directly observed live display; discount user supplied
2026-10-06,Stand-up pouch,3.5 x 4.5 x 2,1 g,Clear PET,Soft Touch,Standard,Child resistant,No Tear Notch,500,1,2.39,1196.04,25,897.0300,1.7940600000,UNVERIFIED,Published price-break card; 2-inch bottom gusset; freight/tax unverified.,https://flex-packaging.com/stand-up-bag/,HIGH: directly observed live display; discount user supplied
2026-10-06,Stand-up pouch,3.5 x 4.5 x 2,1 g,Clear PET,Soft Touch,Standard,Child resistant,No Tear Notch,1000,1,1.35,1353.33,25,1014.9975,1.0149975000,UNVERIFIED,Published price-break card; 2-inch bottom gusset; freight/tax unverified.,https://flex-packaging.com/stand-up-bag/,HIGH: directly observed live display; discount user supplied
2026-10-06,Stand-up pouch,3.5 x 4.5 x 2,1 g,Clear PET,Soft Touch,Standard,Child resistant,No Tear Notch,2500,1,0.71,1778.67,25,1334.0025,0.5336010000,UNVERIFIED,Published price-break card; 2-inch bottom gusset; freight/tax unverified.,https://flex-packaging.com/stand-up-bag/,HIGH: directly observed live display; discount user supplied
2026-10-06,Stand-up pouch,3.5 x 4.5 x 2,1 g,Clear PET,Soft Touch,Standard,Child resistant,No Tear Notch,5000,1,0.50,2483.01,25,1862.2575,0.3724515000,UNVERIFIED,Published price-break card; 2-inch bottom gusset; freight/tax unverified.,https://flex-packaging.com/stand-up-bag/,HIGH: directly observed live display; discount user supplied
2026-10-06,Stand-up pouch,3.5 x 4.5 x 2,1 g,Clear PET,Soft Touch,Standard,Child resistant,No Tear Notch,10000,1,0.44,4395.06,25,3296.2950,0.3296295000,UNVERIFIED,Published price-break card; 2-inch bottom gusset; freight/tax unverified.,https://flex-packaging.com/stand-up-bag/,HIGH: directly observed live display; discount user supplied
2026-10-06,Stand-up pouch,3.5 x 4.5 x 2,1 g,Clear PET,Soft Touch,Standard,Child resistant,No Tear Notch,25000,1,0.38,9479.06,25,7109.2950,0.2843718000,UNVERIFIED,Published price-break card; 2-inch bottom gusset; freight/tax unverified.,https://flex-packaging.com/stand-up-bag/,HIGH: directly observed live display; discount user supplied
2026-10-06,Stand-up pouch,3.5 x 4.5 x 2,1 g,Clear PET,Soft Touch,Raised UV,Child resistant,No Tear Notch,500,1,2.57,1286.04,25,964.5300,1.9290600000,UNVERIFIED,Published price-break card; 2-inch bottom gusset; freight/tax unverified.,https://flex-packaging.com/stand-up-bag/,HIGH: directly observed live display; discount user supplied
2026-10-06,Stand-up pouch,3.5 x 4.5 x 2,1 g,Clear PET,Soft Touch,Raised UV,Child resistant,No Tear Notch,1000,1,1.47,1465.33,25,1098.9975,1.0989975000,UNVERIFIED,Published price-break card; 2-inch bottom gusset; freight/tax unverified.,https://flex-packaging.com/stand-up-bag/,HIGH: directly observed live display; discount user supplied
2026-10-06,Stand-up pouch,3.5 x 4.5 x 2,1 g,Clear PET,Soft Touch,Raised UV,Child resistant,No Tear Notch,2500,1,0.78,1949.47,25,1462.1025,0.5848410000,UNVERIFIED,Published price-break card; 2-inch bottom gusset; freight/tax unverified.,https://flex-packaging.com/stand-up-bag/,HIGH: directly observed live display; discount user supplied
2026-10-06,Stand-up pouch,3.5 x 4.5 x 2,1 g,Clear PET,Soft Touch,Raised UV,Child resistant,No Tear Notch,5000,1,0.55,2751.32,25,2063.4900,0.4126980000,UNVERIFIED,Published price-break card; 2-inch bottom gusset; freight/tax unverified.,https://flex-packaging.com/stand-up-bag/,HIGH: directly observed live display; discount user supplied
2026-10-06,Stand-up pouch,3.5 x 4.5 x 2,1 g,Clear PET,Soft Touch,Raised UV,Child resistant,No Tear Notch,10000,1,0.49,4936.10,25,3702.0750,0.3702075000,UNVERIFIED,Published price-break card; 2-inch bottom gusset; freight/tax unverified.,https://flex-packaging.com/stand-up-bag/,HIGH: directly observed live display; discount user supplied
2026-10-06,Stand-up pouch,3.5 x 4.5 x 2,1 g,Clear PET,Soft Touch,Raised UV,Child resistant,No Tear Notch,25000,1,0.43,10740.24,25,8055.1800,0.3222072000,UNVERIFIED,Published price-break card; 2-inch bottom gusset; freight/tax unverified.,https://flex-packaging.com/stand-up-bag/,HIGH: directly observed live display; discount user supplied
2026-10-06,Stand-up pouch,3.5 x 4.5 x 2,1 g,Clear PET,Matte,Standard,Child resistant,No Tear Notch,500,1,2.40,1197.61,25,898.2075,1.7964150000,UNVERIFIED,Published price-break card; 2-inch bottom gusset; freight/tax unverified.,https://flex-packaging.com/stand-up-bag/,HIGH: directly observed live display; discount user supplied
2026-10-06,Stand-up pouch,3.5 x 4.5 x 2,1 g,Clear PET,Matte,Standard,Child resistant,No Tear Notch,1000,1,1.36,1355.75,25,1016.8125,1.0168125000,UNVERIFIED,Published price-break card; 2-inch bottom gusset; freight/tax unverified.,https://flex-packaging.com/stand-up-bag/,HIGH: directly observed live display; discount user supplied
2026-10-06,Stand-up pouch,3.5 x 4.5 x 2,1 g,Clear PET,Matte,Standard,Child resistant,No Tear Notch,2500,1,0.71,1783.39,25,1337.5425,0.5350170000,UNVERIFIED,Published price-break card; 2-inch bottom gusset; freight/tax unverified.,https://flex-packaging.com/stand-up-bag/,HIGH: directly observed live display; discount user supplied
2026-10-06,Stand-up pouch,3.5 x 4.5 x 2,1 g,Clear PET,Matte,Standard,Child resistant,No Tear Notch,5000,1,0.50,2491.53,25,1868.6475,0.3737295000,UNVERIFIED,Published price-break card; 2-inch bottom gusset; freight/tax unverified.,https://flex-packaging.com/stand-up-bag/,HIGH: directly observed live display; discount user supplied
2026-10-06,Stand-up pouch,3.5 x 4.5 x 2,1 g,Clear PET,Matte,Standard,Child resistant,No Tear Notch,10000,1,0.44,4414.23,25,3310.6725,0.3310672500,UNVERIFIED,Published price-break card; 2-inch bottom gusset; freight/tax unverified.,https://flex-packaging.com/stand-up-bag/,HIGH: directly observed live display; discount user supplied
2026-10-06,Stand-up pouch,3.5 x 4.5 x 2,1 g,Clear PET,Matte,Standard,Child resistant,No Tear Notch,25000,1,0.38,9526.34,25,7144.7550,0.2857902000,UNVERIFIED,Published price-break card; 2-inch bottom gusset; freight/tax unverified.,https://flex-packaging.com/stand-up-bag/,HIGH: directly observed live display; discount user supplied
2026-10-06,Stand-up pouch,3.5 x 4.5 x 2,1 g,Clear PET,Matte,Raised UV,Child resistant,No Tear Notch,500,1,2.58,1287.61,25,965.7075,1.9314150000,UNVERIFIED,Published price-break card; 2-inch bottom gusset; freight/tax unverified.,https://flex-packaging.com/stand-up-bag/,HIGH: directly observed live display; discount user supplied
2026-10-06,Stand-up pouch,3.5 x 4.5 x 2,1 g,Clear PET,Matte,Raised UV,Child resistant,No Tear Notch,1000,1,1.47,1467.75,25,1100.8125,1.1008125000,UNVERIFIED,Published price-break card; 2-inch bottom gusset; freight/tax unverified.,https://flex-packaging.com/stand-up-bag/,HIGH: directly observed live display; discount user supplied
2026-10-06,Stand-up pouch,3.5 x 4.5 x 2,1 g,Clear PET,Matte,Raised UV,Child resistant,No Tear Notch,2500,1,0.78,1954.18,25,1465.6350,0.5862540000,UNVERIFIED,Published price-break card; 2-inch bottom gusset; freight/tax unverified.,https://flex-packaging.com/stand-up-bag/,HIGH: directly observed live display; discount user supplied
2026-10-06,Stand-up pouch,3.5 x 4.5 x 2,1 g,Clear PET,Matte,Raised UV,Child resistant,No Tear Notch,5000,1,0.55,2759.84,25,2069.8800,0.4139760000,UNVERIFIED,Published price-break card; 2-inch bottom gusset; freight/tax unverified.,https://flex-packaging.com/stand-up-bag/,HIGH: directly observed live display; discount user supplied
2026-10-06,Stand-up pouch,3.5 x 4.5 x 2,1 g,Clear PET,Matte,Raised UV,Child resistant,No Tear Notch,10000,1,0.50,4955.26,25,3716.4450,0.3716445000,UNVERIFIED,Published price-break card; 2-inch bottom gusset; freight/tax unverified.,https://flex-packaging.com/stand-up-bag/,HIGH: directly observed live display; discount user supplied
2026-10-06,Stand-up pouch,3.5 x 4.5 x 2,1 g,Clear PET,Matte,Raised UV,Child resistant,No Tear Notch,25000,1,0.43,10787.52,25,8090.6400,0.3236256000,UNVERIFIED,Published price-break card; 2-inch bottom gusset; freight/tax unverified.,https://flex-packaging.com/stand-up-bag/,HIGH: directly observed live display; discount user supplied
2026-10-06,Stand-up pouch,4 x 5 x 2,3.5 g,White PET,Soft Touch,Standard,Child resistant,No Tear Notch,500,1,2.40,1199.80,25,899.8500,1.7997000000,UNVERIFIED,Published price-break card; 2-inch bottom gusset; freight/tax unverified.,https://flex-packaging.com/stand-up-bag/,HIGH: directly observed live display; discount user supplied
2026-10-06,Stand-up pouch,4 x 5 x 2,3.5 g,White PET,Soft Touch,Standard,Child resistant,No Tear Notch,1000,1,1.36,1359.13,25,1019.3475,1.0193475000,UNVERIFIED,Published price-break card; 2-inch bottom gusset; freight/tax unverified.,https://flex-packaging.com/stand-up-bag/,HIGH: directly observed live display; discount user supplied
2026-10-06,Stand-up pouch,4 x 5 x 2,3.5 g,White PET,Soft Touch,Standard,Child resistant,No Tear Notch,2500,1,0.72,1789.98,25,1342.4850,0.5369940000,UNVERIFIED,Published price-break card; 2-inch bottom gusset; freight/tax unverified.,https://flex-packaging.com/stand-up-bag/,HIGH: directly observed live display; discount user supplied
2026-10-06,Stand-up pouch,4 x 5 x 2,3.5 g,White PET,Soft Touch,Standard,Child resistant,No Tear Notch,5000,1,0.50,2503.57,25,1877.6775,0.3755355000,UNVERIFIED,Published price-break card; 2-inch bottom gusset; freight/tax unverified.,https://flex-packaging.com/stand-up-bag/,HIGH: directly observed live display; discount user supplied
2026-10-06,Stand-up pouch,4 x 5 x 2,3.5 g,White PET,Soft Touch,Standard,Child resistant,No Tear Notch,10000,1,0.44,4440.24,25,3330.1800,0.3330180000,UNVERIFIED,Published price-break card; 2-inch bottom gusset; freight/tax unverified.,https://flex-packaging.com/stand-up-bag/,HIGH: directly observed live display; discount user supplied
2026-10-06,Stand-up pouch,4 x 5 x 2,3.5 g,White PET,Soft Touch,Standard,Child resistant,No Tear Notch,25000,1,0.38,9618.38,25,7213.7850,0.2885514000,UNVERIFIED,Published price-break card; 2-inch bottom gusset; freight/tax unverified.,https://flex-packaging.com/stand-up-bag/,HIGH: directly observed live display; discount user supplied
2026-10-06,Stand-up pouch,4 x 5 x 2,3.5 g,White PET,Soft Touch,Raised UV,Child resistant,No Tear Notch,500,1,2.58,1289.80,25,967.3500,1.9347000000,UNVERIFIED,Published price-break card; 2-inch bottom gusset; freight/tax unverified.,https://flex-packaging.com/stand-up-bag/,HIGH: directly observed live display; discount user supplied
2026-10-06,Stand-up pouch,4 x 5 x 2,3.5 g,White PET,Soft Touch,Raised UV,Child resistant,No Tear Notch,1000,1,1.47,1471.12,25,1103.3400,1.1033400000,UNVERIFIED,Published price-break card; 2-inch bottom gusset; freight/tax unverified.,https://flex-packaging.com/stand-up-bag/,HIGH: directly observed live display; discount user supplied
2026-10-06,Stand-up pouch,4 x 5 x 2,3.5 g,White PET,Soft Touch,Raised UV,Child resistant,No Tear Notch,2500,1,0.78,1960.78,25,1470.5850,0.5882340000,UNVERIFIED,Published price-break card; 2-inch bottom gusset; freight/tax unverified.,https://flex-packaging.com/stand-up-bag/,HIGH: directly observed live display; discount user supplied
2026-10-06,Stand-up pouch,4 x 5 x 2,3.5 g,White PET,Soft Touch,Raised UV,Child resistant,No Tear Notch,5000,1,0.55,2771.88,25,2078.9100,0.4157820000,UNVERIFIED,Published price-break card; 2-inch bottom gusset; freight/tax unverified.,https://flex-packaging.com/stand-up-bag/,HIGH: directly observed live display; discount user supplied
2026-10-06,Stand-up pouch,4 x 5 x 2,3.5 g,White PET,Soft Touch,Raised UV,Child resistant,No Tear Notch,10000,1,0.50,4981.28,25,3735.9600,0.3735960000,UNVERIFIED,Published price-break card; 2-inch bottom gusset; freight/tax unverified.,https://flex-packaging.com/stand-up-bag/,HIGH: directly observed live display; discount user supplied
2026-10-06,Stand-up pouch,4 x 5 x 2,3.5 g,White PET,Soft Touch,Raised UV,Child resistant,No Tear Notch,25000,1,0.44,10883.53,25,8162.6475,0.3265059000,UNVERIFIED,Published price-break card; 2-inch bottom gusset; freight/tax unverified.,https://flex-packaging.com/stand-up-bag/,HIGH: directly observed live display; discount user supplied
2026-10-06,Stand-up pouch,4 x 5 x 2,3.5 g,White PET,Matte,Standard,Child resistant,No Tear Notch,500,1,2.40,1201.57,25,901.1775,1.8023550000,UNVERIFIED,Published price-break card; 2-inch bottom gusset; freight/tax unverified.,https://flex-packaging.com/stand-up-bag/,HIGH: directly observed live display; discount user supplied
2026-10-06,Stand-up pouch,4 x 5 x 2,3.5 g,White PET,Matte,Standard,Child resistant,No Tear Notch,1000,1,1.36,1361.87,25,1021.4025,1.0214025000,UNVERIFIED,Published price-break card; 2-inch bottom gusset; freight/tax unverified.,https://flex-packaging.com/stand-up-bag/,HIGH: directly observed live display; discount user supplied
2026-10-06,Stand-up pouch,4 x 5 x 2,3.5 g,White PET,Matte,Standard,Child resistant,No Tear Notch,2500,1,0.72,1795.33,25,1346.4975,0.5385990000,UNVERIFIED,Published price-break card; 2-inch bottom gusset; freight/tax unverified.,https://flex-packaging.com/stand-up-bag/,HIGH: directly observed live display; discount user supplied
2026-10-06,Stand-up pouch,4 x 5 x 2,3.5 g,White PET,Matte,Standard,Child resistant,No Tear Notch,5000,1,0.50,2513.23,25,1884.9225,0.3769845000,UNVERIFIED,Published price-break card; 2-inch bottom gusset; freight/tax unverified.,https://flex-packaging.com/stand-up-bag/,HIGH: directly observed live display; discount user supplied
2026-10-06,Stand-up pouch,4 x 5 x 2,3.5 g,White PET,Matte,Standard,Child resistant,No Tear Notch,10000,1,0.45,4461.96,25,3346.4700,0.3346470000,UNVERIFIED,Published price-break card; 2-inch bottom gusset; freight/tax unverified.,https://flex-packaging.com/stand-up-bag/,HIGH: directly observed live display; discount user supplied
2026-10-06,Stand-up pouch,4 x 5 x 2,3.5 g,White PET,Matte,Standard,Child resistant,No Tear Notch,25000,1,0.39,9672.13,25,7254.0975,0.2901639000,UNVERIFIED,Published price-break card; 2-inch bottom gusset; freight/tax unverified.,https://flex-packaging.com/stand-up-bag/,HIGH: directly observed live display; discount user supplied
2026-10-06,Stand-up pouch,4 x 5 x 2,3.5 g,White PET,Matte,Raised UV,Child resistant,No Tear Notch,500,1,2.58,1291.57,25,968.6775,1.9373550000,UNVERIFIED,Published price-break card; 2-inch bottom gusset; freight/tax unverified.,https://flex-packaging.com/stand-up-bag/,HIGH: directly observed live display; discount user supplied
2026-10-06,Stand-up pouch,4 x 5 x 2,3.5 g,White PET,Matte,Raised UV,Child resistant,No Tear Notch,1000,1,1.47,1473.87,25,1105.4025,1.1054025000,UNVERIFIED,Published price-break card; 2-inch bottom gusset; freight/tax unverified.,https://flex-packaging.com/stand-up-bag/,HIGH: directly observed live display; discount user supplied
2026-10-06,Stand-up pouch,4 x 5 x 2,3.5 g,White PET,Matte,Raised UV,Child resistant,No Tear Notch,2500,1,0.79,1966.12,25,1474.5900,0.5898360000,UNVERIFIED,Published price-break card; 2-inch bottom gusset; freight/tax unverified.,https://flex-packaging.com/stand-up-bag/,HIGH: directly observed live display; discount user supplied
2026-10-06,Stand-up pouch,4 x 5 x 2,3.5 g,White PET,Matte,Raised UV,Child resistant,No Tear Notch,5000,1,0.56,2781.54,25,2086.1550,0.4172310000,UNVERIFIED,Published price-break card; 2-inch bottom gusset; freight/tax unverified.,https://flex-packaging.com/stand-up-bag/,HIGH: directly observed live display; discount user supplied
2026-10-06,Stand-up pouch,4 x 5 x 2,3.5 g,White PET,Matte,Raised UV,Child resistant,No Tear Notch,10000,1,0.50,5003.00,25,3752.2500,0.3752250000,UNVERIFIED,Published price-break card; 2-inch bottom gusset; freight/tax unverified.,https://flex-packaging.com/stand-up-bag/,HIGH: directly observed live display; discount user supplied
2026-10-06,Stand-up pouch,4 x 5 x 2,3.5 g,White PET,Matte,Raised UV,Child resistant,No Tear Notch,25000,1,0.44,10937.29,25,8202.9675,0.3281187000,UNVERIFIED,Published price-break card; 2-inch bottom gusset; freight/tax unverified.,https://flex-packaging.com/stand-up-bag/,HIGH: directly observed live display; discount user supplied
2026-10-06,Stand-up pouch,4 x 5 x 2,3.5 g,Silver PET,Soft Touch,Standard,Child resistant,No Tear Notch,500,1,2.41,1205.25,25,903.9375,1.8078750000,UNVERIFIED,Published price-break card; 2-inch bottom gusset; freight/tax unverified.,https://flex-packaging.com/stand-up-bag/,HIGH: directly observed live display; discount user supplied
2026-10-06,Stand-up pouch,4 x 5 x 2,3.5 g,Silver PET,Soft Touch,Standard,Child resistant,No Tear Notch,1000,1,1.37,1367.58,25,1025.6850,1.0256850000,UNVERIFIED,Published price-break card; 2-inch bottom gusset; freight/tax unverified.,https://flex-packaging.com/stand-up-bag/,HIGH: directly observed live display; discount user supplied
2026-10-06,Stand-up pouch,4 x 5 x 2,3.5 g,Silver PET,Soft Touch,Standard,Child resistant,No Tear Notch,2500,1,0.72,1806.44,25,1354.8300,0.5419320000,UNVERIFIED,Published price-break card; 2-inch bottom gusset; freight/tax unverified.,https://flex-packaging.com/stand-up-bag/,HIGH: directly observed live display; discount user supplied
2026-10-06,Stand-up pouch,4 x 5 x 2,3.5 g,Silver PET,Soft Touch,Standard,Child resistant,No Tear Notch,5000,1,0.51,2533.31,25,1899.9825,0.3799965000,UNVERIFIED,Published price-break card; 2-inch bottom gusset; freight/tax unverified.,https://flex-packaging.com/stand-up-bag/,HIGH: directly observed live display; discount user supplied
2026-10-06,Stand-up pouch,4 x 5 x 2,3.5 g,Silver PET,Soft Touch,Standard,Child resistant,No Tear Notch,10000,1,0.45,4507.14,25,3380.3550,0.3380355000,UNVERIFIED,Published price-break card; 2-inch bottom gusset; freight/tax unverified.,https://flex-packaging.com/stand-up-bag/,HIGH: directly observed live display; discount user supplied
2026-10-06,Stand-up pouch,4 x 5 x 2,3.5 g,Silver PET,Soft Touch,Standard,Child resistant,No Tear Notch,25000,1,0.39,9783.94,25,7337.9550,0.2935182000,UNVERIFIED,Published price-break card; 2-inch bottom gusset; freight/tax unverified.,https://flex-packaging.com/stand-up-bag/,HIGH: directly observed live display; discount user supplied
2026-10-06,Stand-up pouch,4 x 5 x 2,3.5 g,Silver PET,Soft Touch,Raised UV,Child resistant,No Tear Notch,500,1,2.59,1295.25,25,971.4375,1.9428750000,UNVERIFIED,Published price-break card; 2-inch bottom gusset; freight/tax unverified.,https://flex-packaging.com/stand-up-bag/,HIGH: directly observed live display; discount user supplied
2026-10-06,Stand-up pouch,4 x 5 x 2,3.5 g,Silver PET,Soft Touch,Raised UV,Child resistant,No Tear Notch,1000,1,1.48,1479.57,25,1109.6775,1.1096775000,UNVERIFIED,Published price-break card; 2-inch bottom gusset; freight/tax unverified.,https://flex-packaging.com/stand-up-bag/,HIGH: directly observed live display; discount user supplied
2026-10-06,Stand-up pouch,4 x 5 x 2,3.5 g,Silver PET,Soft Touch,Raised UV,Child resistant,No Tear Notch,2500,1,0.79,1977.24,25,1482.9300,0.5931720000,UNVERIFIED,Published price-break card; 2-inch bottom gusset; freight/tax unverified.,https://flex-packaging.com/stand-up-bag/,HIGH: directly observed live display; discount user supplied
2026-10-06,Stand-up pouch,4 x 5 x 2,3.5 g,Silver PET,Soft Touch,Raised UV,Child resistant,No Tear Notch,5000,1,0.56,2801.63,25,2101.2225,0.4202445000,UNVERIFIED,Published price-break card; 2-inch bottom gusset; freight/tax unverified.,https://flex-packaging.com/stand-up-bag/,HIGH: directly observed live display; discount user supplied
2026-10-06,Stand-up pouch,4 x 5 x 2,3.5 g,Silver PET,Soft Touch,Raised UV,Child resistant,No Tear Notch,10000,1,0.50,5048.18,25,3786.1350,0.3786135000,UNVERIFIED,Published price-break card; 2-inch bottom gusset; freight/tax unverified.,https://flex-packaging.com/stand-up-bag/,HIGH: directly observed live display; discount user supplied
2026-10-06,Stand-up pouch,4 x 5 x 2,3.5 g,Silver PET,Soft Touch,Raised UV,Child resistant,No Tear Notch,25000,1,0.44,11049.10,25,8286.8250,0.3314730000,UNVERIFIED,Published price-break card; 2-inch bottom gusset; freight/tax unverified.,https://flex-packaging.com/stand-up-bag/,HIGH: directly observed live display; discount user supplied
2026-10-06,Stand-up pouch,4 x 5 x 2,3.5 g,Silver PET,Matte,Standard,Child resistant,No Tear Notch,500,1,2.41,1207.02,25,905.2650,1.8105300000,UNVERIFIED,Published price-break card; 2-inch bottom gusset; freight/tax unverified.,https://flex-packaging.com/stand-up-bag/,HIGH: directly observed live display; discount user supplied
2026-10-06,Stand-up pouch,4 x 5 x 2,3.5 g,Silver PET,Matte,Standard,Child resistant,No Tear Notch,1000,1,1.37,1370.32,25,1027.7400,1.0277400000,UNVERIFIED,Published price-break card; 2-inch bottom gusset; freight/tax unverified.,https://flex-packaging.com/stand-up-bag/,HIGH: directly observed live display; discount user supplied
2026-10-06,Stand-up pouch,4 x 5 x 2,3.5 g,Silver PET,Matte,Standard,Child resistant,No Tear Notch,2500,1,0.72,1811.79,25,1358.8425,0.5435370000,UNVERIFIED,Published price-break card; 2-inch bottom gusset; freight/tax unverified.,https://flex-packaging.com/stand-up-bag/,HIGH: directly observed live display; discount user supplied
2026-10-06,Stand-up pouch,4 x 5 x 2,3.5 g,Silver PET,Matte,Standard,Child resistant,No Tear Notch,5000,1,0.51,2542.97,25,1907.2275,0.3814455000,UNVERIFIED,Published price-break card; 2-inch bottom gusset; freight/tax unverified.,https://flex-packaging.com/stand-up-bag/,HIGH: directly observed live display; discount user supplied
2026-10-06,Stand-up pouch,4 x 5 x 2,3.5 g,Silver PET,Matte,Standard,Child resistant,No Tear Notch,10000,1,0.45,4528.87,25,3396.6525,0.3396652500,UNVERIFIED,Published price-break card; 2-inch bottom gusset; freight/tax unverified.,https://flex-packaging.com/stand-up-bag/,HIGH: directly observed live display; discount user supplied
2026-10-06,Stand-up pouch,4 x 5 x 2,3.5 g,Silver PET,Matte,Standard,Child resistant,No Tear Notch,25000,1,0.39,9837.69,25,7378.2675,0.2951307000,UNVERIFIED,Published price-break card; 2-inch bottom gusset; freight/tax unverified.,https://flex-packaging.com/stand-up-bag/,HIGH: directly observed live display; discount user supplied
2026-10-06,Stand-up pouch,4 x 5 x 2,3.5 g,Silver PET,Matte,Raised UV,Child resistant,No Tear Notch,500,1,2.59,1297.02,25,972.7650,1.9455300000,UNVERIFIED,Published price-break card; 2-inch bottom gusset; freight/tax unverified.,https://flex-packaging.com/stand-up-bag/,HIGH: directly observed live display; discount user supplied
2026-10-06,Stand-up pouch,4 x 5 x 2,3.5 g,Silver PET,Matte,Raised UV,Child resistant,No Tear Notch,1000,1,1.48,1482.31,25,1111.7325,1.1117325000,UNVERIFIED,Published price-break card; 2-inch bottom gusset; freight/tax unverified.,https://flex-packaging.com/stand-up-bag/,HIGH: directly observed live display; discount user supplied
2026-10-06,Stand-up pouch,4 x 5 x 2,3.5 g,Silver PET,Matte,Raised UV,Child resistant,No Tear Notch,2500,1,0.79,1982.58,25,1486.9350,0.5947740000,UNVERIFIED,Published price-break card; 2-inch bottom gusset; freight/tax unverified.,https://flex-packaging.com/stand-up-bag/,HIGH: directly observed live display; discount user supplied
2026-10-06,Stand-up pouch,4 x 5 x 2,3.5 g,Silver PET,Matte,Raised UV,Child resistant,No Tear Notch,5000,1,0.56,2811.29,25,2108.4675,0.4216935000,UNVERIFIED,Published price-break card; 2-inch bottom gusset; freight/tax unverified.,https://flex-packaging.com/stand-up-bag/,HIGH: directly observed live display; discount user supplied
2026-10-06,Stand-up pouch,4 x 5 x 2,3.5 g,Silver PET,Matte,Raised UV,Child resistant,No Tear Notch,10000,1,0.51,5069.90,25,3802.4250,0.3802425000,UNVERIFIED,Published price-break card; 2-inch bottom gusset; freight/tax unverified.,https://flex-packaging.com/stand-up-bag/,HIGH: directly observed live display; discount user supplied
2026-10-06,Stand-up pouch,4 x 5 x 2,3.5 g,Silver PET,Matte,Raised UV,Child resistant,No Tear Notch,25000,1,0.44,11102.85,25,8327.1375,0.3330855000,UNVERIFIED,Published price-break card; 2-inch bottom gusset; freight/tax unverified.,https://flex-packaging.com/stand-up-bag/,HIGH: directly observed live display; discount user supplied
2026-10-06,Stand-up pouch,4 x 5 x 2,3.5 g,Hologram,Soft Touch,Standard,Child resistant,No Tear Notch,500,1,2.43,1213.68,25,910.2600,1.8205200000,UNVERIFIED,Published price-break card; 2-inch bottom gusset; freight/tax unverified.,https://flex-packaging.com/stand-up-bag/,HIGH: directly observed live display; discount user supplied
2026-10-06,Stand-up pouch,4 x 5 x 2,3.5 g,Hologram,Soft Touch,Standard,Child resistant,No Tear Notch,1000,1,1.38,1380.64,25,1035.4800,1.0354800000,UNVERIFIED,Published price-break card; 2-inch bottom gusset; freight/tax unverified.,https://flex-packaging.com/stand-up-bag/,HIGH: directly observed live display; discount user supplied
2026-10-06,Stand-up pouch,4 x 5 x 2,3.5 g,Hologram,Soft Touch,Standard,Child resistant,No Tear Notch,2500,1,0.73,1831.90,25,1373.9250,0.5495700000,UNVERIFIED,Published price-break card; 2-inch bottom gusset; freight/tax unverified.,https://flex-packaging.com/stand-up-bag/,HIGH: directly observed live display; discount user supplied
2026-10-06,Stand-up pouch,4 x 5 x 2,3.5 g,Hologram,Soft Touch,Standard,Child resistant,No Tear Notch,5000,1,0.52,2579.32,25,1934.4900,0.3868980000,UNVERIFIED,Published price-break card; 2-inch bottom gusset; freight/tax unverified.,https://flex-packaging.com/stand-up-bag/,HIGH: directly observed live display; discount user supplied
2026-10-06,Stand-up pouch,4 x 5 x 2,3.5 g,Hologram,Soft Touch,Standard,Child resistant,No Tear Notch,10000,1,0.46,4610.62,25,3457.9650,0.3457965000,UNVERIFIED,Published price-break card; 2-inch bottom gusset; freight/tax unverified.,https://flex-packaging.com/stand-up-bag/,HIGH: directly observed live display; discount user supplied
2026-10-06,Stand-up pouch,4 x 5 x 2,3.5 g,Hologram,Soft Touch,Standard,Child resistant,No Tear Notch,25000,1,0.40,10040.00,25,7530.0000,0.3012000000,UNVERIFIED,Published price-break card; 2-inch bottom gusset; freight/tax unverified.,https://flex-packaging.com/stand-up-bag/,HIGH: directly observed live display; discount user supplied
2026-10-06,Stand-up pouch,4 x 5 x 2,3.5 g,Hologram,Soft Touch,Raised UV,Child resistant,No Tear Notch,500,1,2.61,1303.68,25,977.7600,1.9555200000,UNVERIFIED,Published price-break card; 2-inch bottom gusset; freight/tax unverified.,https://flex-packaging.com/stand-up-bag/,HIGH: directly observed live display; discount user supplied
2026-10-06,Stand-up pouch,4 x 5 x 2,3.5 g,Hologram,Soft Touch,Raised UV,Child resistant,No Tear Notch,1000,1,1.49,1492.63,25,1119.4725,1.1194725000,UNVERIFIED,Published price-break card; 2-inch bottom gusset; freight/tax unverified.,https://flex-packaging.com/stand-up-bag/,HIGH: directly observed live display; discount user supplied
2026-10-06,Stand-up pouch,4 x 5 x 2,3.5 g,Hologram,Soft Touch,Raised UV,Child resistant,No Tear Notch,2500,1,0.80,2002.69,25,1502.0175,0.6008070000,UNVERIFIED,Published price-break card; 2-inch bottom gusset; freight/tax unverified.,https://flex-packaging.com/stand-up-bag/,HIGH: directly observed live display; discount user supplied
2026-10-06,Stand-up pouch,4 x 5 x 2,3.5 g,Hologram,Soft Touch,Raised UV,Child resistant,No Tear Notch,5000,1,0.57,2847.63,25,2135.7225,0.4271445000,UNVERIFIED,Published price-break card; 2-inch bottom gusset; freight/tax unverified.,https://flex-packaging.com/stand-up-bag/,HIGH: directly observed live display; discount user supplied
2026-10-06,Stand-up pouch,4 x 5 x 2,3.5 g,Hologram,Soft Touch,Raised UV,Child resistant,No Tear Notch,10000,1,0.52,5151.65,25,3863.7375,0.3863737500,UNVERIFIED,Published price-break card; 2-inch bottom gusset; freight/tax unverified.,https://flex-packaging.com/stand-up-bag/,HIGH: directly observed live display; discount user supplied
2026-10-06,Stand-up pouch,4 x 5 x 2,3.5 g,Hologram,Soft Touch,Raised UV,Child resistant,No Tear Notch,25000,1,0.45,11305.16,25,8478.8700,0.3391548000,UNVERIFIED,Published price-break card; 2-inch bottom gusset; freight/tax unverified.,https://flex-packaging.com/stand-up-bag/,HIGH: directly observed live display; discount user supplied
2026-10-06,Stand-up pouch,4 x 5 x 2,3.5 g,Hologram,Matte,Standard,Child resistant,No Tear Notch,500,1,2.43,1215.45,25,911.5875,1.8231750000,UNVERIFIED,Published price-break card; 2-inch bottom gusset; freight/tax unverified.,https://flex-packaging.com/stand-up-bag/,HIGH: directly observed live display; discount user supplied
2026-10-06,Stand-up pouch,4 x 5 x 2,3.5 g,Hologram,Matte,Standard,Child resistant,No Tear Notch,1000,1,1.38,1383.38,25,1037.5350,1.0375350000,UNVERIFIED,Published price-break card; 2-inch bottom gusset; freight/tax unverified.,https://flex-packaging.com/stand-up-bag/,HIGH: directly observed live display; discount user supplied
2026-10-06,Stand-up pouch,4 x 5 x 2,3.5 g,Hologram,Matte,Standard,Child resistant,No Tear Notch,2500,1,0.73,1837.24,25,1377.9300,0.5511720000,UNVERIFIED,Published price-break card; 2-inch bottom gusset; freight/tax unverified.,https://flex-packaging.com/stand-up-bag/,HIGH: directly observed live display; discount user supplied
2026-10-06,Stand-up pouch,4 x 5 x 2,3.5 g,Hologram,Matte,Standard,Child resistant,No Tear Notch,5000,1,0.52,2588.97,25,1941.7275,0.3883455000,UNVERIFIED,Published price-break card; 2-inch bottom gusset; freight/tax unverified.,https://flex-packaging.com/stand-up-bag/,HIGH: directly observed live display; discount user supplied
2026-10-06,Stand-up pouch,4 x 5 x 2,3.5 g,Hologram,Matte,Standard,Child resistant,No Tear Notch,10000,1,0.46,4632.34,25,3474.2550,0.3474255000,UNVERIFIED,Published price-break card; 2-inch bottom gusset; freight/tax unverified.,https://flex-packaging.com/stand-up-bag/,HIGH: directly observed live display; discount user supplied
2026-10-06,Stand-up pouch,4 x 5 x 2,3.5 g,Hologram,Matte,Standard,Child resistant,No Tear Notch,25000,1,0.40,10093.75,25,7570.3125,0.3028125000,UNVERIFIED,Published price-break card; 2-inch bottom gusset; freight/tax unverified.,https://flex-packaging.com/stand-up-bag/,HIGH: directly observed live display; discount user supplied
2026-10-06,Stand-up pouch,4 x 5 x 2,3.5 g,Hologram,Matte,Raised UV,Child resistant,No Tear Notch,500,1,2.61,1305.45,25,979.0875,1.9581750000,UNVERIFIED,Published price-break card; 2-inch bottom gusset; freight/tax unverified.,https://flex-packaging.com/stand-up-bag/,HIGH: directly observed live display; discount user supplied
2026-10-06,Stand-up pouch,4 x 5 x 2,3.5 g,Hologram,Matte,Raised UV,Child resistant,No Tear Notch,1000,1,1.50,1495.38,25,1121.5350,1.1215350000,UNVERIFIED,Published price-break card; 2-inch bottom gusset; freight/tax unverified.,https://flex-packaging.com/stand-up-bag/,HIGH: directly observed live display; discount user supplied
2026-10-06,Stand-up pouch,4 x 5 x 2,3.5 g,Hologram,Matte,Raised UV,Child resistant,No Tear Notch,2500,1,0.80,2008.03,25,1506.0225,0.6024090000,UNVERIFIED,Published price-break card; 2-inch bottom gusset; freight/tax unverified.,https://flex-packaging.com/stand-up-bag/,HIGH: directly observed live display; discount user supplied
2026-10-06,Stand-up pouch,4 x 5 x 2,3.5 g,Hologram,Matte,Raised UV,Child resistant,No Tear Notch,5000,1,0.57,2857.29,25,2142.9675,0.4285935000,UNVERIFIED,Published price-break card; 2-inch bottom gusset; freight/tax unverified.,https://flex-packaging.com/stand-up-bag/,HIGH: directly observed live display; discount user supplied
2026-10-06,Stand-up pouch,4 x 5 x 2,3.5 g,Hologram,Matte,Raised UV,Child resistant,No Tear Notch,10000,1,0.52,5173.37,25,3880.0275,0.3880027500,UNVERIFIED,Published price-break card; 2-inch bottom gusset; freight/tax unverified.,https://flex-packaging.com/stand-up-bag/,HIGH: directly observed live display; discount user supplied
2026-10-06,Stand-up pouch,4 x 5 x 2,3.5 g,Hologram,Matte,Raised UV,Child resistant,No Tear Notch,25000,1,0.45,11358.91,25,8519.1825,0.3407673000,UNVERIFIED,Published price-break card; 2-inch bottom gusset; freight/tax unverified.,https://flex-packaging.com/stand-up-bag/,HIGH: directly observed live display; discount user supplied
2026-10-06,Stand-up pouch,4 x 5 x 2,3.5 g,Clear PET,Soft Touch,Standard,Child resistant,No Tear Notch,500,1,2.43,1214.11,25,910.5825,1.8211650000,UNVERIFIED,Published price-break card; 2-inch bottom gusset; freight/tax unverified.,https://flex-packaging.com/stand-up-bag/,HIGH: directly observed live display; discount user supplied
2026-10-06,Stand-up pouch,4 x 5 x 2,3.5 g,Clear PET,Soft Touch,Standard,Child resistant,No Tear Notch,1000,1,1.38,1381.31,25,1035.9825,1.0359825000,UNVERIFIED,Published price-break card; 2-inch bottom gusset; freight/tax unverified.,https://flex-packaging.com/stand-up-bag/,HIGH: directly observed live display; discount user supplied
2026-10-06,Stand-up pouch,4 x 5 x 2,3.5 g,Clear PET,Soft Touch,Standard,Child resistant,No Tear Notch,2500,1,0.73,1833.20,25,1374.9000,0.5499600000,UNVERIFIED,Published price-break card; 2-inch bottom gusset; freight/tax unverified.,https://flex-packaging.com/stand-up-bag/,HIGH: directly observed live display; discount user supplied
2026-10-06,Stand-up pouch,4 x 5 x 2,3.5 g,Clear PET,Soft Touch,Standard,Child resistant,No Tear Notch,5000,1,0.52,2581.68,25,1936.2600,0.3872520000,UNVERIFIED,Published price-break card; 2-inch bottom gusset; freight/tax unverified.,https://flex-packaging.com/stand-up-bag/,HIGH: directly observed live display; discount user supplied
2026-10-06,Stand-up pouch,4 x 5 x 2,3.5 g,Clear PET,Soft Touch,Standard,Child resistant,No Tear Notch,10000,1,0.46,4615.94,25,3461.9550,0.3461955000,UNVERIFIED,Published price-break card; 2-inch bottom gusset; freight/tax unverified.,https://flex-packaging.com/stand-up-bag/,HIGH: directly observed live display; discount user supplied
2026-10-06,Stand-up pouch,4 x 5 x 2,3.5 g,Clear PET,Soft Touch,Standard,Child resistant,No Tear Notch,25000,1,0.40,10053.17,25,7539.8775,0.3015951000,UNVERIFIED,Published price-break card; 2-inch bottom gusset; freight/tax unverified.,https://flex-packaging.com/stand-up-bag/,HIGH: directly observed live display; discount user supplied
2026-10-06,Stand-up pouch,4 x 5 x 2,3.5 g,Clear PET,Soft Touch,Raised UV,Child resistant,No Tear Notch,500,1,2.61,1304.11,25,978.0825,1.9561650000,UNVERIFIED,Published price-break card; 2-inch bottom gusset; freight/tax unverified.,https://flex-packaging.com/stand-up-bag/,HIGH: directly observed live display; discount user supplied
2026-10-06,Stand-up pouch,4 x 5 x 2,3.5 g,Clear PET,Soft Touch,Raised UV,Child resistant,No Tear Notch,1000,1,1.49,1493.31,25,1119.9825,1.1199825000,UNVERIFIED,Published price-break card; 2-inch bottom gusset; freight/tax unverified.,https://flex-packaging.com/stand-up-bag/,HIGH: directly observed live display; discount user supplied
2026-10-06,Stand-up pouch,4 x 5 x 2,3.5 g,Clear PET,Soft Touch,Raised UV,Child resistant,No Tear Notch,2500,1,0.80,2004.00,25,1503.0000,0.6012000000,UNVERIFIED,Published price-break card; 2-inch bottom gusset; freight/tax unverified.,https://flex-packaging.com/stand-up-bag/,HIGH: directly observed live display; discount user supplied
2026-10-06,Stand-up pouch,4 x 5 x 2,3.5 g,Clear PET,Soft Touch,Raised UV,Child resistant,No Tear Notch,5000,1,0.57,2850.00,25,2137.5000,0.4275000000,UNVERIFIED,Published price-break card; 2-inch bottom gusset; freight/tax unverified.,https://flex-packaging.com/stand-up-bag/,HIGH: directly observed live display; discount user supplied
2026-10-06,Stand-up pouch,4 x 5 x 2,3.5 g,Clear PET,Soft Touch,Raised UV,Child resistant,No Tear Notch,10000,1,0.52,5156.97,25,3867.7275,0.3867727500,UNVERIFIED,Published price-break card; 2-inch bottom gusset; freight/tax unverified.,https://flex-packaging.com/stand-up-bag/,HIGH: directly observed live display; discount user supplied
2026-10-06,Stand-up pouch,4 x 5 x 2,3.5 g,Clear PET,Soft Touch,Raised UV,Child resistant,No Tear Notch,25000,1,0.45,11318.33,25,8488.7475,0.3395499000,UNVERIFIED,Published price-break card; 2-inch bottom gusset; freight/tax unverified.,https://flex-packaging.com/stand-up-bag/,HIGH: directly observed live display; discount user supplied
2026-10-06,Stand-up pouch,4 x 5 x 2,3.5 g,Clear PET,Matte,Standard,Child resistant,No Tear Notch,500,1,2.43,1215.88,25,911.9100,1.8238200000,UNVERIFIED,Published price-break card; 2-inch bottom gusset; freight/tax unverified.,https://flex-packaging.com/stand-up-bag/,HIGH: directly observed live display; discount user supplied
2026-10-06,Stand-up pouch,4 x 5 x 2,3.5 g,Clear PET,Matte,Standard,Child resistant,No Tear Notch,1000,1,1.38,1384.05,25,1038.0375,1.0380375000,UNVERIFIED,Published price-break card; 2-inch bottom gusset; freight/tax unverified.,https://flex-packaging.com/stand-up-bag/,HIGH: directly observed live display; discount user supplied
2026-10-06,Stand-up pouch,4 x 5 x 2,3.5 g,Clear PET,Matte,Standard,Child resistant,No Tear Notch,2500,1,0.74,1838.55,25,1378.9125,0.5515650000,UNVERIFIED,Published price-break card; 2-inch bottom gusset; freight/tax unverified.,https://flex-packaging.com/stand-up-bag/,HIGH: directly observed live display; discount user supplied
2026-10-06,Stand-up pouch,4 x 5 x 2,3.5 g,Clear PET,Matte,Standard,Child resistant,No Tear Notch,5000,1,0.52,2591.34,25,1943.5050,0.3887010000,UNVERIFIED,Published price-break card; 2-inch bottom gusset; freight/tax unverified.,https://flex-packaging.com/stand-up-bag/,HIGH: directly observed live display; discount user supplied
2026-10-06,Stand-up pouch,4 x 5 x 2,3.5 g,Clear PET,Matte,Standard,Child resistant,No Tear Notch,10000,1,0.46,4637.66,25,3478.2450,0.3478245000,UNVERIFIED,Published price-break card; 2-inch bottom gusset; freight/tax unverified.,https://flex-packaging.com/stand-up-bag/,HIGH: directly observed live display; discount user supplied
2026-10-06,Stand-up pouch,4 x 5 x 2,3.5 g,Clear PET,Matte,Standard,Child resistant,No Tear Notch,25000,1,0.40,10106.92,25,7580.1900,0.3032076000,UNVERIFIED,Published price-break card; 2-inch bottom gusset; freight/tax unverified.,https://flex-packaging.com/stand-up-bag/,HIGH: directly observed live display; discount user supplied
2026-10-06,Stand-up pouch,4 x 5 x 2,3.5 g,Clear PET,Matte,Raised UV,Child resistant,No Tear Notch,500,1,2.61,1305.88,25,979.4100,1.9588200000,UNVERIFIED,Published price-break card; 2-inch bottom gusset; freight/tax unverified.,https://flex-packaging.com/stand-up-bag/,HIGH: directly observed live display; discount user supplied
2026-10-06,Stand-up pouch,4 x 5 x 2,3.5 g,Clear PET,Matte,Raised UV,Child resistant,No Tear Notch,1000,1,1.50,1496.05,25,1122.0375,1.1220375000,UNVERIFIED,Published price-break card; 2-inch bottom gusset; freight/tax unverified.,https://flex-packaging.com/stand-up-bag/,HIGH: directly observed live display; discount user supplied
2026-10-06,Stand-up pouch,4 x 5 x 2,3.5 g,Clear PET,Matte,Raised UV,Child resistant,No Tear Notch,2500,1,0.80,2009.34,25,1507.0050,0.6028020000,UNVERIFIED,Published price-break card; 2-inch bottom gusset; freight/tax unverified.,https://flex-packaging.com/stand-up-bag/,HIGH: directly observed live display; discount user supplied
2026-10-06,Stand-up pouch,4 x 5 x 2,3.5 g,Clear PET,Matte,Raised UV,Child resistant,No Tear Notch,5000,1,0.57,2859.66,25,2144.7450,0.4289490000,UNVERIFIED,Published price-break card; 2-inch bottom gusset; freight/tax unverified.,https://flex-packaging.com/stand-up-bag/,HIGH: directly observed live display; discount user supplied
2026-10-06,Stand-up pouch,4 x 5 x 2,3.5 g,Clear PET,Matte,Raised UV,Child resistant,No Tear Notch,10000,1,0.52,5178.69,25,3884.0175,0.3884017500,UNVERIFIED,Published price-break card; 2-inch bottom gusset; freight/tax unverified.,https://flex-packaging.com/stand-up-bag/,HIGH: directly observed live display; discount user supplied
2026-10-06,Stand-up pouch,4 x 5 x 2,3.5 g,Clear PET,Matte,Raised UV,Child resistant,No Tear Notch,25000,1,0.45,11372.08,25,8529.0600,0.3411624000,UNVERIFIED,Published price-break card; 2-inch bottom gusset; freight/tax unverified.,https://flex-packaging.com/stand-up-bag/,HIGH: directly observed live display; discount user supplied
2026-10-06,Stand-up pouch,5 x 5 x 2,7 g,White PET,Soft Touch,Standard,Child resistant,No Tear Notch,500,1,2.47,1236.13,25,927.0975,1.8541950000,UNVERIFIED,Published price-break card; 2-inch bottom gusset; freight/tax unverified.,https://flex-packaging.com/stand-up-bag/,HIGH: directly observed live display; discount user supplied
2026-10-06,Stand-up pouch,5 x 5 x 2,7 g,White PET,Soft Touch,Standard,Child resistant,No Tear Notch,1000,1,1.42,1415.48,25,1061.6100,1.0616100000,UNVERIFIED,Published price-break card; 2-inch bottom gusset; freight/tax unverified.,https://flex-packaging.com/stand-up-bag/,HIGH: directly observed live display; discount user supplied
2026-10-06,Stand-up pouch,5 x 5 x 2,7 g,White PET,Soft Touch,Standard,Child resistant,No Tear Notch,2500,1,0.76,1900.00,25,1425.0000,0.5700000000,UNVERIFIED,Published price-break card; 2-inch bottom gusset; freight/tax unverified.,https://flex-packaging.com/stand-up-bag/,HIGH: directly observed live display; discount user supplied
2026-10-06,Stand-up pouch,5 x 5 x 2,7 g,White PET,Soft Touch,Standard,Child resistant,No Tear Notch,5000,1,0.54,2702.49,25,2026.8675,0.4053735000,UNVERIFIED,Published price-break card; 2-inch bottom gusset; freight/tax unverified.,https://flex-packaging.com/stand-up-bag/,HIGH: directly observed live display; discount user supplied
2026-10-06,Stand-up pouch,5 x 5 x 2,7 g,White PET,Soft Touch,Standard,Child resistant,No Tear Notch,10000,1,0.49,4885.56,25,3664.1700,0.3664170000,UNVERIFIED,Published price-break card; 2-inch bottom gusset; freight/tax unverified.,https://flex-packaging.com/stand-up-bag/,HIGH: directly observed live display; discount user supplied
2026-10-06,Stand-up pouch,5 x 5 x 2,7 g,White PET,Soft Touch,Standard,Child resistant,No Tear Notch,25000,1,0.43,10719.34,25,8039.5050,0.3215802000,UNVERIFIED,Published price-break card; 2-inch bottom gusset; freight/tax unverified.,https://flex-packaging.com/stand-up-bag/,HIGH: directly observed live display; discount user supplied
2026-10-06,Stand-up pouch,5 x 5 x 2,7 g,White PET,Soft Touch,Raised UV,Child resistant,No Tear Notch,500,1,2.65,1326.13,25,994.5975,1.9891950000,UNVERIFIED,Published price-break card; 2-inch bottom gusset; freight/tax unverified.,https://flex-packaging.com/stand-up-bag/,HIGH: directly observed live display; discount user supplied
2026-10-06,Stand-up pouch,5 x 5 x 2,7 g,White PET,Soft Touch,Raised UV,Child resistant,No Tear Notch,1000,1,1.53,1527.47,25,1145.6025,1.1456025000,UNVERIFIED,Published price-break card; 2-inch bottom gusset; freight/tax unverified.,https://flex-packaging.com/stand-up-bag/,HIGH: directly observed live display; discount user supplied
2026-10-06,Stand-up pouch,5 x 5 x 2,7 g,White PET,Soft Touch,Raised UV,Child resistant,No Tear Notch,2500,1,0.83,2070.80,25,1553.1000,0.6212400000,UNVERIFIED,Published price-break card; 2-inch bottom gusset; freight/tax unverified.,https://flex-packaging.com/stand-up-bag/,HIGH: directly observed live display; discount user supplied
2026-10-06,Stand-up pouch,5 x 5 x 2,7 g,White PET,Soft Touch,Raised UV,Child resistant,No Tear Notch,5000,1,0.59,2970.80,25,2228.1000,0.4456200000,UNVERIFIED,Published price-break card; 2-inch bottom gusset; freight/tax unverified.,https://flex-packaging.com/stand-up-bag/,HIGH: directly observed live display; discount user supplied
2026-10-06,Stand-up pouch,5 x 5 x 2,7 g,White PET,Soft Touch,Raised UV,Child resistant,No Tear Notch,10000,1,0.54,5426.60,25,4069.9500,0.4069950000,UNVERIFIED,Published price-break card; 2-inch bottom gusset; freight/tax unverified.,https://flex-packaging.com/stand-up-bag/,HIGH: directly observed live display; discount user supplied
2026-10-06,Stand-up pouch,5 x 5 x 2,7 g,White PET,Soft Touch,Raised UV,Child resistant,No Tear Notch,25000,1,0.48,11984.49,25,8988.3675,0.3595347000,UNVERIFIED,Published price-break card; 2-inch bottom gusset; freight/tax unverified.,https://flex-packaging.com/stand-up-bag/,HIGH: directly observed live display; discount user supplied
2026-10-06,Stand-up pouch,5 x 5 x 2,7 g,White PET,Matte,Standard,Child resistant,No Tear Notch,500,1,2.48,1238.32,25,928.7400,1.8574800000,UNVERIFIED,Published price-break card; 2-inch bottom gusset; freight/tax unverified.,https://flex-packaging.com/stand-up-bag/,HIGH: directly observed live display; discount user supplied
2026-10-06,Stand-up pouch,5 x 5 x 2,7 g,White PET,Matte,Standard,Child resistant,No Tear Notch,1000,1,1.42,1418.87,25,1064.1525,1.0641525000,UNVERIFIED,Published price-break card; 2-inch bottom gusset; freight/tax unverified.,https://flex-packaging.com/stand-up-bag/,HIGH: directly observed live display; discount user supplied
2026-10-06,Stand-up pouch,5 x 5 x 2,7 g,White PET,Matte,Standard,Child resistant,No Tear Notch,2500,1,0.76,1906.60,25,1429.9500,0.5719800000,UNVERIFIED,Published price-break card; 2-inch bottom gusset; freight/tax unverified.,https://flex-packaging.com/stand-up-bag/,HIGH: directly observed live display; discount user supplied
2026-10-06,Stand-up pouch,5 x 5 x 2,7 g,White PET,Matte,Standard,Child resistant,No Tear Notch,5000,1,0.54,2714.42,25,2035.8150,0.4071630000,UNVERIFIED,Published price-break card; 2-inch bottom gusset; freight/tax unverified.,https://flex-packaging.com/stand-up-bag/,HIGH: directly observed live display; discount user supplied
2026-10-06,Stand-up pouch,5 x 5 x 2,7 g,White PET,Matte,Standard,Child resistant,No Tear Notch,10000,1,0.49,4912.39,25,3684.2925,0.3684292500,UNVERIFIED,Published price-break card; 2-inch bottom gusset; freight/tax unverified.,https://flex-packaging.com/stand-up-bag/,HIGH: directly observed live display; discount user supplied
2026-10-06,Stand-up pouch,5 x 5 x 2,7 g,White PET,Matte,Standard,Child resistant,No Tear Notch,25000,1,0.43,10785.73,25,8089.2975,0.3235719000,UNVERIFIED,Published price-break card; 2-inch bottom gusset; freight/tax unverified.,https://flex-packaging.com/stand-up-bag/,HIGH: directly observed live display; discount user supplied
2026-10-06,Stand-up pouch,5 x 5 x 2,7 g,White PET,Matte,Raised UV,Child resistant,No Tear Notch,500,1,2.66,1328.32,25,996.2400,1.9924800000,UNVERIFIED,Published price-break card; 2-inch bottom gusset; freight/tax unverified.,https://flex-packaging.com/stand-up-bag/,HIGH: directly observed live display; discount user supplied
2026-10-06,Stand-up pouch,5 x 5 x 2,7 g,White PET,Matte,Raised UV,Child resistant,No Tear Notch,1000,1,1.53,1530.86,25,1148.1450,1.1481450000,UNVERIFIED,Published price-break card; 2-inch bottom gusset; freight/tax unverified.,https://flex-packaging.com/stand-up-bag/,HIGH: directly observed live display; discount user supplied
2026-10-06,Stand-up pouch,5 x 5 x 2,7 g,White PET,Matte,Raised UV,Child resistant,No Tear Notch,2500,1,0.83,2077.40,25,1558.0500,0.6232200000,UNVERIFIED,Published price-break card; 2-inch bottom gusset; freight/tax unverified.,https://flex-packaging.com/stand-up-bag/,HIGH: directly observed live display; discount user supplied
2026-10-06,Stand-up pouch,5 x 5 x 2,7 g,White PET,Matte,Raised UV,Child resistant,No Tear Notch,5000,1,0.60,2982.73,25,2237.0475,0.4474095000,UNVERIFIED,Published price-break card; 2-inch bottom gusset; freight/tax unverified.,https://flex-packaging.com/stand-up-bag/,HIGH: directly observed live display; discount user supplied
2026-10-06,Stand-up pouch,5 x 5 x 2,7 g,White PET,Matte,Raised UV,Child resistant,No Tear Notch,10000,1,0.55,5453.42,25,4090.0650,0.4090065000,UNVERIFIED,Published price-break card; 2-inch bottom gusset; freight/tax unverified.,https://flex-packaging.com/stand-up-bag/,HIGH: directly observed live display; discount user supplied
2026-10-06,Stand-up pouch,5 x 5 x 2,7 g,White PET,Matte,Raised UV,Child resistant,No Tear Notch,25000,1,0.48,12050.89,25,9038.1675,0.3615267000,UNVERIFIED,Published price-break card; 2-inch bottom gusset; freight/tax unverified.,https://flex-packaging.com/stand-up-bag/,HIGH: directly observed live display; discount user supplied
2026-10-06,Stand-up pouch,5 x 5 x 2,7 g,Silver PET,Soft Touch,Standard,Child resistant,No Tear Notch,500,1,2.49,1243.31,25,932.4825,1.8649650000,UNVERIFIED,Published price-break card; 2-inch bottom gusset; freight/tax unverified.,https://flex-packaging.com/stand-up-bag/,HIGH: directly observed live display; discount user supplied
2026-10-06,Stand-up pouch,5 x 5 x 2,7 g,Silver PET,Soft Touch,Standard,Child resistant,No Tear Notch,1000,1,1.43,1426.61,25,1069.9575,1.0699575000,UNVERIFIED,Published price-break card; 2-inch bottom gusset; freight/tax unverified.,https://flex-packaging.com/stand-up-bag/,HIGH: directly observed live display; discount user supplied
2026-10-06,Stand-up pouch,5 x 5 x 2,7 g,Silver PET,Soft Touch,Standard,Child resistant,No Tear Notch,2500,1,0.77,1921.68,25,1441.2600,0.5765040000,UNVERIFIED,Published price-break card; 2-inch bottom gusset; freight/tax unverified.,https://flex-packaging.com/stand-up-bag/,HIGH: directly observed live display; discount user supplied
2026-10-06,Stand-up pouch,5 x 5 x 2,7 g,Silver PET,Soft Touch,Standard,Child resistant,No Tear Notch,5000,1,0.55,2741.68,25,2056.2600,0.4112520000,UNVERIFIED,Published price-break card; 2-inch bottom gusset; freight/tax unverified.,https://flex-packaging.com/stand-up-bag/,HIGH: directly observed live display; discount user supplied
2026-10-06,Stand-up pouch,5 x 5 x 2,7 g,Silver PET,Soft Touch,Standard,Child resistant,No Tear Notch,10000,1,0.50,4973.70,25,3730.2750,0.3730275000,UNVERIFIED,Published price-break card; 2-inch bottom gusset; freight/tax unverified.,https://flex-packaging.com/stand-up-bag/,HIGH: directly observed live display; discount user supplied
2026-10-06,Stand-up pouch,5 x 5 x 2,7 g,Silver PET,Soft Touch,Standard,Child resistant,No Tear Notch,25000,1,0.44,10937.45,25,8203.0875,0.3281235000,UNVERIFIED,Published price-break card; 2-inch bottom gusset; freight/tax unverified.,https://flex-packaging.com/stand-up-bag/,HIGH: directly observed live display; discount user supplied
2026-10-06,Stand-up pouch,5 x 5 x 2,7 g,Silver PET,Soft Touch,Raised UV,Child resistant,No Tear Notch,500,1,2.67,1333.31,25,999.9825,1.9999650000,UNVERIFIED,Published price-break card; 2-inch bottom gusset; freight/tax unverified.,https://flex-packaging.com/stand-up-bag/,HIGH: directly observed live display; discount user supplied
2026-10-06,Stand-up pouch,5 x 5 x 2,7 g,Silver PET,Soft Touch,Raised UV,Child resistant,No Tear Notch,1000,1,1.54,1538.60,25,1153.9500,1.1539500000,UNVERIFIED,Published price-break card; 2-inch bottom gusset; freight/tax unverified.,https://flex-packaging.com/stand-up-bag/,HIGH: directly observed live display; discount user supplied
2026-10-06,Stand-up pouch,5 x 5 x 2,7 g,Silver PET,Soft Touch,Raised UV,Child resistant,No Tear Notch,2500,1,0.84,2092.48,25,1569.3600,0.6277440000,UNVERIFIED,Published price-break card; 2-inch bottom gusset; freight/tax unverified.,https://flex-packaging.com/stand-up-bag/,HIGH: directly observed live display; discount user supplied
2026-10-06,Stand-up pouch,5 x 5 x 2,7 g,Silver PET,Soft Touch,Raised UV,Child resistant,No Tear Notch,5000,1,0.60,3009.99,25,2257.4925,0.4514985000,UNVERIFIED,Published price-break card; 2-inch bottom gusset; freight/tax unverified.,https://flex-packaging.com/stand-up-bag/,HIGH: directly observed live display; discount user supplied
2026-10-06,Stand-up pouch,5 x 5 x 2,7 g,Silver PET,Soft Touch,Raised UV,Child resistant,No Tear Notch,10000,1,0.55,5514.73,25,4136.0475,0.4136047500,UNVERIFIED,Published price-break card; 2-inch bottom gusset; freight/tax unverified.,https://flex-packaging.com/stand-up-bag/,HIGH: directly observed live display; discount user supplied
2026-10-06,Stand-up pouch,5 x 5 x 2,7 g,Silver PET,Soft Touch,Raised UV,Child resistant,No Tear Notch,25000,1,0.49,12202.61,25,9151.9575,0.3660783000,UNVERIFIED,Published price-break card; 2-inch bottom gusset; freight/tax unverified.,https://flex-packaging.com/stand-up-bag/,HIGH: directly observed live display; discount user supplied
2026-10-06,Stand-up pouch,5 x 5 x 2,7 g,Silver PET,Matte,Standard,Child resistant,No Tear Notch,500,1,2.49,1245.50,25,934.1250,1.8682500000,UNVERIFIED,Published price-break card; 2-inch bottom gusset; freight/tax unverified.,https://flex-packaging.com/stand-up-bag/,HIGH: directly observed live display; discount user supplied
2026-10-06,Stand-up pouch,5 x 5 x 2,7 g,Silver PET,Matte,Standard,Child resistant,No Tear Notch,1000,1,1.43,1429.99,25,1072.4925,1.0724925000,UNVERIFIED,Published price-break card; 2-inch bottom gusset; freight/tax unverified.,https://flex-packaging.com/stand-up-bag/,HIGH: directly observed live display; discount user supplied
2026-10-06,Stand-up pouch,5 x 5 x 2,7 g,Silver PET,Matte,Standard,Child resistant,No Tear Notch,2500,1,0.77,1928.28,25,1446.2100,0.5784840000,UNVERIFIED,Published price-break card; 2-inch bottom gusset; freight/tax unverified.,https://flex-packaging.com/stand-up-bag/,HIGH: directly observed live display; discount user supplied
2026-10-06,Stand-up pouch,5 x 5 x 2,7 g,Silver PET,Matte,Standard,Child resistant,No Tear Notch,5000,1,0.55,2753.60,25,2065.2000,0.4130400000,UNVERIFIED,Published price-break card; 2-inch bottom gusset; freight/tax unverified.,https://flex-packaging.com/stand-up-bag/,HIGH: directly observed live display; discount user supplied
2026-10-06,Stand-up pouch,5 x 5 x 2,7 g,Silver PET,Matte,Standard,Child resistant,No Tear Notch,10000,1,0.50,5000.53,25,3750.3975,0.3750397500,UNVERIFIED,Published price-break card; 2-inch bottom gusset; freight/tax unverified.,https://flex-packaging.com/stand-up-bag/,HIGH: directly observed live display; discount user supplied
2026-10-06,Stand-up pouch,5 x 5 x 2,7 g,Silver PET,Matte,Standard,Child resistant,No Tear Notch,25000,1,0.44,11003.84,25,8252.8800,0.3301152000,UNVERIFIED,Published price-break card; 2-inch bottom gusset; freight/tax unverified.,https://flex-packaging.com/stand-up-bag/,HIGH: directly observed live display; discount user supplied
2026-10-06,Stand-up pouch,5 x 5 x 2,7 g,Silver PET,Matte,Raised UV,Child resistant,No Tear Notch,500,1,2.67,1335.50,25,1001.6250,2.0032500000,UNVERIFIED,Published price-break card; 2-inch bottom gusset; freight/tax unverified.,https://flex-packaging.com/stand-up-bag/,HIGH: directly observed live display; discount user supplied
2026-10-06,Stand-up pouch,5 x 5 x 2,7 g,Silver PET,Matte,Raised UV,Child resistant,No Tear Notch,1000,1,1.54,1541.99,25,1156.4925,1.1564925000,UNVERIFIED,Published price-break card; 2-inch bottom gusset; freight/tax unverified.,https://flex-packaging.com/stand-up-bag/,HIGH: directly observed live display; discount user supplied
2026-10-06,Stand-up pouch,5 x 5 x 2,7 g,Silver PET,Matte,Raised UV,Child resistant,No Tear Notch,2500,1,0.84,2099.08,25,1574.3100,0.6297240000,UNVERIFIED,Published price-break card; 2-inch bottom gusset; freight/tax unverified.,https://flex-packaging.com/stand-up-bag/,HIGH: directly observed live display; discount user supplied
2026-10-06,Stand-up pouch,5 x 5 x 2,7 g,Silver PET,Matte,Raised UV,Child resistant,No Tear Notch,5000,1,0.60,3021.92,25,2266.4400,0.4532880000,UNVERIFIED,Published price-break card; 2-inch bottom gusset; freight/tax unverified.,https://flex-packaging.com/stand-up-bag/,HIGH: directly observed live display; discount user supplied
2026-10-06,Stand-up pouch,5 x 5 x 2,7 g,Silver PET,Matte,Raised UV,Child resistant,No Tear Notch,10000,1,0.55,5541.56,25,4156.1700,0.4156170000,UNVERIFIED,Published price-break card; 2-inch bottom gusset; freight/tax unverified.,https://flex-packaging.com/stand-up-bag/,HIGH: directly observed live display; discount user supplied
2026-10-06,Stand-up pouch,5 x 5 x 2,7 g,Silver PET,Matte,Raised UV,Child resistant,No Tear Notch,25000,1,0.49,12269.00,25,9201.7500,0.3680700000,UNVERIFIED,Published price-break card; 2-inch bottom gusset; freight/tax unverified.,https://flex-packaging.com/stand-up-bag/,HIGH: directly observed live display; discount user supplied
2026-10-06,Stand-up pouch,5 x 5 x 2,7 g,Hologram,Soft Touch,Standard,Child resistant,No Tear Notch,500,1,2.51,1253.72,25,940.2900,1.8805800000,UNVERIFIED,Published price-break card; 2-inch bottom gusset; freight/tax unverified.,https://flex-packaging.com/stand-up-bag/,HIGH: directly observed live display; discount user supplied
2026-10-06,Stand-up pouch,5 x 5 x 2,7 g,Hologram,Soft Touch,Standard,Child resistant,No Tear Notch,1000,1,1.44,1442.74,25,1082.0550,1.0820550000,UNVERIFIED,Published price-break card; 2-inch bottom gusset; freight/tax unverified.,https://flex-packaging.com/stand-up-bag/,HIGH: directly observed live display; discount user supplied
2026-10-06,Stand-up pouch,5 x 5 x 2,7 g,Hologram,Soft Touch,Standard,Child resistant,No Tear Notch,2500,1,0.78,1953.12,25,1464.8400,0.5859360000,UNVERIFIED,Published price-break card; 2-inch bottom gusset; freight/tax unverified.,https://flex-packaging.com/stand-up-bag/,HIGH: directly observed live display; discount user supplied
2026-10-06,Stand-up pouch,5 x 5 x 2,7 g,Hologram,Soft Touch,Standard,Child resistant,No Tear Notch,5000,1,0.56,2798.49,25,2098.8675,0.4197735000,UNVERIFIED,Published price-break card; 2-inch bottom gusset; freight/tax unverified.,https://flex-packaging.com/stand-up-bag/,HIGH: directly observed live display; discount user supplied
2026-10-06,Stand-up pouch,5 x 5 x 2,7 g,Hologram,Soft Touch,Standard,Child resistant,No Tear Notch,10000,1,0.51,5101.50,25,3826.1250,0.3826125000,UNVERIFIED,Published price-break card; 2-inch bottom gusset; freight/tax unverified.,https://flex-packaging.com/stand-up-bag/,HIGH: directly observed live display; discount user supplied
2026-10-06,Stand-up pouch,5 x 5 x 2,7 g,Hologram,Soft Touch,Standard,Child resistant,No Tear Notch,25000,1,0.45,11253.71,25,8440.2825,0.3376113000,UNVERIFIED,Published price-break card; 2-inch bottom gusset; freight/tax unverified.,https://flex-packaging.com/stand-up-bag/,HIGH: directly observed live display; discount user supplied
2026-10-06,Stand-up pouch,5 x 5 x 2,7 g,Hologram,Soft Touch,Raised UV,Child resistant,No Tear Notch,500,1,2.69,1343.72,25,1007.7900,2.0155800000,UNVERIFIED,Published price-break card; 2-inch bottom gusset; freight/tax unverified.,https://flex-packaging.com/stand-up-bag/,HIGH: directly observed live display; discount user supplied
2026-10-06,Stand-up pouch,5 x 5 x 2,7 g,Hologram,Soft Touch,Raised UV,Child resistant,No Tear Notch,1000,1,1.55,1554.73,25,1166.0475,1.1660475000,UNVERIFIED,Published price-break card; 2-inch bottom gusset; freight/tax unverified.,https://flex-packaging.com/stand-up-bag/,HIGH: directly observed live display; discount user supplied
2026-10-06,Stand-up pouch,5 x 5 x 2,7 g,Hologram,Soft Touch,Raised UV,Child resistant,No Tear Notch,2500,1,0.85,2123.92,25,1592.9400,0.6371760000,UNVERIFIED,Published price-break card; 2-inch bottom gusset; freight/tax unverified.,https://flex-packaging.com/stand-up-bag/,HIGH: directly observed live display; discount user supplied
2026-10-06,Stand-up pouch,5 x 5 x 2,7 g,Hologram,Soft Touch,Raised UV,Child resistant,No Tear Notch,5000,1,0.61,3066.81,25,2300.1075,0.4600215000,UNVERIFIED,Published price-break card; 2-inch bottom gusset; freight/tax unverified.,https://flex-packaging.com/stand-up-bag/,HIGH: directly observed live display; discount user supplied
2026-10-06,Stand-up pouch,5 x 5 x 2,7 g,Hologram,Soft Touch,Raised UV,Child resistant,No Tear Notch,10000,1,0.56,5642.53,25,4231.8975,0.4231897500,UNVERIFIED,Published price-break card; 2-inch bottom gusset; freight/tax unverified.,https://flex-packaging.com/stand-up-bag/,HIGH: directly observed live display; discount user supplied
2026-10-06,Stand-up pouch,5 x 5 x 2,7 g,Hologram,Soft Touch,Raised UV,Child resistant,No Tear Notch,25000,1,0.50,12518.87,25,9389.1525,0.3755661000,UNVERIFIED,Published price-break card; 2-inch bottom gusset; freight/tax unverified.,https://flex-packaging.com/stand-up-bag/,HIGH: directly observed live display; discount user supplied
2026-10-06,Stand-up pouch,5 x 5 x 2,7 g,Hologram,Matte,Standard,Child resistant,No Tear Notch,500,1,2.51,1255.91,25,941.9325,1.8838650000,UNVERIFIED,Published price-break card; 2-inch bottom gusset; freight/tax unverified.,https://flex-packaging.com/stand-up-bag/,HIGH: directly observed live display; discount user supplied
2026-10-06,Stand-up pouch,5 x 5 x 2,7 g,Hologram,Matte,Standard,Child resistant,No Tear Notch,1000,1,1.45,1446.13,25,1084.5975,1.0845975000,UNVERIFIED,Published price-break card; 2-inch bottom gusset; freight/tax unverified.,https://flex-packaging.com/stand-up-bag/,HIGH: directly observed live display; discount user supplied
2026-10-06,Stand-up pouch,5 x 5 x 2,7 g,Hologram,Matte,Standard,Child resistant,No Tear Notch,2500,1,0.78,1959.72,25,1469.7900,0.5879160000,UNVERIFIED,Published price-break card; 2-inch bottom gusset; freight/tax unverified.,https://flex-packaging.com/stand-up-bag/,HIGH: directly observed live display; discount user supplied
2026-10-06,Stand-up pouch,5 x 5 x 2,7 g,Hologram,Matte,Standard,Child resistant,No Tear Notch,5000,1,0.56,2810.42,25,2107.8150,0.4215630000,UNVERIFIED,Published price-break card; 2-inch bottom gusset; freight/tax unverified.,https://flex-packaging.com/stand-up-bag/,HIGH: directly observed live display; discount user supplied
2026-10-06,Stand-up pouch,5 x 5 x 2,7 g,Hologram,Matte,Standard,Child resistant,No Tear Notch,10000,1,0.51,5128.33,25,3846.2475,0.3846247500,UNVERIFIED,Published price-break card; 2-inch bottom gusset; freight/tax unverified.,https://flex-packaging.com/stand-up-bag/,HIGH: directly observed live display; discount user supplied
2026-10-06,Stand-up pouch,5 x 5 x 2,7 g,Hologram,Matte,Standard,Child resistant,No Tear Notch,25000,1,0.45,11320.10,25,8490.0750,0.3396030000,UNVERIFIED,Published price-break card; 2-inch bottom gusset; freight/tax unverified.,https://flex-packaging.com/stand-up-bag/,HIGH: directly observed live display; discount user supplied
2026-10-06,Stand-up pouch,5 x 5 x 2,7 g,Hologram,Matte,Raised UV,Child resistant,No Tear Notch,500,1,2.69,1345.91,25,1009.4325,2.0188650000,UNVERIFIED,Published price-break card; 2-inch bottom gusset; freight/tax unverified.,https://flex-packaging.com/stand-up-bag/,HIGH: directly observed live display; discount user supplied
2026-10-06,Stand-up pouch,5 x 5 x 2,7 g,Hologram,Matte,Raised UV,Child resistant,No Tear Notch,1000,1,1.56,1558.12,25,1168.5900,1.1685900000,UNVERIFIED,Published price-break card; 2-inch bottom gusset; freight/tax unverified.,https://flex-packaging.com/stand-up-bag/,HIGH: directly observed live display; discount user supplied
2026-10-06,Stand-up pouch,5 x 5 x 2,7 g,Hologram,Matte,Raised UV,Child resistant,No Tear Notch,2500,1,0.85,2130.52,25,1597.8900,0.6391560000,UNVERIFIED,Published price-break card; 2-inch bottom gusset; freight/tax unverified.,https://flex-packaging.com/stand-up-bag/,HIGH: directly observed live display; discount user supplied
2026-10-06,Stand-up pouch,5 x 5 x 2,7 g,Hologram,Matte,Raised UV,Child resistant,No Tear Notch,5000,1,0.62,3078.74,25,2309.0550,0.4618110000,UNVERIFIED,Published price-break card; 2-inch bottom gusset; freight/tax unverified.,https://flex-packaging.com/stand-up-bag/,HIGH: directly observed live display; discount user supplied
2026-10-06,Stand-up pouch,5 x 5 x 2,7 g,Hologram,Matte,Raised UV,Child resistant,No Tear Notch,10000,1,0.57,5669.36,25,4252.0200,0.4252020000,UNVERIFIED,Published price-break card; 2-inch bottom gusset; freight/tax unverified.,https://flex-packaging.com/stand-up-bag/,HIGH: directly observed live display; discount user supplied
2026-10-06,Stand-up pouch,5 x 5 x 2,7 g,Hologram,Matte,Raised UV,Child resistant,No Tear Notch,25000,1,0.50,12585.26,25,9438.9450,0.3775578000,UNVERIFIED,Published price-break card; 2-inch bottom gusset; freight/tax unverified.,https://flex-packaging.com/stand-up-bag/,HIGH: directly observed live display; discount user supplied
2026-10-06,Stand-up pouch,5 x 5 x 2,7 g,Clear PET,Soft Touch,Standard,Child resistant,No Tear Notch,500,1,2.51,1254.71,25,941.0325,1.8820650000,UNVERIFIED,Published price-break card; 2-inch bottom gusset; freight/tax unverified.,https://flex-packaging.com/stand-up-bag/,HIGH: directly observed live display; discount user supplied
2026-10-06,Stand-up pouch,5 x 5 x 2,7 g,Clear PET,Soft Touch,Standard,Child resistant,No Tear Notch,1000,1,1.44,1444.27,25,1083.2025,1.0832025000,UNVERIFIED,Published price-break card; 2-inch bottom gusset; freight/tax unverified.,https://flex-packaging.com/stand-up-bag/,HIGH: directly observed live display; discount user supplied
2026-10-06,Stand-up pouch,5 x 5 x 2,7 g,Clear PET,Soft Touch,Standard,Child resistant,No Tear Notch,2500,1,0.78,1956.09,25,1467.0675,0.5868270000,UNVERIFIED,Published price-break card; 2-inch bottom gusset; freight/tax unverified.,https://flex-packaging.com/stand-up-bag/,HIGH: directly observed live display; discount user supplied
2026-10-06,Stand-up pouch,5 x 5 x 2,7 g,Clear PET,Soft Touch,Standard,Child resistant,No Tear Notch,5000,1,0.56,2803.86,25,2102.8950,0.4205790000,UNVERIFIED,Published price-break card; 2-inch bottom gusset; freight/tax unverified.,https://flex-packaging.com/stand-up-bag/,HIGH: directly observed live display; discount user supplied
2026-10-06,Stand-up pouch,5 x 5 x 2,7 g,Clear PET,Soft Touch,Standard,Child resistant,No Tear Notch,10000,1,0.51,5113.58,25,3835.1850,0.3835185000,UNVERIFIED,Published price-break card; 2-inch bottom gusset; freight/tax unverified.,https://flex-packaging.com/stand-up-bag/,HIGH: directly observed live display; discount user supplied
2026-10-06,Stand-up pouch,5 x 5 x 2,7 g,Clear PET,Soft Touch,Standard,Child resistant,No Tear Notch,25000,1,0.45,11283.60,25,8462.7000,0.3385080000,UNVERIFIED,Published price-break card; 2-inch bottom gusset; freight/tax unverified.,https://flex-packaging.com/stand-up-bag/,HIGH: directly observed live display; discount user supplied
2026-10-06,Stand-up pouch,5 x 5 x 2,7 g,Clear PET,Soft Touch,Raised UV,Child resistant,No Tear Notch,500,1,2.69,1344.71,25,1008.5325,2.0170650000,UNVERIFIED,Published price-break card; 2-inch bottom gusset; freight/tax unverified.,https://flex-packaging.com/stand-up-bag/,HIGH: directly observed live display; discount user supplied
2026-10-06,Stand-up pouch,5 x 5 x 2,7 g,Clear PET,Soft Touch,Raised UV,Child resistant,No Tear Notch,1000,1,1.56,1556.26,25,1167.1950,1.1671950000,UNVERIFIED,Published price-break card; 2-inch bottom gusset; freight/tax unverified.,https://flex-packaging.com/stand-up-bag/,HIGH: directly observed live display; discount user supplied
2026-10-06,Stand-up pouch,5 x 5 x 2,7 g,Clear PET,Soft Touch,Raised UV,Child resistant,No Tear Notch,2500,1,0.85,2126.89,25,1595.1675,0.6380670000,UNVERIFIED,Published price-break card; 2-inch bottom gusset; freight/tax unverified.,https://flex-packaging.com/stand-up-bag/,HIGH: directly observed live display; discount user supplied
2026-10-06,Stand-up pouch,5 x 5 x 2,7 g,Clear PET,Soft Touch,Raised UV,Child resistant,No Tear Notch,5000,1,0.61,3072.18,25,2304.1350,0.4608270000,UNVERIFIED,Published price-break card; 2-inch bottom gusset; freight/tax unverified.,https://flex-packaging.com/stand-up-bag/,HIGH: directly observed live display; discount user supplied
2026-10-06,Stand-up pouch,5 x 5 x 2,7 g,Clear PET,Soft Touch,Raised UV,Child resistant,No Tear Notch,10000,1,0.57,5654.61,25,4240.9575,0.4240957500,UNVERIFIED,Published price-break card; 2-inch bottom gusset; freight/tax unverified.,https://flex-packaging.com/stand-up-bag/,HIGH: directly observed live display; discount user supplied
2026-10-06,Stand-up pouch,5 x 5 x 2,7 g,Clear PET,Soft Touch,Raised UV,Child resistant,No Tear Notch,25000,1,0.50,12548.76,25,9411.5700,0.3764628000,UNVERIFIED,Published price-break card; 2-inch bottom gusset; freight/tax unverified.,https://flex-packaging.com/stand-up-bag/,HIGH: directly observed live display; discount user supplied
2026-10-06,Stand-up pouch,5 x 5 x 2,7 g,Clear PET,Matte,Standard,Child resistant,No Tear Notch,500,1,2.51,1256.89,25,942.6675,1.8853350000,UNVERIFIED,Published price-break card; 2-inch bottom gusset; freight/tax unverified.,https://flex-packaging.com/stand-up-bag/,HIGH: directly observed live display; discount user supplied
2026-10-06,Stand-up pouch,5 x 5 x 2,7 g,Clear PET,Matte,Standard,Child resistant,No Tear Notch,1000,1,1.45,1447.65,25,1085.7375,1.0857375000,UNVERIFIED,Published price-break card; 2-inch bottom gusset; freight/tax unverified.,https://flex-packaging.com/stand-up-bag/,HIGH: directly observed live display; discount user supplied
2026-10-06,Stand-up pouch,5 x 5 x 2,7 g,Clear PET,Matte,Standard,Child resistant,No Tear Notch,2500,1,0.79,1962.69,25,1472.0175,0.5888070000,UNVERIFIED,Published price-break card; 2-inch bottom gusset; freight/tax unverified.,https://flex-packaging.com/stand-up-bag/,HIGH: directly observed live display; discount user supplied
2026-10-06,Stand-up pouch,5 x 5 x 2,7 g,Clear PET,Matte,Standard,Child resistant,No Tear Notch,5000,1,0.56,2815.79,25,2111.8425,0.4223685000,UNVERIFIED,Published price-break card; 2-inch bottom gusset; freight/tax unverified.,https://flex-packaging.com/stand-up-bag/,HIGH: directly observed live display; discount user supplied
2026-10-06,Stand-up pouch,5 x 5 x 2,7 g,Clear PET,Matte,Standard,Child resistant,No Tear Notch,10000,1,0.51,5140.40,25,3855.3000,0.3855300000,UNVERIFIED,Published price-break card; 2-inch bottom gusset; freight/tax unverified.,https://flex-packaging.com/stand-up-bag/,HIGH: directly observed live display; discount user supplied
2026-10-06,Stand-up pouch,5 x 5 x 2,7 g,Clear PET,Matte,Standard,Child resistant,No Tear Notch,25000,1,0.45,11350.00,25,8512.5000,0.3405000000,UNVERIFIED,Published price-break card; 2-inch bottom gusset; freight/tax unverified.,https://flex-packaging.com/stand-up-bag/,HIGH: directly observed live display; discount user supplied
2026-10-06,Stand-up pouch,5 x 5 x 2,7 g,Clear PET,Matte,Raised UV,Child resistant,No Tear Notch,500,1,2.69,1346.89,25,1010.1675,2.0203350000,UNVERIFIED,Published price-break card; 2-inch bottom gusset; freight/tax unverified.,https://flex-packaging.com/stand-up-bag/,HIGH: directly observed live display; discount user supplied
2026-10-06,Stand-up pouch,5 x 5 x 2,7 g,Clear PET,Matte,Raised UV,Child resistant,No Tear Notch,1000,1,1.56,1559.65,25,1169.7375,1.1697375000,UNVERIFIED,Published price-break card; 2-inch bottom gusset; freight/tax unverified.,https://flex-packaging.com/stand-up-bag/,HIGH: directly observed live display; discount user supplied
2026-10-06,Stand-up pouch,5 x 5 x 2,7 g,Clear PET,Matte,Raised UV,Child resistant,No Tear Notch,2500,1,0.85,2133.49,25,1600.1175,0.6400470000,UNVERIFIED,Published price-break card; 2-inch bottom gusset; freight/tax unverified.,https://flex-packaging.com/stand-up-bag/,HIGH: directly observed live display; discount user supplied
2026-10-06,Stand-up pouch,5 x 5 x 2,7 g,Clear PET,Matte,Raised UV,Child resistant,No Tear Notch,5000,1,0.62,3084.11,25,2313.0825,0.4626165000,UNVERIFIED,Published price-break card; 2-inch bottom gusset; freight/tax unverified.,https://flex-packaging.com/stand-up-bag/,HIGH: directly observed live display; discount user supplied
2026-10-06,Stand-up pouch,5 x 5 x 2,7 g,Clear PET,Matte,Raised UV,Child resistant,No Tear Notch,10000,1,0.57,5681.44,25,4261.0800,0.4261080000,UNVERIFIED,Published price-break card; 2-inch bottom gusset; freight/tax unverified.,https://flex-packaging.com/stand-up-bag/,HIGH: directly observed live display; discount user supplied
2026-10-06,Stand-up pouch,5 x 5 x 2,7 g,Clear PET,Matte,Raised UV,Child resistant,No Tear Notch,25000,1,0.50,12615.15,25,9461.3625,0.3784545000,UNVERIFIED,Published price-break card; 2-inch bottom gusset; freight/tax unverified.,https://flex-packaging.com/stand-up-bag/,HIGH: directly observed live display; discount user supplied
2026-10-06,Stand-up pouch,6 x 5 x 2,14 g,White PET,Soft Touch,Standard,Child resistant,No Tear Notch,500,1,2.54,1269.97,25,952.4775,1.9049550000,UNVERIFIED,Published price-break card; 2-inch bottom gusset; freight/tax unverified.,https://flex-packaging.com/stand-up-bag/,HIGH: directly observed live display; discount user supplied
2026-10-06,Stand-up pouch,6 x 5 x 2,14 g,White PET,Soft Touch,Standard,Child resistant,No Tear Notch,1000,1,1.47,1467.92,25,1100.9400,1.1009400000,UNVERIFIED,Published price-break card; 2-inch bottom gusset; freight/tax unverified.,https://flex-packaging.com/stand-up-bag/,HIGH: directly observed live display; discount user supplied
2026-10-06,Stand-up pouch,6 x 5 x 2,14 g,White PET,Soft Touch,Standard,Child resistant,No Tear Notch,2500,1,0.80,2002.35,25,1501.7625,0.6007050000,UNVERIFIED,Published price-break card; 2-inch bottom gusset; freight/tax unverified.,https://flex-packaging.com/stand-up-bag/,HIGH: directly observed live display; discount user supplied
2026-10-06,Stand-up pouch,6 x 5 x 2,14 g,White PET,Soft Touch,Standard,Child resistant,No Tear Notch,5000,1,0.58,2917.09,25,2187.8175,0.4375635000,UNVERIFIED,Published price-break card; 2-inch bottom gusset; freight/tax unverified.,https://flex-packaging.com/stand-up-bag/,HIGH: directly observed live display; discount user supplied
2026-10-06,Stand-up pouch,6 x 5 x 2,14 g,White PET,Soft Touch,Standard,Child resistant,No Tear Notch,10000,1,0.53,5299.82,25,3974.8650,0.3974865000,UNVERIFIED,Published price-break card; 2-inch bottom gusset; freight/tax unverified.,https://flex-packaging.com/stand-up-bag/,HIGH: directly observed live display; discount user supplied
2026-10-06,Stand-up pouch,6 x 5 x 2,14 g,White PET,Soft Touch,Standard,Child resistant,No Tear Notch,25000,1,0.47,11778.83,25,8834.1225,0.3533649000,UNVERIFIED,Published price-break card; 2-inch bottom gusset; freight/tax unverified.,https://flex-packaging.com/stand-up-bag/,HIGH: directly observed live display; discount user supplied
2026-10-06,Stand-up pouch,6 x 5 x 2,14 g,White PET,Soft Touch,Raised UV,Child resistant,No Tear Notch,500,1,2.72,1359.97,25,1019.9775,2.0399550000,UNVERIFIED,Published price-break card; 2-inch bottom gusset; freight/tax unverified.,https://flex-packaging.com/stand-up-bag/,HIGH: directly observed live display; discount user supplied
2026-10-06,Stand-up pouch,6 x 5 x 2,14 g,White PET,Soft Touch,Raised UV,Child resistant,No Tear Notch,1000,1,1.58,1579.91,25,1184.9325,1.1849325000,UNVERIFIED,Published price-break card; 2-inch bottom gusset; freight/tax unverified.,https://flex-packaging.com/stand-up-bag/,HIGH: directly observed live display; discount user supplied
2026-10-06,Stand-up pouch,6 x 5 x 2,14 g,White PET,Soft Touch,Raised UV,Child resistant,No Tear Notch,2500,1,0.87,2173.15,25,1629.8625,0.6519450000,UNVERIFIED,Published price-break card; 2-inch bottom gusset; freight/tax unverified.,https://flex-packaging.com/stand-up-bag/,HIGH: directly observed live display; discount user supplied
2026-10-06,Stand-up pouch,6 x 5 x 2,14 g,White PET,Soft Touch,Raised UV,Child resistant,No Tear Notch,5000,1,0.64,3188.66,25,2391.4950,0.4782990000,UNVERIFIED,Published price-break card; 2-inch bottom gusset; freight/tax unverified.,https://flex-packaging.com/stand-up-bag/,HIGH: directly observed live display; discount user supplied
2026-10-06,Stand-up pouch,6 x 5 x 2,14 g,White PET,Soft Touch,Raised UV,Child resistant,No Tear Notch,10000,1,0.58,5840.86,25,4380.6450,0.4380645000,UNVERIFIED,Published price-break card; 2-inch bottom gusset; freight/tax unverified.,https://flex-packaging.com/stand-up-bag/,HIGH: directly observed live display; discount user supplied
2026-10-06,Stand-up pouch,6 x 5 x 2,14 g,White PET,Soft Touch,Raised UV,Child resistant,No Tear Notch,25000,1,0.52,13047.96,25,9785.9700,0.3914388000,UNVERIFIED,Published price-break card; 2-inch bottom gusset; freight/tax unverified.,https://flex-packaging.com/stand-up-bag/,HIGH: directly observed live display; discount user supplied
2026-10-06,Stand-up pouch,6 x 5 x 2,14 g,White PET,Matte,Standard,Child resistant,No Tear Notch,500,1,2.55,1272.57,25,954.4275,1.9088550000,UNVERIFIED,Published price-break card; 2-inch bottom gusset; freight/tax unverified.,https://flex-packaging.com/stand-up-bag/,HIGH: directly observed live display; discount user supplied
2026-10-06,Stand-up pouch,6 x 5 x 2,14 g,White PET,Matte,Standard,Child resistant,No Tear Notch,1000,1,1.47,1471.95,25,1103.9625,1.1039625000,UNVERIFIED,Published price-break card; 2-inch bottom gusset; freight/tax unverified.,https://flex-packaging.com/stand-up-bag/,HIGH: directly observed live display; discount user supplied
2026-10-06,Stand-up pouch,6 x 5 x 2,14 g,White PET,Matte,Standard,Child resistant,No Tear Notch,2500,1,0.80,2010.21,25,1507.6575,0.6030630000,UNVERIFIED,Published price-break card; 2-inch bottom gusset; freight/tax unverified.,https://flex-packaging.com/stand-up-bag/,HIGH: directly observed live display; discount user supplied
2026-10-06,Stand-up pouch,6 x 5 x 2,14 g,White PET,Matte,Standard,Child resistant,No Tear Notch,5000,1,0.59,2931.50,25,2198.6250,0.4397250000,UNVERIFIED,Published price-break card; 2-inch bottom gusset; freight/tax unverified.,https://flex-packaging.com/stand-up-bag/,HIGH: directly observed live display; discount user supplied
2026-10-06,Stand-up pouch,6 x 5 x 2,14 g,White PET,Matte,Standard,Child resistant,No Tear Notch,10000,1,0.53,5331.76,25,3998.8200,0.3998820000,UNVERIFIED,Published price-break card; 2-inch bottom gusset; freight/tax unverified.,https://flex-packaging.com/stand-up-bag/,HIGH: directly observed live display; discount user supplied
2026-10-06,Stand-up pouch,6 x 5 x 2,14 g,White PET,Matte,Standard,Child resistant,No Tear Notch,25000,1,0.47,11858.12,25,8893.5900,0.3557436000,UNVERIFIED,Published price-break card; 2-inch bottom gusset; freight/tax unverified.,https://flex-packaging.com/stand-up-bag/,HIGH: directly observed live display; discount user supplied
2026-10-06,Stand-up pouch,6 x 5 x 2,14 g,White PET,Matte,Raised UV,Child resistant,No Tear Notch,500,1,2.73,1362.57,25,1021.9275,2.0438550000,UNVERIFIED,Published price-break card; 2-inch bottom gusset; freight/tax unverified.,https://flex-packaging.com/stand-up-bag/,HIGH: directly observed live display; discount user supplied
2026-10-06,Stand-up pouch,6 x 5 x 2,14 g,White PET,Matte,Raised UV,Child resistant,No Tear Notch,1000,1,1.58,1583.94,25,1187.9550,1.1879550000,UNVERIFIED,Published price-break card; 2-inch bottom gusset; freight/tax unverified.,https://flex-packaging.com/stand-up-bag/,HIGH: directly observed live display; discount user supplied
2026-10-06,Stand-up pouch,6 x 5 x 2,14 g,White PET,Matte,Raised UV,Child resistant,No Tear Notch,2500,1,0.87,2181.00,25,1635.7500,0.6543000000,UNVERIFIED,Published price-break card; 2-inch bottom gusset; freight/tax unverified.,https://flex-packaging.com/stand-up-bag/,HIGH: directly observed live display; discount user supplied
2026-10-06,Stand-up pouch,6 x 5 x 2,14 g,White PET,Matte,Raised UV,Child resistant,No Tear Notch,5000,1,0.64,3203.07,25,2402.3025,0.4804605000,UNVERIFIED,Published price-break card; 2-inch bottom gusset; freight/tax unverified.,https://flex-packaging.com/stand-up-bag/,HIGH: directly observed live display; discount user supplied
2026-10-06,Stand-up pouch,6 x 5 x 2,14 g,White PET,Matte,Raised UV,Child resistant,No Tear Notch,10000,1,0.59,5872.79,25,4404.5925,0.4404592500,UNVERIFIED,Published price-break card; 2-inch bottom gusset; freight/tax unverified.,https://flex-packaging.com/stand-up-bag/,HIGH: directly observed live display; discount user supplied
2026-10-06,Stand-up pouch,6 x 5 x 2,14 g,White PET,Matte,Raised UV,Child resistant,No Tear Notch,25000,1,0.53,13127.25,25,9845.4375,0.3938175000,UNVERIFIED,Published price-break card; 2-inch bottom gusset; freight/tax unverified.,https://flex-packaging.com/stand-up-bag/,HIGH: directly observed live display; discount user supplied
2026-10-06,Stand-up pouch,6 x 5 x 2,14 g,Silver PET,Soft Touch,Standard,Child resistant,No Tear Notch,500,1,2.56,1278.25,25,958.6875,1.9173750000,UNVERIFIED,Published price-break card; 2-inch bottom gusset; freight/tax unverified.,https://flex-packaging.com/stand-up-bag/,HIGH: directly observed live display; discount user supplied
2026-10-06,Stand-up pouch,6 x 5 x 2,14 g,Silver PET,Soft Touch,Standard,Child resistant,No Tear Notch,1000,1,1.48,1480.74,25,1110.5550,1.1105550000,UNVERIFIED,Published price-break card; 2-inch bottom gusset; freight/tax unverified.,https://flex-packaging.com/stand-up-bag/,HIGH: directly observed live display; discount user supplied
2026-10-06,Stand-up pouch,6 x 5 x 2,14 g,Silver PET,Soft Touch,Standard,Child resistant,No Tear Notch,2500,1,0.81,2027.34,25,1520.5050,0.6082020000,UNVERIFIED,Published price-break card; 2-inch bottom gusset; freight/tax unverified.,https://flex-packaging.com/stand-up-bag/,HIGH: directly observed live display; discount user supplied
2026-10-06,Stand-up pouch,6 x 5 x 2,14 g,Silver PET,Soft Touch,Standard,Child resistant,No Tear Notch,5000,1,0.59,2962.94,25,2222.2050,0.4444410000,UNVERIFIED,Published price-break card; 2-inch bottom gusset; freight/tax unverified.,https://flex-packaging.com/stand-up-bag/,HIGH: directly observed live display; discount user supplied
2026-10-06,Stand-up pouch,6 x 5 x 2,14 g,Silver PET,Soft Touch,Standard,Child resistant,No Tear Notch,10000,1,0.54,5401.42,25,4051.0650,0.4051065000,UNVERIFIED,Published price-break card; 2-inch bottom gusset; freight/tax unverified.,https://flex-packaging.com/stand-up-bag/,HIGH: directly observed live display; discount user supplied
2026-10-06,Stand-up pouch,6 x 5 x 2,14 g,Silver PET,Soft Touch,Standard,Child resistant,No Tear Notch,25000,1,0.48,12031.09,25,9023.3175,0.3609327000,UNVERIFIED,Published price-break card; 2-inch bottom gusset; freight/tax unverified.,https://flex-packaging.com/stand-up-bag/,HIGH: directly observed live display; discount user supplied
2026-10-06,Stand-up pouch,6 x 5 x 2,14 g,Silver PET,Soft Touch,Raised UV,Child resistant,No Tear Notch,500,1,2.74,1368.25,25,1026.1875,2.0523750000,UNVERIFIED,Published price-break card; 2-inch bottom gusset; freight/tax unverified.,https://flex-packaging.com/stand-up-bag/,HIGH: directly observed live display; discount user supplied
2026-10-06,Stand-up pouch,6 x 5 x 2,14 g,Silver PET,Soft Touch,Raised UV,Child resistant,No Tear Notch,1000,1,1.59,1592.74,25,1194.5550,1.1945550000,UNVERIFIED,Published price-break card; 2-inch bottom gusset; freight/tax unverified.,https://flex-packaging.com/stand-up-bag/,HIGH: directly observed live display; discount user supplied
2026-10-06,Stand-up pouch,6 x 5 x 2,14 g,Silver PET,Soft Touch,Raised UV,Child resistant,No Tear Notch,2500,1,0.88,2198.14,25,1648.6050,0.6594420000,UNVERIFIED,Published price-break card; 2-inch bottom gusset; freight/tax unverified.,https://flex-packaging.com/stand-up-bag/,HIGH: directly observed live display; discount user supplied
2026-10-06,Stand-up pouch,6 x 5 x 2,14 g,Silver PET,Soft Touch,Raised UV,Child resistant,No Tear Notch,5000,1,0.65,3234.51,25,2425.8825,0.4851765000,UNVERIFIED,Published price-break card; 2-inch bottom gusset; freight/tax unverified.,https://flex-packaging.com/stand-up-bag/,HIGH: directly observed live display; discount user supplied
2026-10-06,Stand-up pouch,6 x 5 x 2,14 g,Silver PET,Soft Touch,Raised UV,Child resistant,No Tear Notch,10000,1,0.59,5942.46,25,4456.8450,0.4456845000,UNVERIFIED,Published price-break card; 2-inch bottom gusset; freight/tax unverified.,https://flex-packaging.com/stand-up-bag/,HIGH: directly observed live display; discount user supplied
2026-10-06,Stand-up pouch,6 x 5 x 2,14 g,Silver PET,Soft Touch,Raised UV,Child resistant,No Tear Notch,25000,1,0.53,13300.22,25,9975.1650,0.3990066000,UNVERIFIED,Published price-break card; 2-inch bottom gusset; freight/tax unverified.,https://flex-packaging.com/stand-up-bag/,HIGH: directly observed live display; discount user supplied
2026-10-06,Stand-up pouch,6 x 5 x 2,14 g,Silver PET,Matte,Standard,Child resistant,No Tear Notch,500,1,2.56,1280.85,25,960.6375,1.9212750000,UNVERIFIED,Published price-break card; 2-inch bottom gusset; freight/tax unverified.,https://flex-packaging.com/stand-up-bag/,HIGH: directly observed live display; discount user supplied
2026-10-06,Stand-up pouch,6 x 5 x 2,14 g,Silver PET,Matte,Standard,Child resistant,No Tear Notch,1000,1,1.48,1484.77,25,1113.5775,1.1135775000,UNVERIFIED,Published price-break card; 2-inch bottom gusset; freight/tax unverified.,https://flex-packaging.com/stand-up-bag/,HIGH: directly observed live display; discount user supplied
2026-10-06,Stand-up pouch,6 x 5 x 2,14 g,Silver PET,Matte,Standard,Child resistant,No Tear Notch,2500,1,0.81,2035.20,25,1526.4000,0.6105600000,UNVERIFIED,Published price-break card; 2-inch bottom gusset; freight/tax unverified.,https://flex-packaging.com/stand-up-bag/,HIGH: directly observed live display; discount user supplied
2026-10-06,Stand-up pouch,6 x 5 x 2,14 g,Silver PET,Matte,Standard,Child resistant,No Tear Notch,5000,1,0.60,2977.35,25,2233.0125,0.4466025000,UNVERIFIED,Published price-break card; 2-inch bottom gusset; freight/tax unverified.,https://flex-packaging.com/stand-up-bag/,HIGH: directly observed live display; discount user supplied
2026-10-06,Stand-up pouch,6 x 5 x 2,14 g,Silver PET,Matte,Standard,Child resistant,No Tear Notch,10000,1,0.54,5433.36,25,4075.0200,0.4075020000,UNVERIFIED,Published price-break card; 2-inch bottom gusset; freight/tax unverified.,https://flex-packaging.com/stand-up-bag/,HIGH: directly observed live display; discount user supplied
2026-10-06,Stand-up pouch,6 x 5 x 2,14 g,Silver PET,Matte,Standard,Child resistant,No Tear Notch,25000,1,0.48,12110.38,25,9082.7850,0.3633114000,UNVERIFIED,Published price-break card; 2-inch bottom gusset; freight/tax unverified.,https://flex-packaging.com/stand-up-bag/,HIGH: directly observed live display; discount user supplied
2026-10-06,Stand-up pouch,6 x 5 x 2,14 g,Silver PET,Matte,Raised UV,Child resistant,No Tear Notch,500,1,2.74,1370.85,25,1028.1375,2.0562750000,UNVERIFIED,Published price-break card; 2-inch bottom gusset; freight/tax unverified.,https://flex-packaging.com/stand-up-bag/,HIGH: directly observed live display; discount user supplied
2026-10-06,Stand-up pouch,6 x 5 x 2,14 g,Silver PET,Matte,Raised UV,Child resistant,No Tear Notch,1000,1,1.60,1596.77,25,1197.5775,1.1975775000,UNVERIFIED,Published price-break card; 2-inch bottom gusset; freight/tax unverified.,https://flex-packaging.com/stand-up-bag/,HIGH: directly observed live display; discount user supplied
2026-10-06,Stand-up pouch,6 x 5 x 2,14 g,Silver PET,Matte,Raised UV,Child resistant,No Tear Notch,2500,1,0.88,2206.00,25,1654.5000,0.6618000000,UNVERIFIED,Published price-break card; 2-inch bottom gusset; freight/tax unverified.,https://flex-packaging.com/stand-up-bag/,HIGH: directly observed live display; discount user supplied
2026-10-06,Stand-up pouch,6 x 5 x 2,14 g,Silver PET,Matte,Raised UV,Child resistant,No Tear Notch,5000,1,0.65,3248.92,25,2436.6900,0.4873380000,UNVERIFIED,Published price-break card; 2-inch bottom gusset; freight/tax unverified.,https://flex-packaging.com/stand-up-bag/,HIGH: directly observed live display; discount user supplied
2026-10-06,Stand-up pouch,6 x 5 x 2,14 g,Silver PET,Matte,Raised UV,Child resistant,No Tear Notch,10000,1,0.60,5974.39,25,4480.7925,0.4480792500,UNVERIFIED,Published price-break card; 2-inch bottom gusset; freight/tax unverified.,https://flex-packaging.com/stand-up-bag/,HIGH: directly observed live display; discount user supplied
2026-10-06,Stand-up pouch,6 x 5 x 2,14 g,Silver PET,Matte,Raised UV,Child resistant,No Tear Notch,25000,1,0.54,13379.51,25,10034.6325,0.4013853000,UNVERIFIED,Published price-break card; 2-inch bottom gusset; freight/tax unverified.,https://flex-packaging.com/stand-up-bag/,HIGH: directly observed live display; discount user supplied
2026-10-06,Stand-up pouch,6 x 5 x 2,14 g,Hologram,Soft Touch,Standard,Child resistant,No Tear Notch,500,1,2.58,1290.64,25,967.9800,1.9359600000,UNVERIFIED,Published price-break card; 2-inch bottom gusset; freight/tax unverified.,https://flex-packaging.com/stand-up-bag/,HIGH: directly observed live display; discount user supplied
2026-10-06,Stand-up pouch,6 x 5 x 2,14 g,Hologram,Soft Touch,Standard,Child resistant,No Tear Notch,1000,1,1.50,1499.95,25,1124.9625,1.1249625000,UNVERIFIED,Published price-break card; 2-inch bottom gusset; freight/tax unverified.,https://flex-packaging.com/stand-up-bag/,HIGH: directly observed live display; discount user supplied
2026-10-06,Stand-up pouch,6 x 5 x 2,14 g,Hologram,Soft Touch,Standard,Child resistant,No Tear Notch,2500,1,0.83,2064.77,25,1548.5775,0.6194310000,UNVERIFIED,Published price-break card; 2-inch bottom gusset; freight/tax unverified.,https://flex-packaging.com/stand-up-bag/,HIGH: directly observed live display; discount user supplied
2026-10-06,Stand-up pouch,6 x 5 x 2,14 g,Hologram,Soft Touch,Standard,Child resistant,No Tear Notch,5000,1,0.61,3031.58,25,2273.6850,0.4547370000,UNVERIFIED,Published price-break card; 2-inch bottom gusset; freight/tax unverified.,https://flex-packaging.com/stand-up-bag/,HIGH: directly observed live display; discount user supplied
2026-10-06,Stand-up pouch,6 x 5 x 2,14 g,Hologram,Soft Touch,Standard,Child resistant,No Tear Notch,10000,1,0.56,5553.55,25,4165.1625,0.4165162500,UNVERIFIED,Published price-break card; 2-inch bottom gusset; freight/tax unverified.,https://flex-packaging.com/stand-up-bag/,HIGH: directly observed live display; discount user supplied
2026-10-06,Stand-up pouch,6 x 5 x 2,14 g,Hologram,Soft Touch,Standard,Child resistant,No Tear Notch,25000,1,0.50,12408.78,25,9306.5850,0.3722634000,UNVERIFIED,Published price-break card; 2-inch bottom gusset; freight/tax unverified.,https://flex-packaging.com/stand-up-bag/,HIGH: directly observed live display; discount user supplied
2026-10-06,Stand-up pouch,6 x 5 x 2,14 g,Hologram,Soft Touch,Raised UV,Child resistant,No Tear Notch,500,1,2.76,1380.64,25,1035.4800,2.0709600000,UNVERIFIED,Published price-break card; 2-inch bottom gusset; freight/tax unverified.,https://flex-packaging.com/stand-up-bag/,HIGH: directly observed live display; discount user supplied
2026-10-06,Stand-up pouch,6 x 5 x 2,14 g,Hologram,Soft Touch,Raised UV,Child resistant,No Tear Notch,1000,1,1.61,1611.94,25,1208.9550,1.2089550000,UNVERIFIED,Published price-break card; 2-inch bottom gusset; freight/tax unverified.,https://flex-packaging.com/stand-up-bag/,HIGH: directly observed live display; discount user supplied
2026-10-06,Stand-up pouch,6 x 5 x 2,14 g,Hologram,Soft Touch,Raised UV,Child resistant,No Tear Notch,2500,1,0.89,2235.56,25,1676.6700,0.6706680000,UNVERIFIED,Published price-break card; 2-inch bottom gusset; freight/tax unverified.,https://flex-packaging.com/stand-up-bag/,HIGH: directly observed live display; discount user supplied
2026-10-06,Stand-up pouch,6 x 5 x 2,14 g,Hologram,Soft Touch,Raised UV,Child resistant,No Tear Notch,5000,1,0.66,3303.15,25,2477.3625,0.4954725000,UNVERIFIED,Published price-break card; 2-inch bottom gusset; freight/tax unverified.,https://flex-packaging.com/stand-up-bag/,HIGH: directly observed live display; discount user supplied
2026-10-06,Stand-up pouch,6 x 5 x 2,14 g,Hologram,Soft Touch,Raised UV,Child resistant,No Tear Notch,10000,1,0.61,6094.58,25,4570.9350,0.4570935000,UNVERIFIED,Published price-break card; 2-inch bottom gusset; freight/tax unverified.,https://flex-packaging.com/stand-up-bag/,HIGH: directly observed live display; discount user supplied
2026-10-06,Stand-up pouch,6 x 5 x 2,14 g,Hologram,Soft Touch,Raised UV,Child resistant,No Tear Notch,25000,1,0.55,13677.91,25,10258.4325,0.4103373000,UNVERIFIED,Published price-break card; 2-inch bottom gusset; freight/tax unverified.,https://flex-packaging.com/stand-up-bag/,HIGH: directly observed live display; discount user supplied
2026-10-06,Stand-up pouch,6 x 5 x 2,14 g,Hologram,Matte,Standard,Child resistant,No Tear Notch,500,1,2.59,1293.24,25,969.9300,1.9398600000,UNVERIFIED,Published price-break card; 2-inch bottom gusset; freight/tax unverified.,https://flex-packaging.com/stand-up-bag/,HIGH: directly observed live display; discount user supplied
2026-10-06,Stand-up pouch,6 x 5 x 2,14 g,Hologram,Matte,Standard,Child resistant,No Tear Notch,1000,1,1.50,1503.98,25,1127.9850,1.1279850000,UNVERIFIED,Published price-break card; 2-inch bottom gusset; freight/tax unverified.,https://flex-packaging.com/stand-up-bag/,HIGH: directly observed live display; discount user supplied
2026-10-06,Stand-up pouch,6 x 5 x 2,14 g,Hologram,Matte,Standard,Child resistant,No Tear Notch,2500,1,0.83,2072.62,25,1554.4650,0.6217860000,UNVERIFIED,Published price-break card; 2-inch bottom gusset; freight/tax unverified.,https://flex-packaging.com/stand-up-bag/,HIGH: directly observed live display; discount user supplied
2026-10-06,Stand-up pouch,6 x 5 x 2,14 g,Hologram,Matte,Standard,Child resistant,No Tear Notch,5000,1,0.61,3045.99,25,2284.4925,0.4568985000,UNVERIFIED,Published price-break card; 2-inch bottom gusset; freight/tax unverified.,https://flex-packaging.com/stand-up-bag/,HIGH: directly observed live display; discount user supplied
2026-10-06,Stand-up pouch,6 x 5 x 2,14 g,Hologram,Matte,Standard,Child resistant,No Tear Notch,10000,1,0.56,5585.48,25,4189.1100,0.4189110000,UNVERIFIED,Published price-break card; 2-inch bottom gusset; freight/tax unverified.,https://flex-packaging.com/stand-up-bag/,HIGH: directly observed live display; discount user supplied
2026-10-06,Stand-up pouch,6 x 5 x 2,14 g,Hologram,Matte,Standard,Child resistant,No Tear Notch,25000,1,0.50,12488.07,25,9366.0525,0.3746421000,UNVERIFIED,Published price-break card; 2-inch bottom gusset; freight/tax unverified.,https://flex-packaging.com/stand-up-bag/,HIGH: directly observed live display; discount user supplied
2026-10-06,Stand-up pouch,6 x 5 x 2,14 g,Hologram,Matte,Raised UV,Child resistant,No Tear Notch,500,1,2.77,1383.24,25,1037.4300,2.0748600000,UNVERIFIED,Published price-break card; 2-inch bottom gusset; freight/tax unverified.,https://flex-packaging.com/stand-up-bag/,HIGH: directly observed live display; discount user supplied
2026-10-06,Stand-up pouch,6 x 5 x 2,14 g,Hologram,Matte,Raised UV,Child resistant,No Tear Notch,1000,1,1.62,1615.97,25,1211.9775,1.2119775000,UNVERIFIED,Published price-break card; 2-inch bottom gusset; freight/tax unverified.,https://flex-packaging.com/stand-up-bag/,HIGH: directly observed live display; discount user supplied
2026-10-06,Stand-up pouch,6 x 5 x 2,14 g,Hologram,Matte,Raised UV,Child resistant,No Tear Notch,2500,1,0.90,2243.42,25,1682.5650,0.6730260000,UNVERIFIED,Published price-break card; 2-inch bottom gusset; freight/tax unverified.,https://flex-packaging.com/stand-up-bag/,HIGH: directly observed live display; discount user supplied
2026-10-06,Stand-up pouch,6 x 5 x 2,14 g,Hologram,Matte,Raised UV,Child resistant,No Tear Notch,5000,1,0.66,3317.56,25,2488.1700,0.4976340000,UNVERIFIED,Published price-break card; 2-inch bottom gusset; freight/tax unverified.,https://flex-packaging.com/stand-up-bag/,HIGH: directly observed live display; discount user supplied
2026-10-06,Stand-up pouch,6 x 5 x 2,14 g,Hologram,Matte,Raised UV,Child resistant,No Tear Notch,10000,1,0.61,6126.52,25,4594.8900,0.4594890000,UNVERIFIED,Published price-break card; 2-inch bottom gusset; freight/tax unverified.,https://flex-packaging.com/stand-up-bag/,HIGH: directly observed live display; discount user supplied
2026-10-06,Stand-up pouch,6 x 5 x 2,14 g,Hologram,Matte,Raised UV,Child resistant,No Tear Notch,25000,1,0.55,13757.20,25,10317.9000,0.4127160000,UNVERIFIED,Published price-break card; 2-inch bottom gusset; freight/tax unverified.,https://flex-packaging.com/stand-up-bag/,HIGH: directly observed live display; discount user supplied
2026-10-06,Stand-up pouch,6 x 5 x 2,14 g,Clear PET,Soft Touch,Standard,Child resistant,No Tear Notch,500,1,2.58,1291.54,25,968.6550,1.9373100000,UNVERIFIED,Published price-break card; 2-inch bottom gusset; freight/tax unverified.,https://flex-packaging.com/stand-up-bag/,HIGH: directly observed live display; discount user supplied
2026-10-06,Stand-up pouch,6 x 5 x 2,14 g,Clear PET,Soft Touch,Standard,Child resistant,No Tear Notch,1000,1,1.50,1501.35,25,1126.0125,1.1260125000,UNVERIFIED,Published price-break card; 2-inch bottom gusset; freight/tax unverified.,https://flex-packaging.com/stand-up-bag/,HIGH: directly observed live display; discount user supplied
2026-10-06,Stand-up pouch,6 x 5 x 2,14 g,Clear PET,Soft Touch,Standard,Child resistant,No Tear Notch,2500,1,0.83,2067.49,25,1550.6175,0.6202470000,UNVERIFIED,Published price-break card; 2-inch bottom gusset; freight/tax unverified.,https://flex-packaging.com/stand-up-bag/,HIGH: directly observed live display; discount user supplied
2026-10-06,Stand-up pouch,6 x 5 x 2,14 g,Clear PET,Soft Touch,Standard,Child resistant,No Tear Notch,5000,1,0.61,3036.58,25,2277.4350,0.4554870000,UNVERIFIED,Published price-break card; 2-inch bottom gusset; freight/tax unverified.,https://flex-packaging.com/stand-up-bag/,HIGH: directly observed live display; discount user supplied
2026-10-06,Stand-up pouch,6 x 5 x 2,14 g,Clear PET,Soft Touch,Standard,Child resistant,No Tear Notch,10000,1,0.56,5564.61,25,4173.4575,0.4173457500,UNVERIFIED,Published price-break card; 2-inch bottom gusset; freight/tax unverified.,https://flex-packaging.com/stand-up-bag/,HIGH: directly observed live display; discount user supplied
2026-10-06,Stand-up pouch,6 x 5 x 2,14 g,Clear PET,Soft Touch,Standard,Child resistant,No Tear Notch,25000,1,0.50,12436.26,25,9327.1950,0.3730878000,UNVERIFIED,Published price-break card; 2-inch bottom gusset; freight/tax unverified.,https://flex-packaging.com/stand-up-bag/,HIGH: directly observed live display; discount user supplied
2026-10-06,Stand-up pouch,6 x 5 x 2,14 g,Clear PET,Soft Touch,Raised UV,Child resistant,No Tear Notch,500,1,2.76,1381.54,25,1036.1550,2.0723100000,UNVERIFIED,Published price-break card; 2-inch bottom gusset; freight/tax unverified.,https://flex-packaging.com/stand-up-bag/,HIGH: directly observed live display; discount user supplied
2026-10-06,Stand-up pouch,6 x 5 x 2,14 g,Clear PET,Soft Touch,Raised UV,Child resistant,No Tear Notch,1000,1,1.61,1613.34,25,1210.0050,1.2100050000,UNVERIFIED,Published price-break card; 2-inch bottom gusset; freight/tax unverified.,https://flex-packaging.com/stand-up-bag/,HIGH: directly observed live display; discount user supplied
2026-10-06,Stand-up pouch,6 x 5 x 2,14 g,Clear PET,Soft Touch,Raised UV,Child resistant,No Tear Notch,2500,1,0.90,2238.29,25,1678.7175,0.6714870000,UNVERIFIED,Published price-break card; 2-inch bottom gusset; freight/tax unverified.,https://flex-packaging.com/stand-up-bag/,HIGH: directly observed live display; discount user supplied
2026-10-06,Stand-up pouch,6 x 5 x 2,14 g,Clear PET,Soft Touch,Raised UV,Child resistant,No Tear Notch,5000,1,0.66,3308.15,25,2481.1125,0.4962225000,UNVERIFIED,Published price-break card; 2-inch bottom gusset; freight/tax unverified.,https://flex-packaging.com/stand-up-bag/,HIGH: directly observed live display; discount user supplied
2026-10-06,Stand-up pouch,6 x 5 x 2,14 g,Clear PET,Soft Touch,Raised UV,Child resistant,No Tear Notch,10000,1,0.61,6105.65,25,4579.2375,0.4579237500,UNVERIFIED,Published price-break card; 2-inch bottom gusset; freight/tax unverified.,https://flex-packaging.com/stand-up-bag/,HIGH: directly observed live display; discount user supplied
2026-10-06,Stand-up pouch,6 x 5 x 2,14 g,Clear PET,Soft Touch,Raised UV,Child resistant,No Tear Notch,25000,1,0.55,13705.39,25,10279.0425,0.4111617000,UNVERIFIED,Published price-break card; 2-inch bottom gusset; freight/tax unverified.,https://flex-packaging.com/stand-up-bag/,HIGH: directly observed live display; discount user supplied
2026-10-06,Stand-up pouch,6 x 5 x 2,14 g,Clear PET,Matte,Standard,Child resistant,No Tear Notch,500,1,2.59,1294.14,25,970.6050,1.9412100000,UNVERIFIED,Published price-break card; 2-inch bottom gusset; freight/tax unverified.,https://flex-packaging.com/stand-up-bag/,HIGH: directly observed live display; discount user supplied
2026-10-06,Stand-up pouch,6 x 5 x 2,14 g,Clear PET,Matte,Standard,Child resistant,No Tear Notch,1000,1,1.51,1505.38,25,1129.0350,1.1290350000,UNVERIFIED,Published price-break card; 2-inch bottom gusset; freight/tax unverified.,https://flex-packaging.com/stand-up-bag/,HIGH: directly observed live display; discount user supplied
2026-10-06,Stand-up pouch,6 x 5 x 2,14 g,Clear PET,Matte,Standard,Child resistant,No Tear Notch,2500,1,0.83,2075.35,25,1556.5125,0.6226050000,UNVERIFIED,Published price-break card; 2-inch bottom gusset; freight/tax unverified.,https://flex-packaging.com/stand-up-bag/,HIGH: directly observed live display; discount user supplied
2026-10-06,Stand-up pouch,6 x 5 x 2,14 g,Clear PET,Matte,Standard,Child resistant,No Tear Notch,5000,1,0.61,3050.99,25,2288.2425,0.4576485000,UNVERIFIED,Published price-break card; 2-inch bottom gusset; freight/tax unverified.,https://flex-packaging.com/stand-up-bag/,HIGH: directly observed live display; discount user supplied
2026-10-06,Stand-up pouch,6 x 5 x 2,14 g,Clear PET,Matte,Standard,Child resistant,No Tear Notch,10000,1,0.56,5596.55,25,4197.4125,0.4197412500,UNVERIFIED,Published price-break card; 2-inch bottom gusset; freight/tax unverified.,https://flex-packaging.com/stand-up-bag/,HIGH: directly observed live display; discount user supplied
2026-10-06,Stand-up pouch,6 x 5 x 2,14 g,Clear PET,Matte,Standard,Child resistant,No Tear Notch,25000,1,0.50,12515.55,25,9386.6625,0.3754665000,UNVERIFIED,Published price-break card; 2-inch bottom gusset; freight/tax unverified.,https://flex-packaging.com/stand-up-bag/,HIGH: directly observed live display; discount user supplied
2026-10-06,Stand-up pouch,6 x 5 x 2,14 g,Clear PET,Matte,Raised UV,Child resistant,No Tear Notch,500,1,2.77,1384.14,25,1038.1050,2.0762100000,UNVERIFIED,Published price-break card; 2-inch bottom gusset; freight/tax unverified.,https://flex-packaging.com/stand-up-bag/,HIGH: directly observed live display; discount user supplied
2026-10-06,Stand-up pouch,6 x 5 x 2,14 g,Clear PET,Matte,Raised UV,Child resistant,No Tear Notch,1000,1,1.62,1617.37,25,1213.0275,1.2130275000,UNVERIFIED,Published price-break card; 2-inch bottom gusset; freight/tax unverified.,https://flex-packaging.com/stand-up-bag/,HIGH: directly observed live display; discount user supplied
2026-10-06,Stand-up pouch,6 x 5 x 2,14 g,Clear PET,Matte,Raised UV,Child resistant,No Tear Notch,2500,1,0.90,2246.14,25,1684.6050,0.6738420000,UNVERIFIED,Published price-break card; 2-inch bottom gusset; freight/tax unverified.,https://flex-packaging.com/stand-up-bag/,HIGH: directly observed live display; discount user supplied
2026-10-06,Stand-up pouch,6 x 5 x 2,14 g,Clear PET,Matte,Raised UV,Child resistant,No Tear Notch,5000,1,0.66,3322.56,25,2491.9200,0.4983840000,UNVERIFIED,Published price-break card; 2-inch bottom gusset; freight/tax unverified.,https://flex-packaging.com/stand-up-bag/,HIGH: directly observed live display; discount user supplied
2026-10-06,Stand-up pouch,6 x 5 x 2,14 g,Clear PET,Matte,Raised UV,Child resistant,No Tear Notch,10000,1,0.61,6137.58,25,4603.1850,0.4603185000,UNVERIFIED,Published price-break card; 2-inch bottom gusset; freight/tax unverified.,https://flex-packaging.com/stand-up-bag/,HIGH: directly observed live display; discount user supplied
2026-10-06,Stand-up pouch,6 x 5 x 2,14 g,Clear PET,Matte,Raised UV,Child resistant,No Tear Notch,25000,1,0.55,13784.68,25,10338.5100,0.4135404000,UNVERIFIED,Published price-break card; 2-inch bottom gusset; freight/tax unverified.,https://flex-packaging.com/stand-up-bag/,HIGH: directly observed live display; discount user supplied
2026-10-06,Stand-up pouch,8 x 5 x 2,28 g,White PET,Soft Touch,Standard,Child resistant,No Tear Notch,500,1,2.70,1349.01,25,1011.7575,2.0235150000,UNVERIFIED,Published price-break card; 2-inch bottom gusset; freight/tax unverified.,https://flex-packaging.com/stand-up-bag/,HIGH: directly observed live display; discount user supplied
2026-10-06,Stand-up pouch,8 x 5 x 2,28 g,White PET,Soft Touch,Standard,Child resistant,No Tear Notch,1000,1,1.59,1590.43,25,1192.8225,1.1928225000,UNVERIFIED,Published price-break card; 2-inch bottom gusset; freight/tax unverified.,https://flex-packaging.com/stand-up-bag/,HIGH: directly observed live display; discount user supplied
2026-10-06,Stand-up pouch,8 x 5 x 2,28 g,White PET,Soft Touch,Standard,Child resistant,No Tear Notch,2500,1,0.90,2241.48,25,1681.1100,0.6724440000,UNVERIFIED,Published price-break card; 2-inch bottom gusset; freight/tax unverified.,https://flex-packaging.com/stand-up-bag/,HIGH: directly observed live display; discount user supplied
2026-10-06,Stand-up pouch,8 x 5 x 2,28 g,White PET,Soft Touch,Standard,Child resistant,No Tear Notch,5000,1,0.67,3355.96,25,2516.9700,0.5033940000,UNVERIFIED,Published price-break card; 2-inch bottom gusset; freight/tax unverified.,https://flex-packaging.com/stand-up-bag/,HIGH: directly observed live display; discount user supplied
2026-10-06,Stand-up pouch,8 x 5 x 2,28 g,White PET,Soft Touch,Standard,Child resistant,No Tear Notch,10000,1,0.63,6309.94,25,4732.4550,0.4732455000,UNVERIFIED,Published price-break card; 2-inch bottom gusset; freight/tax unverified.,https://flex-packaging.com/stand-up-bag/,HIGH: directly observed live display; discount user supplied
2026-10-06,Stand-up pouch,8 x 5 x 2,28 g,White PET,Soft Touch,Standard,Child resistant,No Tear Notch,25000,1,0.57,14267.42,25,10700.5650,0.4280226000,UNVERIFIED,Published price-break card; 2-inch bottom gusset; freight/tax unverified.,https://flex-packaging.com/stand-up-bag/,HIGH: directly observed live display; discount user supplied
2026-10-06,Stand-up pouch,8 x 5 x 2,28 g,White PET,Soft Touch,Raised UV,Child resistant,No Tear Notch,500,1,2.88,1439.01,25,1079.2575,2.1585150000,UNVERIFIED,Published price-break card; 2-inch bottom gusset; freight/tax unverified.,https://flex-packaging.com/stand-up-bag/,HIGH: directly observed live display; discount user supplied
2026-10-06,Stand-up pouch,8 x 5 x 2,28 g,White PET,Soft Touch,Raised UV,Child resistant,No Tear Notch,1000,1,1.70,1702.43,25,1276.8225,1.2768225000,UNVERIFIED,Published price-break card; 2-inch bottom gusset; freight/tax unverified.,https://flex-packaging.com/stand-up-bag/,HIGH: directly observed live display; discount user supplied
2026-10-06,Stand-up pouch,8 x 5 x 2,28 g,White PET,Soft Touch,Raised UV,Child resistant,No Tear Notch,2500,1,0.96,2412.28,25,1809.2100,0.7236840000,UNVERIFIED,Published price-break card; 2-inch bottom gusset; freight/tax unverified.,https://flex-packaging.com/stand-up-bag/,HIGH: directly observed live display; discount user supplied
2026-10-06,Stand-up pouch,8 x 5 x 2,28 g,White PET,Soft Touch,Raised UV,Child resistant,No Tear Notch,5000,1,0.73,3627.53,25,2720.6475,0.5441295000,UNVERIFIED,Published price-break card; 2-inch bottom gusset; freight/tax unverified.,https://flex-packaging.com/stand-up-bag/,HIGH: directly observed live display; discount user supplied
2026-10-06,Stand-up pouch,8 x 5 x 2,28 g,White PET,Soft Touch,Raised UV,Child resistant,No Tear Notch,10000,1,0.69,6854.81,25,5141.1075,0.5141107500,UNVERIFIED,Published price-break card; 2-inch bottom gusset; freight/tax unverified.,https://flex-packaging.com/stand-up-bag/,HIGH: directly observed live display; discount user supplied
2026-10-06,Stand-up pouch,8 x 5 x 2,28 g,White PET,Soft Touch,Raised UV,Child resistant,No Tear Notch,25000,1,0.62,15544.49,25,11658.3675,0.4663347000,UNVERIFIED,Published price-break card; 2-inch bottom gusset; freight/tax unverified.,https://flex-packaging.com/stand-up-bag/,HIGH: directly observed live display; discount user supplied
2026-10-06,Stand-up pouch,8 x 5 x 2,28 g,White PET,Matte,Standard,Child resistant,No Tear Notch,500,1,2.70,1352.45,25,1014.3375,2.0286750000,UNVERIFIED,Published price-break card; 2-inch bottom gusset; freight/tax unverified.,https://flex-packaging.com/stand-up-bag/,HIGH: directly observed live display; discount user supplied
2026-10-06,Stand-up pouch,8 x 5 x 2,28 g,White PET,Matte,Standard,Child resistant,No Tear Notch,1000,1,1.60,1595.75,25,1196.8125,1.1968125000,UNVERIFIED,Published price-break card; 2-inch bottom gusset; freight/tax unverified.,https://flex-packaging.com/stand-up-bag/,HIGH: directly observed live display; discount user supplied
2026-10-06,Stand-up pouch,8 x 5 x 2,28 g,White PET,Matte,Standard,Child resistant,No Tear Notch,2500,1,0.90,2251.85,25,1688.8875,0.6755550000,UNVERIFIED,Published price-break card; 2-inch bottom gusset; freight/tax unverified.,https://flex-packaging.com/stand-up-bag/,HIGH: directly observed live display; discount user supplied
2026-10-06,Stand-up pouch,8 x 5 x 2,28 g,White PET,Matte,Standard,Child resistant,No Tear Notch,5000,1,0.67,3374.98,25,2531.2350,0.5062470000,UNVERIFIED,Published price-break card; 2-inch bottom gusset; freight/tax unverified.,https://flex-packaging.com/stand-up-bag/,HIGH: directly observed live display; discount user supplied
2026-10-06,Stand-up pouch,8 x 5 x 2,28 g,White PET,Matte,Standard,Child resistant,No Tear Notch,10000,1,0.64,6352.42,25,4764.3150,0.4764315000,UNVERIFIED,Published price-break card; 2-inch bottom gusset; freight/tax unverified.,https://flex-packaging.com/stand-up-bag/,HIGH: directly observed live display; discount user supplied
2026-10-06,Stand-up pouch,8 x 5 x 2,28 g,White PET,Matte,Standard,Child resistant,No Tear Notch,25000,1,0.57,14372.75,25,10779.5625,0.4311825000,UNVERIFIED,Published price-break card; 2-inch bottom gusset; freight/tax unverified.,https://flex-packaging.com/stand-up-bag/,HIGH: directly observed live display; discount user supplied
2026-10-06,Stand-up pouch,8 x 5 x 2,28 g,White PET,Matte,Raised UV,Child resistant,No Tear Notch,500,1,2.88,1442.45,25,1081.8375,2.1636750000,UNVERIFIED,Published price-break card; 2-inch bottom gusset; freight/tax unverified.,https://flex-packaging.com/stand-up-bag/,HIGH: directly observed live display; discount user supplied
2026-10-06,Stand-up pouch,8 x 5 x 2,28 g,White PET,Matte,Raised UV,Child resistant,No Tear Notch,1000,1,1.71,1707.75,25,1280.8125,1.2808125000,UNVERIFIED,Published price-break card; 2-inch bottom gusset; freight/tax unverified.,https://flex-packaging.com/stand-up-bag/,HIGH: directly observed live display; discount user supplied
2026-10-06,Stand-up pouch,8 x 5 x 2,28 g,White PET,Matte,Raised UV,Child resistant,No Tear Notch,2500,1,0.97,2422.64,25,1816.9800,0.7267920000,UNVERIFIED,Published price-break card; 2-inch bottom gusset; freight/tax unverified.,https://flex-packaging.com/stand-up-bag/,HIGH: directly observed live display; discount user supplied
2026-10-06,Stand-up pouch,8 x 5 x 2,28 g,White PET,Matte,Raised UV,Child resistant,No Tear Notch,5000,1,0.73,3646.55,25,2734.9125,0.5469825000,UNVERIFIED,Published price-break card; 2-inch bottom gusset; freight/tax unverified.,https://flex-packaging.com/stand-up-bag/,HIGH: directly observed live display; discount user supplied
2026-10-06,Stand-up pouch,8 x 5 x 2,28 g,White PET,Matte,Raised UV,Child resistant,No Tear Notch,10000,1,0.69,6897.29,25,5172.9675,0.5172967500,UNVERIFIED,Published price-break card; 2-inch bottom gusset; freight/tax unverified.,https://flex-packaging.com/stand-up-bag/,HIGH: directly observed live display; discount user supplied
2026-10-06,Stand-up pouch,8 x 5 x 2,28 g,White PET,Matte,Raised UV,Child resistant,No Tear Notch,25000,1,0.63,15649.82,25,11737.3650,0.4694946000,UNVERIFIED,Published price-break card; 2-inch bottom gusset; freight/tax unverified.,https://flex-packaging.com/stand-up-bag/,HIGH: directly observed live display; discount user supplied
2026-10-06,Stand-up pouch,8 x 5 x 2,28 g,Silver PET,Soft Touch,Standard,Child resistant,No Tear Notch,500,1,2.72,1362.33,25,1021.7475,2.0434950000,UNVERIFIED,Published price-break card; 2-inch bottom gusset; freight/tax unverified.,https://flex-packaging.com/stand-up-bag/,HIGH: directly observed live display; discount user supplied
2026-10-06,Stand-up pouch,8 x 5 x 2,28 g,Silver PET,Soft Touch,Standard,Child resistant,No Tear Notch,1000,1,1.61,1611.07,25,1208.3025,1.2083025000,UNVERIFIED,Published price-break card; 2-inch bottom gusset; freight/tax unverified.,https://flex-packaging.com/stand-up-bag/,HIGH: directly observed live display; discount user supplied
2026-10-06,Stand-up pouch,8 x 5 x 2,28 g,Silver PET,Soft Touch,Standard,Child resistant,No Tear Notch,2500,1,0.91,2281.70,25,1711.2750,0.6845100000,UNVERIFIED,Published price-break card; 2-inch bottom gusset; freight/tax unverified.,https://flex-packaging.com/stand-up-bag/,HIGH: directly observed live display; discount user supplied
2026-10-06,Stand-up pouch,8 x 5 x 2,28 g,Silver PET,Soft Touch,Standard,Child resistant,No Tear Notch,5000,1,0.69,3429.74,25,2572.3050,0.5144610000,UNVERIFIED,Published price-break card; 2-inch bottom gusset; freight/tax unverified.,https://flex-packaging.com/stand-up-bag/,HIGH: directly observed live display; discount user supplied
2026-10-06,Stand-up pouch,8 x 5 x 2,28 g,Silver PET,Soft Touch,Standard,Child resistant,No Tear Notch,10000,1,0.65,6474.72,25,4856.0400,0.4856040000,UNVERIFIED,Published price-break card; 2-inch bottom gusset; freight/tax unverified.,https://flex-packaging.com/stand-up-bag/,HIGH: directly observed live display; discount user supplied
2026-10-06,Stand-up pouch,8 x 5 x 2,28 g,Silver PET,Soft Touch,Standard,Child resistant,No Tear Notch,25000,1,0.59,14676.00,25,11007.0000,0.4402800000,UNVERIFIED,Published price-break card; 2-inch bottom gusset; freight/tax unverified.,https://flex-packaging.com/stand-up-bag/,HIGH: directly observed live display; discount user supplied
2026-10-06,Stand-up pouch,8 x 5 x 2,28 g,Silver PET,Soft Touch,Raised UV,Child resistant,No Tear Notch,500,1,2.90,1452.33,25,1089.2475,2.1784950000,UNVERIFIED,Published price-break card; 2-inch bottom gusset; freight/tax unverified.,https://flex-packaging.com/stand-up-bag/,HIGH: directly observed live display; discount user supplied
2026-10-06,Stand-up pouch,8 x 5 x 2,28 g,Silver PET,Soft Touch,Raised UV,Child resistant,No Tear Notch,1000,1,1.72,1723.07,25,1292.3025,1.2923025000,UNVERIFIED,Published price-break card; 2-inch bottom gusset; freight/tax unverified.,https://flex-packaging.com/stand-up-bag/,HIGH: directly observed live display; discount user supplied
2026-10-06,Stand-up pouch,8 x 5 x 2,28 g,Silver PET,Soft Touch,Raised UV,Child resistant,No Tear Notch,2500,1,0.98,2452.50,25,1839.3750,0.7357500000,UNVERIFIED,Published price-break card; 2-inch bottom gusset; freight/tax unverified.,https://flex-packaging.com/stand-up-bag/,HIGH: directly observed live display; discount user supplied
2026-10-06,Stand-up pouch,8 x 5 x 2,28 g,Silver PET,Soft Touch,Raised UV,Child resistant,No Tear Notch,5000,1,0.74,3701.31,25,2775.9825,0.5551965000,UNVERIFIED,Published price-break card; 2-inch bottom gusset; freight/tax unverified.,https://flex-packaging.com/stand-up-bag/,HIGH: directly observed live display; discount user supplied
2026-10-06,Stand-up pouch,8 x 5 x 2,28 g,Silver PET,Soft Touch,Raised UV,Child resistant,No Tear Notch,10000,1,0.70,7019.58,25,5264.6850,0.5264685000,UNVERIFIED,Published price-break card; 2-inch bottom gusset; freight/tax unverified.,https://flex-packaging.com/stand-up-bag/,HIGH: directly observed live display; discount user supplied
2026-10-06,Stand-up pouch,8 x 5 x 2,28 g,Silver PET,Soft Touch,Raised UV,Child resistant,No Tear Notch,25000,1,0.64,15953.08,25,11964.8100,0.4785924000,UNVERIFIED,Published price-break card; 2-inch bottom gusset; freight/tax unverified.,https://flex-packaging.com/stand-up-bag/,HIGH: directly observed live display; discount user supplied
2026-10-06,Stand-up pouch,8 x 5 x 2,28 g,Silver PET,Matte,Standard,Child resistant,No Tear Notch,500,1,2.73,1365.77,25,1024.3275,2.0486550000,UNVERIFIED,Published price-break card; 2-inch bottom gusset; freight/tax unverified.,https://flex-packaging.com/stand-up-bag/,HIGH: directly observed live display; discount user supplied
2026-10-06,Stand-up pouch,8 x 5 x 2,28 g,Silver PET,Matte,Standard,Child resistant,No Tear Notch,1000,1,1.62,1616.39,25,1212.2925,1.2122925000,UNVERIFIED,Published price-break card; 2-inch bottom gusset; freight/tax unverified.,https://flex-packaging.com/stand-up-bag/,HIGH: directly observed live display; discount user supplied
2026-10-06,Stand-up pouch,8 x 5 x 2,28 g,Silver PET,Matte,Standard,Child resistant,No Tear Notch,2500,1,0.92,2292.07,25,1719.0525,0.6876210000,UNVERIFIED,Published price-break card; 2-inch bottom gusset; freight/tax unverified.,https://flex-packaging.com/stand-up-bag/,HIGH: directly observed live display; discount user supplied
2026-10-06,Stand-up pouch,8 x 5 x 2,28 g,Silver PET,Matte,Standard,Child resistant,No Tear Notch,5000,1,0.69,3448.75,25,2586.5625,0.5173125000,UNVERIFIED,Published price-break card; 2-inch bottom gusset; freight/tax unverified.,https://flex-packaging.com/stand-up-bag/,HIGH: directly observed live display; discount user supplied
2026-10-06,Stand-up pouch,8 x 5 x 2,28 g,Silver PET,Matte,Standard,Child resistant,No Tear Notch,10000,1,0.65,6517.20,25,4887.9000,0.4887900000,UNVERIFIED,Published price-break card; 2-inch bottom gusset; freight/tax unverified.,https://flex-packaging.com/stand-up-bag/,HIGH: directly observed live display; discount user supplied
2026-10-06,Stand-up pouch,8 x 5 x 2,28 g,Silver PET,Matte,Standard,Child resistant,No Tear Notch,25000,1,0.59,14781.33,25,11085.9975,0.4434399000,UNVERIFIED,Published price-break card; 2-inch bottom gusset; freight/tax unverified.,https://flex-packaging.com/stand-up-bag/,HIGH: directly observed live display; discount user supplied
2026-10-06,Stand-up pouch,8 x 5 x 2,28 g,Silver PET,Matte,Raised UV,Child resistant,No Tear Notch,500,1,2.91,1455.77,25,1091.8275,2.1836550000,UNVERIFIED,Published price-break card; 2-inch bottom gusset; freight/tax unverified.,https://flex-packaging.com/stand-up-bag/,HIGH: directly observed live display; discount user supplied
2026-10-06,Stand-up pouch,8 x 5 x 2,28 g,Silver PET,Matte,Raised UV,Child resistant,No Tear Notch,1000,1,1.73,1728.39,25,1296.2925,1.2962925000,UNVERIFIED,Published price-break card; 2-inch bottom gusset; freight/tax unverified.,https://flex-packaging.com/stand-up-bag/,HIGH: directly observed live display; discount user supplied
2026-10-06,Stand-up pouch,8 x 5 x 2,28 g,Silver PET,Matte,Raised UV,Child resistant,No Tear Notch,2500,1,0.99,2462.87,25,1847.1525,0.7388610000,UNVERIFIED,Published price-break card; 2-inch bottom gusset; freight/tax unverified.,https://flex-packaging.com/stand-up-bag/,HIGH: directly observed live display; discount user supplied
2026-10-06,Stand-up pouch,8 x 5 x 2,28 g,Silver PET,Matte,Raised UV,Child resistant,No Tear Notch,5000,1,0.74,3720.33,25,2790.2475,0.5580495000,UNVERIFIED,Published price-break card; 2-inch bottom gusset; freight/tax unverified.,https://flex-packaging.com/stand-up-bag/,HIGH: directly observed live display; discount user supplied
2026-10-06,Stand-up pouch,8 x 5 x 2,28 g,Silver PET,Matte,Raised UV,Child resistant,No Tear Notch,10000,1,0.71,7062.06,25,5296.5450,0.5296545000,UNVERIFIED,Published price-break card; 2-inch bottom gusset; freight/tax unverified.,https://flex-packaging.com/stand-up-bag/,HIGH: directly observed live display; discount user supplied
2026-10-06,Stand-up pouch,8 x 5 x 2,28 g,Silver PET,Matte,Raised UV,Child resistant,No Tear Notch,25000,1,0.64,16058.41,25,12043.8075,0.4817523000,UNVERIFIED,Published price-break card; 2-inch bottom gusset; freight/tax unverified.,https://flex-packaging.com/stand-up-bag/,HIGH: directly observed live display; discount user supplied
2026-10-06,Stand-up pouch,8 x 5 x 2,28 g,Hologram,Soft Touch,Standard,Child resistant,No Tear Notch,500,1,2.76,1378.69,25,1034.0175,2.0680350000,UNVERIFIED,Published price-break card; 2-inch bottom gusset; freight/tax unverified.,https://flex-packaging.com/stand-up-bag/,HIGH: directly observed live display; discount user supplied
2026-10-06,Stand-up pouch,8 x 5 x 2,28 g,Hologram,Soft Touch,Standard,Child resistant,No Tear Notch,1000,1,1.64,1636.42,25,1227.3150,1.2273150000,UNVERIFIED,Published price-break card; 2-inch bottom gusset; freight/tax unverified.,https://flex-packaging.com/stand-up-bag/,HIGH: directly observed live display; discount user supplied
2026-10-06,Stand-up pouch,8 x 5 x 2,28 g,Hologram,Soft Touch,Standard,Child resistant,No Tear Notch,2500,1,0.93,2331.09,25,1748.3175,0.6993270000,UNVERIFIED,Published price-break card; 2-inch bottom gusset; freight/tax unverified.,https://flex-packaging.com/stand-up-bag/,HIGH: directly observed live display; discount user supplied
2026-10-06,Stand-up pouch,8 x 5 x 2,28 g,Hologram,Soft Touch,Standard,Child resistant,No Tear Notch,5000,1,0.70,3520.33,25,2640.2475,0.5280495000,UNVERIFIED,Published price-break card; 2-inch bottom gusset; freight/tax unverified.,https://flex-packaging.com/stand-up-bag/,HIGH: directly observed live display; discount user supplied
2026-10-06,Stand-up pouch,8 x 5 x 2,28 g,Hologram,Soft Touch,Standard,Child resistant,No Tear Notch,10000,1,0.67,6677.06,25,5007.7950,0.5007795000,UNVERIFIED,Published price-break card; 2-inch bottom gusset; freight/tax unverified.,https://flex-packaging.com/stand-up-bag/,HIGH: directly observed live display; discount user supplied
2026-10-06,Stand-up pouch,8 x 5 x 2,28 g,Hologram,Soft Touch,Standard,Child resistant,No Tear Notch,25000,1,0.61,15177.73,25,11383.2975,0.4553319000,UNVERIFIED,Published price-break card; 2-inch bottom gusset; freight/tax unverified.,https://flex-packaging.com/stand-up-bag/,HIGH: directly observed live display; discount user supplied
2026-10-06,Stand-up pouch,8 x 5 x 2,28 g,Hologram,Soft Touch,Raised UV,Child resistant,No Tear Notch,500,1,2.94,1468.69,25,1101.5175,2.2030350000,UNVERIFIED,Published price-break card; 2-inch bottom gusset; freight/tax unverified.,https://flex-packaging.com/stand-up-bag/,HIGH: directly observed live display; discount user supplied
2026-10-06,Stand-up pouch,8 x 5 x 2,28 g,Hologram,Soft Touch,Raised UV,Child resistant,No Tear Notch,1000,1,1.75,1748.42,25,1311.3150,1.3113150000,UNVERIFIED,Published price-break card; 2-inch bottom gusset; freight/tax unverified.,https://flex-packaging.com/stand-up-bag/,HIGH: directly observed live display; discount user supplied
2026-10-06,Stand-up pouch,8 x 5 x 2,28 g,Hologram,Soft Touch,Raised UV,Child resistant,No Tear Notch,2500,1,1.00,2501.89,25,1876.4175,0.7505670000,UNVERIFIED,Published price-break card; 2-inch bottom gusset; freight/tax unverified.,https://flex-packaging.com/stand-up-bag/,HIGH: directly observed live display; discount user supplied
2026-10-06,Stand-up pouch,8 x 5 x 2,28 g,Hologram,Soft Touch,Raised UV,Child resistant,No Tear Notch,5000,1,0.76,3791.90,25,2843.9250,0.5687850000,UNVERIFIED,Published price-break card; 2-inch bottom gusset; freight/tax unverified.,https://flex-packaging.com/stand-up-bag/,HIGH: directly observed live display; discount user supplied
2026-10-06,Stand-up pouch,8 x 5 x 2,28 g,Hologram,Soft Touch,Raised UV,Child resistant,No Tear Notch,10000,1,0.72,7221.93,25,5416.4475,0.5416447500,UNVERIFIED,Published price-break card; 2-inch bottom gusset; freight/tax unverified.,https://flex-packaging.com/stand-up-bag/,HIGH: directly observed live display; discount user supplied
2026-10-06,Stand-up pouch,8 x 5 x 2,28 g,Hologram,Soft Touch,Raised UV,Child resistant,No Tear Notch,25000,1,0.66,16454.81,25,12341.1075,0.4936443000,UNVERIFIED,Published price-break card; 2-inch bottom gusset; freight/tax unverified.,https://flex-packaging.com/stand-up-bag/,HIGH: directly observed live display; discount user supplied
2026-10-06,Stand-up pouch,8 x 5 x 2,28 g,Hologram,Matte,Standard,Child resistant,No Tear Notch,500,1,2.76,1382.12,25,1036.5900,2.0731800000,UNVERIFIED,Published price-break card; 2-inch bottom gusset; freight/tax unverified.,https://flex-packaging.com/stand-up-bag/,HIGH: directly observed live display; discount user supplied
2026-10-06,Stand-up pouch,8 x 5 x 2,28 g,Hologram,Matte,Standard,Child resistant,No Tear Notch,1000,1,1.64,1641.74,25,1231.3050,1.2313050000,UNVERIFIED,Published price-break card; 2-inch bottom gusset; freight/tax unverified.,https://flex-packaging.com/stand-up-bag/,HIGH: directly observed live display; discount user supplied
2026-10-06,Stand-up pouch,8 x 5 x 2,28 g,Hologram,Matte,Standard,Child resistant,No Tear Notch,2500,1,0.94,2341.46,25,1756.0950,0.7024380000,UNVERIFIED,Published price-break card; 2-inch bottom gusset; freight/tax unverified.,https://flex-packaging.com/stand-up-bag/,HIGH: directly observed live display; discount user supplied
2026-10-06,Stand-up pouch,8 x 5 x 2,28 g,Hologram,Matte,Standard,Child resistant,No Tear Notch,5000,1,0.71,3539.35,25,2654.5125,0.5309025000,UNVERIFIED,Published price-break card; 2-inch bottom gusset; freight/tax unverified.,https://flex-packaging.com/stand-up-bag/,HIGH: directly observed live display; discount user supplied
2026-10-06,Stand-up pouch,8 x 5 x 2,28 g,Hologram,Matte,Standard,Child resistant,No Tear Notch,10000,1,0.67,6719.54,25,5039.6550,0.5039655000,UNVERIFIED,Published price-break card; 2-inch bottom gusset; freight/tax unverified.,https://flex-packaging.com/stand-up-bag/,HIGH: directly observed live display; discount user supplied
2026-10-06,Stand-up pouch,8 x 5 x 2,28 g,Hologram,Matte,Standard,Child resistant,No Tear Notch,25000,1,0.61,15283.06,25,11462.2950,0.4584918000,UNVERIFIED,Published price-break card; 2-inch bottom gusset; freight/tax unverified.,https://flex-packaging.com/stand-up-bag/,HIGH: directly observed live display; discount user supplied
2026-10-06,Stand-up pouch,8 x 5 x 2,28 g,Hologram,Matte,Raised UV,Child resistant,No Tear Notch,500,1,2.94,1472.12,25,1104.0900,2.2081800000,UNVERIFIED,Published price-break card; 2-inch bottom gusset; freight/tax unverified.,https://flex-packaging.com/stand-up-bag/,HIGH: directly observed live display; discount user supplied
2026-10-06,Stand-up pouch,8 x 5 x 2,28 g,Hologram,Matte,Raised UV,Child resistant,No Tear Notch,1000,1,1.75,1753.74,25,1315.3050,1.3153050000,UNVERIFIED,Published price-break card; 2-inch bottom gusset; freight/tax unverified.,https://flex-packaging.com/stand-up-bag/,HIGH: directly observed live display; discount user supplied
2026-10-06,Stand-up pouch,8 x 5 x 2,28 g,Hologram,Matte,Raised UV,Child resistant,No Tear Notch,2500,1,1.00,2512.26,25,1884.1950,0.7536780000,UNVERIFIED,Published price-break card; 2-inch bottom gusset; freight/tax unverified.,https://flex-packaging.com/stand-up-bag/,HIGH: directly observed live display; discount user supplied
2026-10-06,Stand-up pouch,8 x 5 x 2,28 g,Hologram,Matte,Raised UV,Child resistant,No Tear Notch,5000,1,0.76,3810.92,25,2858.1900,0.5716380000,UNVERIFIED,Published price-break card; 2-inch bottom gusset; freight/tax unverified.,https://flex-packaging.com/stand-up-bag/,HIGH: directly observed live display; discount user supplied
2026-10-06,Stand-up pouch,8 x 5 x 2,28 g,Hologram,Matte,Raised UV,Child resistant,No Tear Notch,10000,1,0.73,7264.40,25,5448.3000,0.5448300000,UNVERIFIED,Published price-break card; 2-inch bottom gusset; freight/tax unverified.,https://flex-packaging.com/stand-up-bag/,HIGH: directly observed live display; discount user supplied
2026-10-06,Stand-up pouch,8 x 5 x 2,28 g,Hologram,Matte,Raised UV,Child resistant,No Tear Notch,25000,1,0.66,16560.14,25,12420.1050,0.4968042000,UNVERIFIED,Published price-break card; 2-inch bottom gusset; freight/tax unverified.,https://flex-packaging.com/stand-up-bag/,HIGH: directly observed live display; discount user supplied
2026-10-06,Stand-up pouch,8 x 5 x 2,28 g,Clear PET,Soft Touch,Standard,Child resistant,No Tear Notch,500,1,2.76,1382.27,25,1036.7025,2.0734050000,UNVERIFIED,Published price-break card; 2-inch bottom gusset; freight/tax unverified.,https://flex-packaging.com/stand-up-bag/,HIGH: directly observed live display; discount user supplied
2026-10-06,Stand-up pouch,8 x 5 x 2,28 g,Clear PET,Soft Touch,Standard,Child resistant,No Tear Notch,1000,1,1.64,1641.98,25,1231.4850,1.2314850000,UNVERIFIED,Published price-break card; 2-inch bottom gusset; freight/tax unverified.,https://flex-packaging.com/stand-up-bag/,HIGH: directly observed live display; discount user supplied
2026-10-06,Stand-up pouch,8 x 5 x 2,28 g,Clear PET,Soft Touch,Standard,Child resistant,No Tear Notch,2500,1,0.94,2341.92,25,1756.4400,0.7025760000,UNVERIFIED,Published price-break card; 2-inch bottom gusset; freight/tax unverified.,https://flex-packaging.com/stand-up-bag/,HIGH: directly observed live display; discount user supplied
2026-10-06,Stand-up pouch,8 x 5 x 2,28 g,Clear PET,Soft Touch,Standard,Child resistant,No Tear Notch,5000,1,0.71,3540.19,25,2655.1425,0.5310285000,UNVERIFIED,Published price-break card; 2-inch bottom gusset; freight/tax unverified.,https://flex-packaging.com/stand-up-bag/,HIGH: directly observed live display; discount user supplied
2026-10-06,Stand-up pouch,8 x 5 x 2,28 g,Clear PET,Soft Touch,Standard,Child resistant,No Tear Notch,10000,1,0.67,6721.41,25,5041.0575,0.5041057500,UNVERIFIED,Published price-break card; 2-inch bottom gusset; freight/tax unverified.,https://flex-packaging.com/stand-up-bag/,HIGH: directly observed live display; discount user supplied
2026-10-06,Stand-up pouch,8 x 5 x 2,28 g,Clear PET,Soft Touch,Standard,Child resistant,No Tear Notch,25000,1,0.61,15287.71,25,11465.7825,0.4586313000,UNVERIFIED,Published price-break card; 2-inch bottom gusset; freight/tax unverified.,https://flex-packaging.com/stand-up-bag/,HIGH: directly observed live display; discount user supplied
2026-10-06,Stand-up pouch,8 x 5 x 2,28 g,Clear PET,Soft Touch,Raised UV,Child resistant,No Tear Notch,500,1,2.94,1472.27,25,1104.2025,2.2084050000,UNVERIFIED,Published price-break card; 2-inch bottom gusset; freight/tax unverified.,https://flex-packaging.com/stand-up-bag/,HIGH: directly observed live display; discount user supplied
2026-10-06,Stand-up pouch,8 x 5 x 2,28 g,Clear PET,Soft Touch,Raised UV,Child resistant,No Tear Notch,1000,1,1.75,1753.97,25,1315.4775,1.3154775000,UNVERIFIED,Published price-break card; 2-inch bottom gusset; freight/tax unverified.,https://flex-packaging.com/stand-up-bag/,HIGH: directly observed live display; discount user supplied
2026-10-06,Stand-up pouch,8 x 5 x 2,28 g,Clear PET,Soft Touch,Raised UV,Child resistant,No Tear Notch,2500,1,1.01,2512.71,25,1884.5325,0.7538130000,UNVERIFIED,Published price-break card; 2-inch bottom gusset; freight/tax unverified.,https://flex-packaging.com/stand-up-bag/,HIGH: directly observed live display; discount user supplied
2026-10-06,Stand-up pouch,8 x 5 x 2,28 g,Clear PET,Soft Touch,Raised UV,Child resistant,No Tear Notch,5000,1,0.76,3811.76,25,2858.8200,0.5717640000,UNVERIFIED,Published price-break card; 2-inch bottom gusset; freight/tax unverified.,https://flex-packaging.com/stand-up-bag/,HIGH: directly observed live display; discount user supplied
2026-10-06,Stand-up pouch,8 x 5 x 2,28 g,Clear PET,Soft Touch,Raised UV,Child resistant,No Tear Notch,10000,1,0.73,7266.28,25,5449.7100,0.5449710000,UNVERIFIED,Published price-break card; 2-inch bottom gusset; freight/tax unverified.,https://flex-packaging.com/stand-up-bag/,HIGH: directly observed live display; discount user supplied
2026-10-06,Stand-up pouch,8 x 5 x 2,28 g,Clear PET,Soft Touch,Raised UV,Child resistant,No Tear Notch,25000,1,0.66,16564.79,25,12423.5925,0.4969437000,UNVERIFIED,Published price-break card; 2-inch bottom gusset; freight/tax unverified.,https://flex-packaging.com/stand-up-bag/,HIGH: directly observed live display; discount user supplied
2026-10-06,Stand-up pouch,8 x 5 x 2,28 g,Clear PET,Matte,Standard,Child resistant,No Tear Notch,500,1,2.77,1385.71,25,1039.2825,2.0785650000,UNVERIFIED,Published price-break card; 2-inch bottom gusset; freight/tax unverified.,https://flex-packaging.com/stand-up-bag/,HIGH: directly observed live display; discount user supplied
2026-10-06,Stand-up pouch,8 x 5 x 2,28 g,Clear PET,Matte,Standard,Child resistant,No Tear Notch,1000,1,1.65,1647.30,25,1235.4750,1.2354750000,UNVERIFIED,Published price-break card; 2-inch bottom gusset; freight/tax unverified.,https://flex-packaging.com/stand-up-bag/,HIGH: directly observed live display; discount user supplied
2026-10-06,Stand-up pouch,8 x 5 x 2,28 g,Clear PET,Matte,Standard,Child resistant,No Tear Notch,2500,1,0.94,2352.29,25,1764.2175,0.7056870000,UNVERIFIED,Published price-break card; 2-inch bottom gusset; freight/tax unverified.,https://flex-packaging.com/stand-up-bag/,HIGH: directly observed live display; discount user supplied
2026-10-06,Stand-up pouch,8 x 5 x 2,28 g,Clear PET,Matte,Standard,Child resistant,No Tear Notch,5000,1,0.71,3559.21,25,2669.4075,0.5338815000,UNVERIFIED,Published price-break card; 2-inch bottom gusset; freight/tax unverified.,https://flex-packaging.com/stand-up-bag/,HIGH: directly observed live display; discount user supplied
2026-10-06,Stand-up pouch,8 x 5 x 2,28 g,Clear PET,Matte,Standard,Child resistant,No Tear Notch,10000,1,0.68,6763.89,25,5072.9175,0.5072917500,UNVERIFIED,Published price-break card; 2-inch bottom gusset; freight/tax unverified.,https://flex-packaging.com/stand-up-bag/,HIGH: directly observed live display; discount user supplied
2026-10-06,Stand-up pouch,8 x 5 x 2,28 g,Clear PET,Matte,Standard,Child resistant,No Tear Notch,25000,1,0.62,15393.04,25,11544.7800,0.4617912000,UNVERIFIED,Published price-break card; 2-inch bottom gusset; freight/tax unverified.,https://flex-packaging.com/stand-up-bag/,HIGH: directly observed live display; discount user supplied
2026-10-06,Stand-up pouch,8 x 5 x 2,28 g,Clear PET,Matte,Raised UV,Child resistant,No Tear Notch,500,1,2.95,1475.71,25,1106.7825,2.2135650000,UNVERIFIED,Published price-break card; 2-inch bottom gusset; freight/tax unverified.,https://flex-packaging.com/stand-up-bag/,HIGH: directly observed live display; discount user supplied
2026-10-06,Stand-up pouch,8 x 5 x 2,28 g,Clear PET,Matte,Raised UV,Child resistant,No Tear Notch,1000,1,1.76,1759.29,25,1319.4675,1.3194675000,UNVERIFIED,Published price-break card; 2-inch bottom gusset; freight/tax unverified.,https://flex-packaging.com/stand-up-bag/,HIGH: directly observed live display; discount user supplied
2026-10-06,Stand-up pouch,8 x 5 x 2,28 g,Clear PET,Matte,Raised UV,Child resistant,No Tear Notch,2500,1,1.01,2523.08,25,1892.3100,0.7569240000,UNVERIFIED,Published price-break card; 2-inch bottom gusset; freight/tax unverified.,https://flex-packaging.com/stand-up-bag/,HIGH: directly observed live display; discount user supplied
2026-10-06,Stand-up pouch,8 x 5 x 2,28 g,Clear PET,Matte,Raised UV,Child resistant,No Tear Notch,5000,1,0.77,3830.78,25,2873.0850,0.5746170000,UNVERIFIED,Published price-break card; 2-inch bottom gusset; freight/tax unverified.,https://flex-packaging.com/stand-up-bag/,HIGH: directly observed live display; discount user supplied
2026-10-06,Stand-up pouch,8 x 5 x 2,28 g,Clear PET,Matte,Raised UV,Child resistant,No Tear Notch,10000,1,0.73,7308.75,25,5481.5625,0.5481562500,UNVERIFIED,Published price-break card; 2-inch bottom gusset; freight/tax unverified.,https://flex-packaging.com/stand-up-bag/,HIGH: directly observed live display; discount user supplied
2026-10-06,Stand-up pouch,8 x 5 x 2,28 g,Clear PET,Matte,Raised UV,Child resistant,No Tear Notch,25000,1,0.67,16670.11,25,12502.5825,0.5001033000,UNVERIFIED,Published price-break card; 2-inch bottom gusset; freight/tax unverified.,https://flex-packaging.com/stand-up-bag/,HIGH: directly observed live display; discount user supplied
2026-10-06,Stand-up pouch,4 x 5 x 2,3.5 g,White PET,Matte,None,None,No Tear Notch,500,1,1.67,833.75,25,625.3125,1.2506250000,UNVERIFIED,Published price-break card; 2-inch bottom gusset; freight/tax unverified.,https://flex-packaging.com/stand-up-bag/,HIGH: directly observed live display; discount user supplied
2026-10-06,Stand-up pouch,4 x 5 x 2,3.5 g,White PET,Matte,None,None,No Tear Notch,1000,1,0.92,915.52,25,686.6400,0.6866400000,UNVERIFIED,Published price-break card; 2-inch bottom gusset; freight/tax unverified.,https://flex-packaging.com/stand-up-bag/,HIGH: directly observed live display; discount user supplied
2026-10-06,Stand-up pouch,4 x 5 x 2,3.5 g,White PET,Matte,None,None,No Tear Notch,2500,1,0.46,1139.02,25,854.2650,0.3417060000,UNVERIFIED,Published price-break card; 2-inch bottom gusset; freight/tax unverified.,https://flex-packaging.com/stand-up-bag/,HIGH: directly observed live display; discount user supplied
2026-10-06,Stand-up pouch,4 x 5 x 2,3.5 g,White PET,Matte,None,None,No Tear Notch,5000,1,0.30,1508.71,25,1131.5325,0.2263065000,UNVERIFIED,Published price-break card; 2-inch bottom gusset; freight/tax unverified.,https://flex-packaging.com/stand-up-bag/,HIGH: directly observed live display; discount user supplied
2026-10-06,Stand-up pouch,4 x 5 x 2,3.5 g,White PET,Matte,None,None,No Tear Notch,10000,1,0.25,2483.67,25,1862.7525,0.1862752500,UNVERIFIED,Published price-break card; 2-inch bottom gusset; freight/tax unverified.,https://flex-packaging.com/stand-up-bag/,HIGH: directly observed live display; discount user supplied
2026-10-06,Stand-up pouch,4 x 5 x 2,3.5 g,White PET,Matte,None,None,No Tear Notch,25000,1,0.20,5108.29,25,3831.2175,0.1532487000,UNVERIFIED,Published price-break card; 2-inch bottom gusset; freight/tax unverified.,https://flex-packaging.com/stand-up-bag/,HIGH: directly observed live display; discount user supplied
2026-10-06,Stand-up pouch,4 x 5 x 2,3.5 g,White PET,Matte,None,10 mm,No Tear Notch,500,1,1.86,931.57,25,698.6775,1.3973550000,UNVERIFIED,Published price-break card; 2-inch bottom gusset; freight/tax unverified.,https://flex-packaging.com/stand-up-bag/,HIGH: directly observed live display; discount user supplied
2026-10-06,Stand-up pouch,4 x 5 x 2,3.5 g,White PET,Matte,None,10 mm,No Tear Notch,1000,1,1.03,1025.89,25,769.4175,0.7694175000,UNVERIFIED,Published price-break card; 2-inch bottom gusset; freight/tax unverified.,https://flex-packaging.com/stand-up-bag/,HIGH: directly observed live display; discount user supplied
2026-10-06,Stand-up pouch,4 x 5 x 2,3.5 g,White PET,Matte,None,10 mm,No Tear Notch,2500,1,0.51,1282.94,25,962.2050,0.3848820000,UNVERIFIED,Published price-break card; 2-inch bottom gusset; freight/tax unverified.,https://flex-packaging.com/stand-up-bag/,HIGH: directly observed live display; discount user supplied
2026-10-06,Stand-up pouch,4 x 5 x 2,3.5 g,White PET,Matte,None,10 mm,No Tear Notch,5000,1,0.34,1708.28,25,1281.2100,0.2562420000,UNVERIFIED,Published price-break card; 2-inch bottom gusset; freight/tax unverified.,https://flex-packaging.com/stand-up-bag/,HIGH: directly observed live display; discount user supplied
2026-10-06,Stand-up pouch,4 x 5 x 2,3.5 g,White PET,Matte,None,10 mm,No Tear Notch,10000,1,0.28,2838.86,25,2129.1450,0.2129145000,UNVERIFIED,Published price-break card; 2-inch bottom gusset; freight/tax unverified.,https://flex-packaging.com/stand-up-bag/,HIGH: directly observed live display; discount user supplied
2026-10-06,Stand-up pouch,4 x 5 x 2,3.5 g,White PET,Matte,None,10 mm,No Tear Notch,25000,1,0.24,5876.66,25,4407.4950,0.1762998000,UNVERIFIED,Published price-break card; 2-inch bottom gusset; freight/tax unverified.,https://flex-packaging.com/stand-up-bag/,HIGH: directly observed live display; discount user supplied
2026-10-06,Stand-up pouch,4 x 5 x 2,3.5 g,White PET,Matte,None,Child resistant,Punch Hole,500,1,1.95,972.57,25,729.4275,1.4588550000,UNVERIFIED,Published price-break card; 2-inch bottom gusset; freight/tax unverified.,https://flex-packaging.com/stand-up-bag/,HIGH: directly observed live display; discount user supplied
2026-10-06,Stand-up pouch,4 x 5 x 2,3.5 g,White PET,Matte,None,Child resistant,Punch Hole,1000,1,1.08,1075.69,25,806.7675,0.8067675000,UNVERIFIED,Published price-break card; 2-inch bottom gusset; freight/tax unverified.,https://flex-packaging.com/stand-up-bag/,HIGH: directly observed live display; discount user supplied
2026-10-06,Stand-up pouch,4 x 5 x 2,3.5 g,White PET,Matte,None,Child resistant,Punch Hole,2500,1,0.54,1356.26,25,1017.1950,0.4068780000,UNVERIFIED,Published price-break card; 2-inch bottom gusset; freight/tax unverified.,https://flex-packaging.com/stand-up-bag/,HIGH: directly observed live display; discount user supplied
2026-10-06,Stand-up pouch,4 x 5 x 2,3.5 g,White PET,Matte,None,Child resistant,Punch Hole,5000,1,0.36,1820.61,25,1365.4575,0.2730915000,UNVERIFIED,Published price-break card; 2-inch bottom gusset; freight/tax unverified.,https://flex-packaging.com/stand-up-bag/,HIGH: directly observed live display; discount user supplied
2026-10-06,Stand-up pouch,4 x 5 x 2,3.5 g,White PET,Matte,None,Child resistant,Punch Hole,10000,1,0.31,3060.27,25,2295.2025,0.2295202500,UNVERIFIED,Published price-break card; 2-inch bottom gusset; freight/tax unverified.,https://flex-packaging.com/stand-up-bag/,HIGH: directly observed live display; discount user supplied
2026-10-06,Stand-up pouch,4 x 5 x 2,3.5 g,White PET,Matte,None,Child resistant,Punch Hole,25000,1,0.26,6387.72,25,4790.7900,0.1916316000,UNVERIFIED,Published price-break card; 2-inch bottom gusset; freight/tax unverified.,https://flex-packaging.com/stand-up-bag/,HIGH: directly observed live display; discount user supplied
2026-10-06,Stand-up pouch,4 x 5 x 2,3.5 g,White PET,Matte,None,Child resistant,Sombrero,500,1,1.95,972.57,25,729.4275,1.4588550000,UNVERIFIED,Published price-break card; 2-inch bottom gusset; freight/tax unverified.,https://flex-packaging.com/stand-up-bag/,HIGH: directly observed live display; discount user supplied
2026-10-06,Stand-up pouch,4 x 5 x 2,3.5 g,White PET,Matte,None,Child resistant,Sombrero,1000,1,1.08,1075.69,25,806.7675,0.8067675000,UNVERIFIED,Published price-break card; 2-inch bottom gusset; freight/tax unverified.,https://flex-packaging.com/stand-up-bag/,HIGH: directly observed live display; discount user supplied
2026-10-06,Stand-up pouch,4 x 5 x 2,3.5 g,White PET,Matte,None,Child resistant,Sombrero,2500,1,0.54,1356.26,25,1017.1950,0.4068780000,UNVERIFIED,Published price-break card; 2-inch bottom gusset; freight/tax unverified.,https://flex-packaging.com/stand-up-bag/,HIGH: directly observed live display; discount user supplied
2026-10-06,Stand-up pouch,4 x 5 x 2,3.5 g,White PET,Matte,None,Child resistant,Sombrero,5000,1,0.36,1820.61,25,1365.4575,0.2730915000,UNVERIFIED,Published price-break card; 2-inch bottom gusset; freight/tax unverified.,https://flex-packaging.com/stand-up-bag/,HIGH: directly observed live display; discount user supplied
2026-10-06,Stand-up pouch,4 x 5 x 2,3.5 g,White PET,Matte,None,Child resistant,Sombrero,10000,1,0.31,3060.27,25,2295.2025,0.2295202500,UNVERIFIED,Published price-break card; 2-inch bottom gusset; freight/tax unverified.,https://flex-packaging.com/stand-up-bag/,HIGH: directly observed live display; discount user supplied
2026-10-06,Stand-up pouch,4 x 5 x 2,3.5 g,White PET,Matte,None,Child resistant,Sombrero,25000,1,0.26,6387.72,25,4790.7900,0.1916316000,UNVERIFIED,Published price-break card; 2-inch bottom gusset; freight/tax unverified.,https://flex-packaging.com/stand-up-bag/,HIGH: directly observed live display; discount user supplied
2026-10-06,Stand-up pouch,4 x 5 x 2,3.5 g,White PET,Matte,None,Child resistant,No Tear Notch + Clear Gusset,500,1,2.29,1145.17,25,858.8775,1.7177550000,UNVERIFIED,Published price-break card; 2-inch bottom gusset; freight/tax unverified.,https://flex-packaging.com/stand-up-bag/,HIGH: directly observed live display; discount user supplied
2026-10-06,Stand-up pouch,4 x 5 x 2,3.5 g,White PET,Matte,None,Child resistant,No Tear Notch + Clear Gusset,1000,1,1.25,1246.96,25,935.2200,0.9352200000,UNVERIFIED,Published price-break card; 2-inch bottom gusset; freight/tax unverified.,https://flex-packaging.com/stand-up-bag/,HIGH: directly observed live display; discount user supplied
2026-10-06,Stand-up pouch,4 x 5 x 2,3.5 g,White PET,Matte,None,Child resistant,No Tear Notch + Clear Gusset,2500,1,0.61,1523.99,25,1142.9925,0.4571970000,UNVERIFIED,Published price-break card; 2-inch bottom gusset; freight/tax unverified.,https://flex-packaging.com/stand-up-bag/,HIGH: directly observed live display; discount user supplied
2026-10-06,Stand-up pouch,4 x 5 x 2,3.5 g,White PET,Matte,None,Child resistant,No Tear Notch + Clear Gusset,5000,1,0.40,1982.48,25,1486.8600,0.2973720000,UNVERIFIED,Published price-break card; 2-inch bottom gusset; freight/tax unverified.,https://flex-packaging.com/stand-up-bag/,HIGH: directly observed live display; discount user supplied
2026-10-06,Stand-up pouch,4 x 5 x 2,3.5 g,White PET,Matte,None,Child resistant,No Tear Notch + Clear Gusset,10000,1,0.32,3205.74,25,2404.3050,0.2404305000,UNVERIFIED,Published price-break card; 2-inch bottom gusset; freight/tax unverified.,https://flex-packaging.com/stand-up-bag/,HIGH: directly observed live display; discount user supplied
2026-10-06,Stand-up pouch,4 x 5 x 2,3.5 g,White PET,Matte,None,Child resistant,No Tear Notch + Clear Gusset,25000,1,0.26,6489.64,25,4867.2300,0.1946892000,UNVERIFIED,Published price-break card; 2-inch bottom gusset; freight/tax unverified.,https://flex-packaging.com/stand-up-bag/,HIGH: directly observed live display; discount user supplied
2026-10-06,Stand-up pouch,8 x 5 x 2,28 g,White PET,Matte,None,None,No Tear Notch,500,1,1.93,963.16,25,722.3700,1.4447400000,UNVERIFIED,Published price-break card; 2-inch bottom gusset; freight/tax unverified.,https://flex-packaging.com/stand-up-bag/,HIGH: directly observed live display; discount user supplied
2026-10-06,Stand-up pouch,8 x 5 x 2,28 g,White PET,Matte,None,None,No Tear Notch,1000,1,1.12,1116.13,25,837.0975,0.8370975000,UNVERIFIED,Published price-break card; 2-inch bottom gusset; freight/tax unverified.,https://flex-packaging.com/stand-up-bag/,HIGH: directly observed live display; discount user supplied
2026-10-06,Stand-up pouch,8 x 5 x 2,28 g,White PET,Matte,None,None,No Tear Notch,2500,1,0.61,1530.72,25,1148.0400,0.4592160000,UNVERIFIED,Published price-break card; 2-inch bottom gusset; freight/tax unverified.,https://flex-packaging.com/stand-up-bag/,HIGH: directly observed live display; discount user supplied
2026-10-06,Stand-up pouch,8 x 5 x 2,28 g,White PET,Matte,None,None,No Tear Notch,5000,1,0.45,2239.94,25,1679.9550,0.3359910000,UNVERIFIED,Published price-break card; 2-inch bottom gusset; freight/tax unverified.,https://flex-packaging.com/stand-up-bag/,HIGH: directly observed live display; discount user supplied
2026-10-06,Stand-up pouch,8 x 5 x 2,28 g,White PET,Matte,None,None,No Tear Notch,10000,1,0.41,4094.93,25,3071.1975,0.3071197500,UNVERIFIED,Published price-break card; 2-inch bottom gusset; freight/tax unverified.,https://flex-packaging.com/stand-up-bag/,HIGH: directly observed live display; discount user supplied
2026-10-06,Stand-up pouch,8 x 5 x 2,28 g,White PET,Matte,None,None,No Tear Notch,25000,1,0.36,9107.92,25,6830.9400,0.2732376000,UNVERIFIED,Published price-break card; 2-inch bottom gusset; freight/tax unverified.,https://flex-packaging.com/stand-up-bag/,HIGH: directly observed live display; discount user supplied
2026-10-06,Stand-up pouch,8 x 5 x 2,28 g,White PET,Matte,None,10 mm,No Tear Notch,500,1,2.16,1082.45,25,811.8375,1.6236750000,UNVERIFIED,Published price-break card; 2-inch bottom gusset; freight/tax unverified.,https://flex-packaging.com/stand-up-bag/,HIGH: directly observed live display; discount user supplied
2026-10-06,Stand-up pouch,8 x 5 x 2,28 g,White PET,Matte,None,10 mm,No Tear Notch,1000,1,1.26,1259.77,25,944.8275,0.9448275000,UNVERIFIED,Published price-break card; 2-inch bottom gusset; freight/tax unverified.,https://flex-packaging.com/stand-up-bag/,HIGH: directly observed live display; discount user supplied
2026-10-06,Stand-up pouch,8 x 5 x 2,28 g,White PET,Matte,None,10 mm,No Tear Notch,2500,1,0.70,1739.46,25,1304.5950,0.5218380000,UNVERIFIED,Published price-break card; 2-inch bottom gusset; freight/tax unverified.,https://flex-packaging.com/stand-up-bag/,HIGH: directly observed live display; discount user supplied
2026-10-06,Stand-up pouch,8 x 5 x 2,28 g,White PET,Matte,None,10 mm,No Tear Notch,5000,1,0.51,2560.26,25,1920.1950,0.3840390000,UNVERIFIED,Published price-break card; 2-inch bottom gusset; freight/tax unverified.,https://flex-packaging.com/stand-up-bag/,HIGH: directly observed live display; discount user supplied
2026-10-06,Stand-up pouch,8 x 5 x 2,28 g,White PET,Matte,None,10 mm,No Tear Notch,10000,1,0.47,4717.83,25,3538.3725,0.3538372500,UNVERIFIED,Published price-break card; 2-inch bottom gusset; freight/tax unverified.,https://flex-packaging.com/stand-up-bag/,HIGH: directly observed live display; discount user supplied
2026-10-06,Stand-up pouch,8 x 5 x 2,28 g,White PET,Matte,None,10 mm,No Tear Notch,25000,1,0.42,10541.52,25,7906.1400,0.3162456000,UNVERIFIED,Published price-break card; 2-inch bottom gusset; freight/tax unverified.,https://flex-packaging.com/stand-up-bag/,HIGH: directly observed live display; discount user supplied
2026-10-06,Stand-up pouch,8 x 5 x 2,28 g,White PET,Matte,None,Child resistant,Punch Hole,500,1,2.25,1123.45,25,842.5875,1.6851750000,UNVERIFIED,Published price-break card; 2-inch bottom gusset; freight/tax unverified.,https://flex-packaging.com/stand-up-bag/,HIGH: directly observed live display; discount user supplied
2026-10-06,Stand-up pouch,8 x 5 x 2,28 g,White PET,Matte,None,Child resistant,Punch Hole,1000,1,1.31,1309.57,25,982.1775,0.9821775000,UNVERIFIED,Published price-break card; 2-inch bottom gusset; freight/tax unverified.,https://flex-packaging.com/stand-up-bag/,HIGH: directly observed live display; discount user supplied
2026-10-06,Stand-up pouch,8 x 5 x 2,28 g,White PET,Matte,None,Child resistant,Punch Hole,2500,1,0.73,1812.78,25,1359.5850,0.5438340000,UNVERIFIED,Published price-break card; 2-inch bottom gusset; freight/tax unverified.,https://flex-packaging.com/stand-up-bag/,HIGH: directly observed live display; discount user supplied
2026-10-06,Stand-up pouch,8 x 5 x 2,28 g,White PET,Matte,None,Child resistant,Punch Hole,5000,1,0.53,2673.89,25,2005.4175,0.4010835000,UNVERIFIED,Published price-break card; 2-inch bottom gusset; freight/tax unverified.,https://flex-packaging.com/stand-up-bag/,HIGH: directly observed live display; discount user supplied
2026-10-06,Stand-up pouch,8 x 5 x 2,28 g,White PET,Matte,None,Child resistant,Punch Hole,10000,1,0.49,4940.78,25,3705.5850,0.3705585000,UNVERIFIED,Published price-break card; 2-inch bottom gusset; freight/tax unverified.,https://flex-packaging.com/stand-up-bag/,HIGH: directly observed live display; discount user supplied
2026-10-06,Stand-up pouch,8 x 5 x 2,28 g,White PET,Matte,None,Child resistant,Punch Hole,25000,1,0.44,11057.35,25,8293.0125,0.3317205000,UNVERIFIED,Published price-break card; 2-inch bottom gusset; freight/tax unverified.,https://flex-packaging.com/stand-up-bag/,HIGH: directly observed live display; discount user supplied
2026-10-06,Stand-up pouch,8 x 5 x 2,28 g,White PET,Matte,None,Child resistant,Sombrero,500,1,2.25,1123.45,25,842.5875,1.6851750000,UNVERIFIED,Published price-break card; 2-inch bottom gusset; freight/tax unverified.,https://flex-packaging.com/stand-up-bag/,HIGH: directly observed live display; discount user supplied
2026-10-06,Stand-up pouch,8 x 5 x 2,28 g,White PET,Matte,None,Child resistant,Sombrero,1000,1,1.31,1309.57,25,982.1775,0.9821775000,UNVERIFIED,Published price-break card; 2-inch bottom gusset; freight/tax unverified.,https://flex-packaging.com/stand-up-bag/,HIGH: directly observed live display; discount user supplied
2026-10-06,Stand-up pouch,8 x 5 x 2,28 g,White PET,Matte,None,Child resistant,Sombrero,2500,1,0.73,1812.78,25,1359.5850,0.5438340000,UNVERIFIED,Published price-break card; 2-inch bottom gusset; freight/tax unverified.,https://flex-packaging.com/stand-up-bag/,HIGH: directly observed live display; discount user supplied
2026-10-06,Stand-up pouch,8 x 5 x 2,28 g,White PET,Matte,None,Child resistant,Sombrero,5000,1,0.53,2673.89,25,2005.4175,0.4010835000,UNVERIFIED,Published price-break card; 2-inch bottom gusset; freight/tax unverified.,https://flex-packaging.com/stand-up-bag/,HIGH: directly observed live display; discount user supplied
2026-10-06,Stand-up pouch,8 x 5 x 2,28 g,White PET,Matte,None,Child resistant,Sombrero,10000,1,0.49,4940.78,25,3705.5850,0.3705585000,UNVERIFIED,Published price-break card; 2-inch bottom gusset; freight/tax unverified.,https://flex-packaging.com/stand-up-bag/,HIGH: directly observed live display; discount user supplied
2026-10-06,Stand-up pouch,8 x 5 x 2,28 g,White PET,Matte,None,Child resistant,Sombrero,25000,1,0.44,11057.35,25,8293.0125,0.3317205000,UNVERIFIED,Published price-break card; 2-inch bottom gusset; freight/tax unverified.,https://flex-packaging.com/stand-up-bag/,HIGH: directly observed live display; discount user supplied
2026-10-06,Stand-up pouch,8 x 5 x 2,28 g,White PET,Matte,None,Child resistant,No Tear Notch + Clear Gusset,500,1,2.62,1308.83,25,981.6225,1.9632450000,UNVERIFIED,Published price-break card; 2-inch bottom gusset; freight/tax unverified.,https://flex-packaging.com/stand-up-bag/,HIGH: directly observed live display; discount user supplied
2026-10-06,Stand-up pouch,8 x 5 x 2,28 g,White PET,Matte,None,Child resistant,No Tear Notch + Clear Gusset,1000,1,1.50,1500.65,25,1125.4875,1.1254875000,UNVERIFIED,Published price-break card; 2-inch bottom gusset; freight/tax unverified.,https://flex-packaging.com/stand-up-bag/,HIGH: directly observed live display; discount user supplied
2026-10-06,Stand-up pouch,8 x 5 x 2,28 g,White PET,Matte,None,Child resistant,No Tear Notch + Clear Gusset,2500,1,0.81,2019.12,25,1514.3400,0.6057360000,UNVERIFIED,Published price-break card; 2-inch bottom gusset; freight/tax unverified.,https://flex-packaging.com/stand-up-bag/,HIGH: directly observed live display; discount user supplied
2026-10-06,Stand-up pouch,8 x 5 x 2,28 g,White PET,Matte,None,Child resistant,No Tear Notch + Clear Gusset,5000,1,0.58,2906.38,25,2179.7850,0.4359570000,UNVERIFIED,Published price-break card; 2-inch bottom gusset; freight/tax unverified.,https://flex-packaging.com/stand-up-bag/,HIGH: directly observed live display; discount user supplied
2026-10-06,Stand-up pouch,8 x 5 x 2,28 g,White PET,Matte,None,Child resistant,No Tear Notch + Clear Gusset,10000,1,0.52,5244.18,25,3933.1350,0.3933135000,UNVERIFIED,Published price-break card; 2-inch bottom gusset; freight/tax unverified.,https://flex-packaging.com/stand-up-bag/,HIGH: directly observed live display; discount user supplied
2026-10-06,Stand-up pouch,8 x 5 x 2,28 g,White PET,Matte,None,Child resistant,No Tear Notch + Clear Gusset,25000,1,0.46,11550.73,25,8663.0475,0.3465219000,UNVERIFIED,Published price-break card; 2-inch bottom gusset; freight/tax unverified.,https://flex-packaging.com/stand-up-bag/,HIGH: directly observed live display; discount user supplied
2026-10-06,Stand-up pouch,3.5 x 4.5 x 2,1 g,White PET,Matte,None,None,No Tear Notch,500,1,1.64,819.52,25,614.6400,1.2292800000,UNVERIFIED,Published price-break card; 2-inch bottom gusset; freight/tax unverified.,https://flex-packaging.com/stand-up-bag/,HIGH: directly observed live display; discount user supplied
2026-10-06,Stand-up pouch,3.5 x 4.5 x 2,1 g,White PET,Matte,None,None,No Tear Notch,1000,1,0.89,893.50,25,670.1250,0.6701250000,UNVERIFIED,Published price-break card; 2-inch bottom gusset; freight/tax unverified.,https://flex-packaging.com/stand-up-bag/,HIGH: directly observed live display; discount user supplied
2026-10-06,Stand-up pouch,3.5 x 4.5 x 2,1 g,White PET,Matte,None,None,No Tear Notch,2500,1,0.44,1096.10,25,822.0750,0.3288300000,UNVERIFIED,Published price-break card; 2-inch bottom gusset; freight/tax unverified.,https://flex-packaging.com/stand-up-bag/,HIGH: directly observed live display; discount user supplied
2026-10-06,Stand-up pouch,3.5 x 4.5 x 2,1 g,White PET,Matte,None,None,No Tear Notch,5000,1,0.29,1431.03,25,1073.2725,0.2146545000,UNVERIFIED,Published price-break card; 2-inch bottom gusset; freight/tax unverified.,https://flex-packaging.com/stand-up-bag/,HIGH: directly observed live display; discount user supplied
2026-10-06,Stand-up pouch,3.5 x 4.5 x 2,1 g,White PET,Matte,None,None,No Tear Notch,10000,1,0.23,2310.01,25,1732.5075,0.1732507500,UNVERIFIED,Published price-break card; 2-inch bottom gusset; freight/tax unverified.,https://flex-packaging.com/stand-up-bag/,HIGH: directly observed live display; discount user supplied
2026-10-06,Stand-up pouch,3.5 x 4.5 x 2,1 g,White PET,Matte,None,None,No Tear Notch,25000,1,0.19,4666.08,25,3499.5600,0.1399824000,UNVERIFIED,Published price-break card; 2-inch bottom gusset; freight/tax unverified.,https://flex-packaging.com/stand-up-bag/,HIGH: directly observed live display; discount user supplied
2026-10-06,Stand-up pouch,3.5 x 4.5 x 2,1 g,White PET,Matte,None,Child resistant,Punch Hole,500,1,1.91,955.66,25,716.7450,1.4334900000,UNVERIFIED,Published price-break card; 2-inch bottom gusset; freight/tax unverified.,https://flex-packaging.com/stand-up-bag/,HIGH: directly observed live display; discount user supplied
2026-10-06,Stand-up pouch,3.5 x 4.5 x 2,1 g,White PET,Matte,None,Child resistant,Punch Hole,1000,1,1.05,1049.51,25,787.1325,0.7871325000,UNVERIFIED,Published price-break card; 2-inch bottom gusset; freight/tax unverified.,https://flex-packaging.com/stand-up-bag/,HIGH: directly observed live display; discount user supplied
2026-10-06,Stand-up pouch,3.5 x 4.5 x 2,1 g,White PET,Matte,None,Child resistant,Punch Hole,2500,1,0.52,1305.24,25,978.9300,0.3915720000,UNVERIFIED,Published price-break card; 2-inch bottom gusset; freight/tax unverified.,https://flex-packaging.com/stand-up-bag/,HIGH: directly observed live display; discount user supplied
2026-10-06,Stand-up pouch,3.5 x 4.5 x 2,1 g,White PET,Matte,None,Child resistant,Punch Hole,5000,1,0.35,1728.28,25,1296.2100,0.2592420000,UNVERIFIED,Published price-break card; 2-inch bottom gusset; freight/tax unverified.,https://flex-packaging.com/stand-up-bag/,HIGH: directly observed live display; discount user supplied
2026-10-06,Stand-up pouch,3.5 x 4.5 x 2,1 g,White PET,Matte,None,Child resistant,Punch Hole,10000,1,0.29,2853.68,25,2140.2600,0.2140260000,UNVERIFIED,Published price-break card; 2-inch bottom gusset; freight/tax unverified.,https://flex-packaging.com/stand-up-bag/,HIGH: directly observed live display; discount user supplied
2026-10-06,Stand-up pouch,3.5 x 4.5 x 2,1 g,White PET,Matte,None,Child resistant,Punch Hole,25000,1,0.23,5860.41,25,4395.3075,0.1758123000,UNVERIFIED,Published price-break card; 2-inch bottom gusset; freight/tax unverified.,https://flex-packaging.com/stand-up-bag/,HIGH: directly observed live display; discount user supplied
2026-10-06,Stand-up pouch,3.5 x 4.5 x 2,1 g,White PET,Matte,None,Child resistant,No Tear Notch + Clear Gusset,500,1,2.25,1126.66,25,844.9950,1.6899900000,UNVERIFIED,Published price-break card; 2-inch bottom gusset; freight/tax unverified.,https://flex-packaging.com/stand-up-bag/,HIGH: directly observed live display; discount user supplied
2026-10-06,Stand-up pouch,3.5 x 4.5 x 2,1 g,White PET,Matte,None,Child resistant,No Tear Notch + Clear Gusset,1000,1,1.22,1218.30,25,913.7250,0.9137250000,UNVERIFIED,Published price-break card; 2-inch bottom gusset; freight/tax unverified.,https://flex-packaging.com/stand-up-bag/,HIGH: directly observed live display; discount user supplied
2026-10-06,Stand-up pouch,3.5 x 4.5 x 2,1 g,White PET,Matte,None,Child resistant,No Tear Notch + Clear Gusset,2500,1,0.59,1468.15,25,1101.1125,0.4404450000,UNVERIFIED,Published price-break card; 2-inch bottom gusset; freight/tax unverified.,https://flex-packaging.com/stand-up-bag/,HIGH: directly observed live display; discount user supplied
2026-10-06,Stand-up pouch,3.5 x 4.5 x 2,1 g,White PET,Matte,None,Child resistant,No Tear Notch + Clear Gusset,5000,1,0.38,1881.43,25,1411.0725,0.2822145000,UNVERIFIED,Published price-break card; 2-inch bottom gusset; freight/tax unverified.,https://flex-packaging.com/stand-up-bag/,HIGH: directly observed live display; discount user supplied
2026-10-06,Stand-up pouch,3.5 x 4.5 x 2,1 g,White PET,Matte,None,Child resistant,No Tear Notch + Clear Gusset,10000,1,0.30,2979.53,25,2234.6475,0.2234647500,UNVERIFIED,Published price-break card; 2-inch bottom gusset; freight/tax unverified.,https://flex-packaging.com/stand-up-bag/,HIGH: directly observed live display; discount user supplied
2026-10-06,Stand-up pouch,3.5 x 4.5 x 2,1 g,White PET,Matte,None,Child resistant,No Tear Notch + Clear Gusset,25000,1,0.24,5914.18,25,4435.6350,0.1774254000,UNVERIFIED,Published price-break card; 2-inch bottom gusset; freight/tax unverified.,https://flex-packaging.com/stand-up-bag/,HIGH: directly observed live display; discount user supplied
2026-10-06,Stand-up pouch,5 x 5 x 2,7 g,White PET,Matte,None,None,No Tear Notch,500,1,1.73,865.13,25,648.8475,1.2976950000,UNVERIFIED,Published price-break card; 2-inch bottom gusset; freight/tax unverified.,https://flex-packaging.com/stand-up-bag/,HIGH: directly observed live display; discount user supplied
2026-10-06,Stand-up pouch,5 x 5 x 2,7 g,White PET,Matte,None,None,No Tear Notch,1000,1,0.96,964.19,25,723.1425,0.7231425000,UNVERIFIED,Published price-break card; 2-inch bottom gusset; freight/tax unverified.,https://flex-packaging.com/stand-up-bag/,HIGH: directly observed live display; discount user supplied
2026-10-06,Stand-up pouch,5 x 5 x 2,7 g,White PET,Matte,None,None,No Tear Notch,2500,1,0.49,1234.09,25,925.5675,0.3702270000,UNVERIFIED,Published price-break card; 2-inch bottom gusset; freight/tax unverified.,https://flex-packaging.com/stand-up-bag/,HIGH: directly observed live display; discount user supplied
2026-10-06,Stand-up pouch,5 x 5 x 2,7 g,White PET,Matte,None,None,No Tear Notch,5000,1,0.34,1680.62,25,1260.4650,0.2520930000,UNVERIFIED,Published price-break card; 2-inch bottom gusset; freight/tax unverified.,https://flex-packaging.com/stand-up-bag/,HIGH: directly observed live display; discount user supplied
2026-10-06,Stand-up pouch,5 x 5 x 2,7 g,White PET,Matte,None,None,No Tear Notch,10000,1,0.29,2868.23,25,2151.1725,0.2151172500,UNVERIFIED,Published price-break card; 2-inch bottom gusset; freight/tax unverified.,https://flex-packaging.com/stand-up-bag/,HIGH: directly observed live display; discount user supplied
2026-10-06,Stand-up pouch,5 x 5 x 2,7 g,White PET,Matte,None,None,No Tear Notch,25000,1,0.24,6058.88,25,4544.1600,0.1817664000,UNVERIFIED,Published price-break card; 2-inch bottom gusset; freight/tax unverified.,https://flex-packaging.com/stand-up-bag/,HIGH: directly observed live display; discount user supplied
2026-10-06,Stand-up pouch,5 x 5 x 2,7 g,White PET,Matte,None,Child resistant,Punch Hole,500,1,2.02,1009.32,25,756.9900,1.5139800000,UNVERIFIED,Published price-break card; 2-inch bottom gusset; freight/tax unverified.,https://flex-packaging.com/stand-up-bag/,HIGH: directly observed live display; discount user supplied
2026-10-06,Stand-up pouch,5 x 5 x 2,7 g,White PET,Matte,None,Child resistant,Punch Hole,1000,1,1.13,1132.68,25,849.5100,0.8495100000,UNVERIFIED,Published price-break card; 2-inch bottom gusset; freight/tax unverified.,https://flex-packaging.com/stand-up-bag/,HIGH: directly observed live display; discount user supplied
2026-10-06,Stand-up pouch,5 x 5 x 2,7 g,White PET,Matte,None,Child resistant,Punch Hole,2500,1,0.59,1467.53,25,1100.6475,0.4402590000,UNVERIFIED,Published price-break card; 2-inch bottom gusset; freight/tax unverified.,https://flex-packaging.com/stand-up-bag/,HIGH: directly observed live display; discount user supplied
2026-10-06,Stand-up pouch,5 x 5 x 2,7 g,White PET,Matte,None,Child resistant,Punch Hole,5000,1,0.40,2021.80,25,1516.3500,0.3032700000,UNVERIFIED,Published price-break card; 2-inch bottom gusset; freight/tax unverified.,https://flex-packaging.com/stand-up-bag/,HIGH: directly observed live display; discount user supplied
2026-10-06,Stand-up pouch,5 x 5 x 2,7 g,White PET,Matte,None,Child resistant,Punch Hole,10000,1,0.35,3510.70,25,2633.0250,0.2633025000,UNVERIFIED,Published price-break card; 2-inch bottom gusset; freight/tax unverified.,https://flex-packaging.com/stand-up-bag/,HIGH: directly observed live display; discount user supplied
2026-10-06,Stand-up pouch,5 x 5 x 2,7 g,White PET,Matte,None,Child resistant,Punch Hole,25000,1,0.30,7501.32,25,5625.9900,0.2250396000,UNVERIFIED,Published price-break card; 2-inch bottom gusset; freight/tax unverified.,https://flex-packaging.com/stand-up-bag/,HIGH: directly observed live display; discount user supplied
2026-10-06,Stand-up pouch,5 x 5 x 2,7 g,White PET,Matte,None,Child resistant,No Tear Notch + Clear Gusset,500,1,2.37,1185.11,25,888.8325,1.7776650000,UNVERIFIED,Published price-break card; 2-inch bottom gusset; freight/tax unverified.,https://flex-packaging.com/stand-up-bag/,HIGH: directly observed live display; discount user supplied
2026-10-06,Stand-up pouch,5 x 5 x 2,7 g,White PET,Matte,None,Child resistant,No Tear Notch + Clear Gusset,1000,1,1.31,1308.91,25,981.6825,0.9816825000,UNVERIFIED,Published price-break card; 2-inch bottom gusset; freight/tax unverified.,https://flex-packaging.com/stand-up-bag/,HIGH: directly observed live display; discount user supplied
2026-10-06,Stand-up pouch,5 x 5 x 2,7 g,White PET,Matte,None,Child resistant,No Tear Notch + Clear Gusset,2500,1,0.66,1644.92,25,1233.6900,0.4934760000,UNVERIFIED,Published price-break card; 2-inch bottom gusset; freight/tax unverified.,https://flex-packaging.com/stand-up-bag/,HIGH: directly observed live display; discount user supplied
2026-10-06,Stand-up pouch,5 x 5 x 2,7 g,White PET,Matte,None,Child resistant,No Tear Notch + Clear Gusset,5000,1,0.44,2201.11,25,1650.8325,0.3301665000,UNVERIFIED,Published price-break card; 2-inch bottom gusset; freight/tax unverified.,https://flex-packaging.com/stand-up-bag/,HIGH: directly observed live display; discount user supplied
2026-10-06,Stand-up pouch,5 x 5 x 2,7 g,White PET,Matte,None,Child resistant,No Tear Notch + Clear Gusset,10000,1,0.37,3695.40,25,2771.5500,0.2771550000,UNVERIFIED,Published price-break card; 2-inch bottom gusset; freight/tax unverified.,https://flex-packaging.com/stand-up-bag/,HIGH: directly observed live display; discount user supplied
2026-10-06,Stand-up pouch,5 x 5 x 2,7 g,White PET,Matte,None,Child resistant,No Tear Notch + Clear Gusset,25000,1,0.31,7700.33,25,5775.2475,0.2310099000,UNVERIFIED,Published price-break card; 2-inch bottom gusset; freight/tax unverified.,https://flex-packaging.com/stand-up-bag/,HIGH: directly observed live display; discount user supplied
2026-10-06,Stand-up pouch,6 x 5 x 2,14 g,White PET,Matte,None,None,No Tear Notch,500,1,1.79,894.02,25,670.5150,1.3410300000,UNVERIFIED,Published price-break card; 2-inch bottom gusset; freight/tax unverified.,https://flex-packaging.com/stand-up-bag/,HIGH: directly observed live display; discount user supplied
2026-10-06,Stand-up pouch,6 x 5 x 2,14 g,White PET,Matte,None,None,No Tear Notch,1000,1,1.01,1008.96,25,756.7200,0.7567200000,UNVERIFIED,Published price-break card; 2-inch bottom gusset; freight/tax unverified.,https://flex-packaging.com/stand-up-bag/,HIGH: directly observed live display; discount user supplied
2026-10-06,Stand-up pouch,6 x 5 x 2,14 g,White PET,Matte,None,None,No Tear Notch,2500,1,0.53,1321.49,25,991.1175,0.3964470000,UNVERIFIED,Published price-break card; 2-inch bottom gusset; freight/tax unverified.,https://flex-packaging.com/stand-up-bag/,HIGH: directly observed live display; discount user supplied
2026-10-06,Stand-up pouch,6 x 5 x 2,14 g,White PET,Matte,None,None,No Tear Notch,5000,1,0.37,1855.92,25,1391.9400,0.2783880000,UNVERIFIED,Published price-break card; 2-inch bottom gusset; freight/tax unverified.,https://flex-packaging.com/stand-up-bag/,HIGH: directly observed live display; discount user supplied
2026-10-06,Stand-up pouch,6 x 5 x 2,14 g,White PET,Matte,None,None,No Tear Notch,10000,1,0.32,3221.73,25,2416.2975,0.2416297500,UNVERIFIED,Published price-break card; 2-inch bottom gusset; freight/tax unverified.,https://flex-packaging.com/stand-up-bag/,HIGH: directly observed live display; discount user supplied
2026-10-06,Stand-up pouch,6 x 5 x 2,14 g,White PET,Matte,None,None,No Tear Notch,25000,1,0.28,6953.02,25,5214.7650,0.2085906000,UNVERIFIED,Published price-break card; 2-inch bottom gusset; freight/tax unverified.,https://flex-packaging.com/stand-up-bag/,HIGH: directly observed live display; discount user supplied
2026-10-06,Stand-up pouch,6 x 5 x 2,14 g,White PET,Matte,None,Child resistant,Punch Hole,500,1,2.09,1043.57,25,782.6775,1.5653550000,UNVERIFIED,Published price-break card; 2-inch bottom gusset; freight/tax unverified.,https://flex-packaging.com/stand-up-bag/,HIGH: directly observed live display; discount user supplied
2026-10-06,Stand-up pouch,6 x 5 x 2,14 g,White PET,Matte,None,Child resistant,Punch Hole,1000,1,1.19,1185.76,25,889.3200,0.8893200000,UNVERIFIED,Published price-break card; 2-inch bottom gusset; freight/tax unverified.,https://flex-packaging.com/stand-up-bag/,HIGH: directly observed live display; discount user supplied
2026-10-06,Stand-up pouch,6 x 5 x 2,14 g,White PET,Matte,None,Child resistant,Punch Hole,2500,1,0.63,1571.14,25,1178.3550,0.4713420000,UNVERIFIED,Published price-break card; 2-inch bottom gusset; freight/tax unverified.,https://flex-packaging.com/stand-up-bag/,HIGH: directly observed live display; discount user supplied
2026-10-06,Stand-up pouch,6 x 5 x 2,14 g,White PET,Matte,None,Child resistant,Punch Hole,5000,1,0.45,2230.42,25,1672.8150,0.3345630000,UNVERIFIED,Published price-break card; 2-inch bottom gusset; freight/tax unverified.,https://flex-packaging.com/stand-up-bag/,HIGH: directly observed live display; discount user supplied
2026-10-06,Stand-up pouch,6 x 5 x 2,14 g,White PET,Matte,None,Child resistant,Punch Hole,10000,1,0.39,3930.06,25,2947.5450,0.2947545000,UNVERIFIED,Published price-break card; 2-inch bottom gusset; freight/tax unverified.,https://flex-packaging.com/stand-up-bag/,HIGH: directly observed live display; discount user supplied
2026-10-06,Stand-up pouch,6 x 5 x 2,14 g,White PET,Matte,None,Child resistant,Punch Hole,25000,1,0.34,8563.39,25,6422.5425,0.2569017000,UNVERIFIED,Published price-break card; 2-inch bottom gusset; freight/tax unverified.,https://flex-packaging.com/stand-up-bag/,HIGH: directly observed live display; discount user supplied
2026-10-06,Stand-up pouch,6 x 5 x 2,14 g,White PET,Matte,None,Child resistant,No Tear Notch + Clear Gusset,500,1,2.45,1222.56,25,916.9200,1.8338400000,UNVERIFIED,Published price-break card; 2-inch bottom gusset; freight/tax unverified.,https://flex-packaging.com/stand-up-bag/,HIGH: directly observed live display; discount user supplied
2026-10-06,Stand-up pouch,6 x 5 x 2,14 g,White PET,Matte,None,Child resistant,No Tear Notch + Clear Gusset,1000,1,1.37,1366.94,25,1025.2050,1.0252050000,UNVERIFIED,Published price-break card; 2-inch bottom gusset; freight/tax unverified.,https://flex-packaging.com/stand-up-bag/,HIGH: directly observed live display; discount user supplied
2026-10-06,Stand-up pouch,6 x 5 x 2,14 g,White PET,Matte,None,Child resistant,No Tear Notch + Clear Gusset,2500,1,0.70,1758.18,25,1318.6350,0.5274540000,UNVERIFIED,Published price-break card; 2-inch bottom gusset; freight/tax unverified.,https://flex-packaging.com/stand-up-bag/,HIGH: directly observed live display; discount user supplied
2026-10-06,Stand-up pouch,6 x 5 x 2,14 g,White PET,Matte,None,Child resistant,No Tear Notch + Clear Gusset,5000,1,0.49,2427.50,25,1820.6250,0.3641250000,UNVERIFIED,Published price-break card; 2-inch bottom gusset; freight/tax unverified.,https://flex-packaging.com/stand-up-bag/,HIGH: directly observed live display; discount user supplied
2026-10-06,Stand-up pouch,6 x 5 x 2,14 g,White PET,Matte,None,Child resistant,No Tear Notch + Clear Gusset,10000,1,0.42,4154.00,25,3115.5000,0.3115500000,UNVERIFIED,Published price-break card; 2-inch bottom gusset; freight/tax unverified.,https://flex-packaging.com/stand-up-bag/,HIGH: directly observed live display; discount user supplied
2026-10-06,Stand-up pouch,6 x 5 x 2,14 g,White PET,Matte,None,Child resistant,No Tear Notch + Clear Gusset,25000,1,0.35,8859.89,25,6644.9175,0.2657967000,UNVERIFIED,Published price-break card; 2-inch bottom gusset; freight/tax unverified.,https://flex-packaging.com/stand-up-bag/,HIGH: directly observed live display; discount user supplied
2026-10-06,Stand-up pouch,4 x 5 x 2,3.5 g,White PET,Glossy,None,Child resistant,No Tear Notch,500,2,2.18,1088.35,25,816.2625,1.6325250000,UNVERIFIED,Published price-break card; 2-inch bottom gusset; freight/tax unverified.,https://flex-packaging.com/stand-up-bag/,HIGH: directly observed live display; discount user supplied
2026-10-06,Stand-up pouch,4 x 5 x 2,3.5 g,White PET,Glossy,None,Child resistant,No Tear Notch,1000,2,1.17,1167.15,25,875.3625,0.8753625000,UNVERIFIED,Published price-break card; 2-inch bottom gusset; freight/tax unverified.,https://flex-packaging.com/stand-up-bag/,HIGH: directly observed live display; discount user supplied
2026-10-06,Stand-up pouch,4 x 5 x 2,3.5 g,White PET,Glossy,None,Child resistant,No Tear Notch,2500,2,0.55,1382.71,25,1037.0325,0.4148130000,UNVERIFIED,Published price-break card; 2-inch bottom gusset; freight/tax unverified.,https://flex-packaging.com/stand-up-bag/,HIGH: directly observed live display; discount user supplied
2026-10-06,Stand-up pouch,4 x 5 x 2,3.5 g,White PET,Glossy,None,Child resistant,No Tear Notch,5000,2,0.35,1739.24,25,1304.4300,0.2608860000,UNVERIFIED,Published price-break card; 2-inch bottom gusset; freight/tax unverified.,https://flex-packaging.com/stand-up-bag/,HIGH: directly observed live display; discount user supplied
2026-10-06,Stand-up pouch,4 x 5 x 2,3.5 g,White PET,Glossy,None,Child resistant,No Tear Notch,10000,2,0.27,2677.39,25,2008.0425,0.2008042500,UNVERIFIED,Published price-break card; 2-inch bottom gusset; freight/tax unverified.,https://flex-packaging.com/stand-up-bag/,HIGH: directly observed live display; discount user supplied
2026-10-06,Stand-up pouch,4 x 5 x 2,3.5 g,White PET,Glossy,None,Child resistant,No Tear Notch,25000,2,0.21,5204.27,25,3903.2025,0.1561281000,UNVERIFIED,Published price-break card; 2-inch bottom gusset; freight/tax unverified.,https://flex-packaging.com/stand-up-bag/,HIGH: directly observed live display; discount user supplied
2026-10-06,Stand-up pouch,4 x 5 x 2,3.5 g,White PET,Glossy,None,Child resistant,No Tear Notch,500,5,3.29,1643.35,25,1232.5125,2.4650250000,UNVERIFIED,Published price-break card; 2-inch bottom gusset; freight/tax unverified.,https://flex-packaging.com/stand-up-bag/,HIGH: directly observed live display; discount user supplied
2026-10-06,Stand-up pouch,4 x 5 x 2,3.5 g,White PET,Glossy,None,Child resistant,No Tear Notch,1000,5,1.72,1722.15,25,1291.6125,1.2916125000,UNVERIFIED,Published price-break card; 2-inch bottom gusset; freight/tax unverified.,https://flex-packaging.com/stand-up-bag/,HIGH: directly observed live display; discount user supplied
2026-10-06,Stand-up pouch,4 x 5 x 2,3.5 g,White PET,Glossy,None,Child resistant,No Tear Notch,2500,5,0.78,1937.71,25,1453.2825,0.5813130000,UNVERIFIED,Published price-break card; 2-inch bottom gusset; freight/tax unverified.,https://flex-packaging.com/stand-up-bag/,HIGH: directly observed live display; discount user supplied
2026-10-06,Stand-up pouch,4 x 5 x 2,3.5 g,White PET,Glossy,None,Child resistant,No Tear Notch,5000,5,0.46,2294.24,25,1720.6800,0.3441360000,UNVERIFIED,Published price-break card; 2-inch bottom gusset; freight/tax unverified.,https://flex-packaging.com/stand-up-bag/,HIGH: directly observed live display; discount user supplied
2026-10-06,Stand-up pouch,4 x 5 x 2,3.5 g,White PET,Glossy,None,Child resistant,No Tear Notch,10000,5,0.32,3232.39,25,2424.2925,0.2424292500,UNVERIFIED,Published price-break card; 2-inch bottom gusset; freight/tax unverified.,https://flex-packaging.com/stand-up-bag/,HIGH: directly observed live display; discount user supplied
2026-10-06,Stand-up pouch,4 x 5 x 2,3.5 g,White PET,Glossy,None,Child resistant,No Tear Notch,25000,5,0.23,5759.27,25,4319.4525,0.1727781000,UNVERIFIED,Published price-break card; 2-inch bottom gusset; freight/tax unverified.,https://flex-packaging.com/stand-up-bag/,HIGH: directly observed live display; discount user supplied
2026-10-06,Stand-up pouch,4 x 5 x 2,3.5 g,White PET,Glossy,None,Child resistant,No Tear Notch,500,10,5.14,2568.35,25,1926.2625,3.8525250000,UNVERIFIED,Published price-break card; 2-inch bottom gusset; freight/tax unverified.,https://flex-packaging.com/stand-up-bag/,HIGH: directly observed live display; discount user supplied
2026-10-06,Stand-up pouch,4 x 5 x 2,3.5 g,White PET,Glossy,None,Child resistant,No Tear Notch,1000,10,2.65,2647.15,25,1985.3625,1.9853625000,UNVERIFIED,Published price-break card; 2-inch bottom gusset; freight/tax unverified.,https://flex-packaging.com/stand-up-bag/,HIGH: directly observed live display; discount user supplied
2026-10-06,Stand-up pouch,4 x 5 x 2,3.5 g,White PET,Glossy,None,Child resistant,No Tear Notch,2500,10,1.15,2862.71,25,2147.0325,0.8588130000,UNVERIFIED,Published price-break card; 2-inch bottom gusset; freight/tax unverified.,https://flex-packaging.com/stand-up-bag/,HIGH: directly observed live display; discount user supplied
2026-10-06,Stand-up pouch,4 x 5 x 2,3.5 g,White PET,Glossy,None,Child resistant,No Tear Notch,5000,10,0.64,3219.24,25,2414.4300,0.4828860000,UNVERIFIED,Published price-break card; 2-inch bottom gusset; freight/tax unverified.,https://flex-packaging.com/stand-up-bag/,HIGH: directly observed live display; discount user supplied
2026-10-06,Stand-up pouch,4 x 5 x 2,3.5 g,White PET,Glossy,None,Child resistant,No Tear Notch,10000,10,0.42,4157.39,25,3118.0425,0.3118042500,UNVERIFIED,Published price-break card; 2-inch bottom gusset; freight/tax unverified.,https://flex-packaging.com/stand-up-bag/,HIGH: directly observed live display; discount user supplied
2026-10-06,Stand-up pouch,4 x 5 x 2,3.5 g,White PET,Glossy,None,Child resistant,No Tear Notch,25000,10,0.27,6684.27,25,5013.2025,0.2005281000,UNVERIFIED,Published price-break card; 2-inch bottom gusset; freight/tax unverified.,https://flex-packaging.com/stand-up-bag/,HIGH: directly observed live display; discount user supplied
2026-10-06,Stand-up pouch,8 x 5 x 2,28 g,White PET,Glossy,None,Child resistant,No Tear Notch,500,2,2.43,1212.68,25,909.5100,1.8190200000,UNVERIFIED,Published price-break card; 2-inch bottom gusset; freight/tax unverified.,https://flex-packaging.com/stand-up-bag/,HIGH: directly observed live display; discount user supplied
2026-10-06,Stand-up pouch,8 x 5 x 2,28 g,White PET,Glossy,None,Child resistant,No Tear Notch,1000,2,1.36,1359.89,25,1019.9175,1.0199175000,UNVERIFIED,Published price-break card; 2-inch bottom gusset; freight/tax unverified.,https://flex-packaging.com/stand-up-bag/,HIGH: directly observed live display; discount user supplied
2026-10-06,Stand-up pouch,8 x 5 x 2,28 g,White PET,Glossy,None,Child resistant,No Tear Notch,2500,2,0.70,1759.08,25,1319.3100,0.5277240000,UNVERIFIED,Published price-break card; 2-inch bottom gusset; freight/tax unverified.,https://flex-packaging.com/stand-up-bag/,HIGH: directly observed live display; discount user supplied
2026-10-06,Stand-up pouch,8 x 5 x 2,28 g,White PET,Glossy,None,Child resistant,No Tear Notch,5000,2,0.49,2441.91,25,1831.4325,0.3662865000,UNVERIFIED,Published price-break card; 2-inch bottom gusset; freight/tax unverified.,https://flex-packaging.com/stand-up-bag/,HIGH: directly observed live display; discount user supplied
2026-10-06,Stand-up pouch,8 x 5 x 2,28 g,White PET,Glossy,None,Child resistant,No Tear Notch,10000,2,0.42,4225.32,25,3168.9900,0.3168990000,UNVERIFIED,Published price-break card; 2-inch bottom gusset; freight/tax unverified.,https://flex-packaging.com/stand-up-bag/,HIGH: directly observed live display; discount user supplied
2026-10-06,Stand-up pouch,8 x 5 x 2,28 g,White PET,Glossy,None,Child resistant,No Tear Notch,25000,2,0.36,9046.53,25,6784.8975,0.2713959000,UNVERIFIED,Published price-break card; 2-inch bottom gusset; freight/tax unverified.,https://flex-packaging.com/stand-up-bag/,HIGH: directly observed live display; discount user supplied
2026-10-06,Stand-up pouch,8 x 5 x 2,28 g,White PET,Glossy,None,Child resistant,No Tear Notch,500,5,3.54,1767.68,25,1325.7600,2.6515200000,UNVERIFIED,Published price-break card; 2-inch bottom gusset; freight/tax unverified.,https://flex-packaging.com/stand-up-bag/,HIGH: directly observed live display; discount user supplied
2026-10-06,Stand-up pouch,8 x 5 x 2,28 g,White PET,Glossy,None,Child resistant,No Tear Notch,1000,5,1.91,1914.89,25,1436.1675,1.4361675000,UNVERIFIED,Published price-break card; 2-inch bottom gusset; freight/tax unverified.,https://flex-packaging.com/stand-up-bag/,HIGH: directly observed live display; discount user supplied
2026-10-06,Stand-up pouch,8 x 5 x 2,28 g,White PET,Glossy,None,Child resistant,No Tear Notch,2500,5,0.93,2314.08,25,1735.5600,0.6942240000,UNVERIFIED,Published price-break card; 2-inch bottom gusset; freight/tax unverified.,https://flex-packaging.com/stand-up-bag/,HIGH: directly observed live display; discount user supplied
2026-10-06,Stand-up pouch,8 x 5 x 2,28 g,White PET,Glossy,None,Child resistant,No Tear Notch,5000,5,0.60,2996.91,25,2247.6825,0.4495365000,UNVERIFIED,Published price-break card; 2-inch bottom gusset; freight/tax unverified.,https://flex-packaging.com/stand-up-bag/,HIGH: directly observed live display; discount user supplied
2026-10-06,Stand-up pouch,8 x 5 x 2,28 g,White PET,Glossy,None,Child resistant,No Tear Notch,10000,5,0.48,4780.32,25,3585.2400,0.3585240000,UNVERIFIED,Published price-break card; 2-inch bottom gusset; freight/tax unverified.,https://flex-packaging.com/stand-up-bag/,HIGH: directly observed live display; discount user supplied
2026-10-06,Stand-up pouch,8 x 5 x 2,28 g,White PET,Glossy,None,Child resistant,No Tear Notch,25000,5,0.38,9601.53,25,7201.1475,0.2880459000,UNVERIFIED,Published price-break card; 2-inch bottom gusset; freight/tax unverified.,https://flex-packaging.com/stand-up-bag/,HIGH: directly observed live display; discount user supplied
2026-10-06,Stand-up pouch,8 x 5 x 2,28 g,White PET,Glossy,None,Child resistant,No Tear Notch,500,10,5.39,2692.68,25,2019.5100,4.0390200000,UNVERIFIED,Published price-break card; 2-inch bottom gusset; freight/tax unverified.,https://flex-packaging.com/stand-up-bag/,HIGH: directly observed live display; discount user supplied
2026-10-06,Stand-up pouch,8 x 5 x 2,28 g,White PET,Glossy,None,Child resistant,No Tear Notch,1000,10,2.84,2839.89,25,2129.9175,2.1299175000,UNVERIFIED,Published price-break card; 2-inch bottom gusset; freight/tax unverified.,https://flex-packaging.com/stand-up-bag/,HIGH: directly observed live display; discount user supplied
2026-10-06,Stand-up pouch,8 x 5 x 2,28 g,White PET,Glossy,None,Child resistant,No Tear Notch,2500,10,1.30,3239.08,25,2429.3100,0.9717240000,UNVERIFIED,Published price-break card; 2-inch bottom gusset; freight/tax unverified.,https://flex-packaging.com/stand-up-bag/,HIGH: directly observed live display; discount user supplied
2026-10-06,Stand-up pouch,8 x 5 x 2,28 g,White PET,Glossy,None,Child resistant,No Tear Notch,5000,10,0.78,3921.91,25,2941.4325,0.5882865000,UNVERIFIED,Published price-break card; 2-inch bottom gusset; freight/tax unverified.,https://flex-packaging.com/stand-up-bag/,HIGH: directly observed live display; discount user supplied
2026-10-06,Stand-up pouch,8 x 5 x 2,28 g,White PET,Glossy,None,Child resistant,No Tear Notch,10000,10,0.57,5705.32,25,4278.9900,0.4278990000,UNVERIFIED,Published price-break card; 2-inch bottom gusset; freight/tax unverified.,https://flex-packaging.com/stand-up-bag/,HIGH: directly observed live display; discount user supplied
2026-10-06,Stand-up pouch,8 x 5 x 2,28 g,White PET,Glossy,None,Child resistant,No Tear Notch,25000,10,0.42,10526.53,25,7894.8975,0.3157959000,UNVERIFIED,Published price-break card; 2-inch bottom gusset; freight/tax unverified.,https://flex-packaging.com/stand-up-bag/,HIGH: directly observed live display; discount user supplied
2026-10-06,Stand-up pouch,4 x 5 x 2,3.5 g,Hologram,Soft Touch,None,None,Sombrero + Clear Gusset,500,1,2.20,1100.45,25,825.3375,1.6506750000,UNVERIFIED,Published price-break card; 2-inch bottom gusset; freight/tax unverified.,https://flex-packaging.com/stand-up-bag/,HIGH: directly observed live display; discount user supplied
2026-10-06,Stand-up pouch,4 x 5 x 2,3.5 g,Hologram,Soft Touch,None,None,Sombrero + Clear Gusset,1000,1,1.21,1205.15,25,903.8625,0.9038625000,UNVERIFIED,Published price-break card; 2-inch bottom gusset; freight/tax unverified.,https://flex-packaging.com/stand-up-bag/,HIGH: directly observed live display; discount user supplied
2026-10-06,Stand-up pouch,4 x 5 x 2,3.5 g,Hologram,Soft Touch,None,None,Sombrero + Clear Gusset,2500,1,0.60,1489.96,25,1117.4700,0.4469880000,UNVERIFIED,Published price-break card; 2-inch bottom gusset; freight/tax unverified.,https://flex-packaging.com/stand-up-bag/,HIGH: directly observed live display; discount user supplied
2026-10-06,Stand-up pouch,4 x 5 x 2,3.5 g,Hologram,Soft Touch,None,None,Sombrero + Clear Gusset,5000,1,0.39,1961.33,25,1470.9975,0.2941995000,UNVERIFIED,Published price-break card; 2-inch bottom gusset; freight/tax unverified.,https://flex-packaging.com/stand-up-bag/,HIGH: directly observed live display; discount user supplied
2026-10-06,Stand-up pouch,4 x 5 x 2,3.5 g,Hologram,Soft Touch,None,None,Sombrero + Clear Gusset,10000,1,0.32,3220.62,25,2415.4650,0.2415465000,UNVERIFIED,Published price-break card; 2-inch bottom gusset; freight/tax unverified.,https://flex-packaging.com/stand-up-bag/,HIGH: directly observed live display; discount user supplied
2026-10-06,Stand-up pouch,4 x 5 x 2,3.5 g,Hologram,Soft Touch,None,None,Sombrero + Clear Gusset,25000,1,0.26,6600.21,25,4950.1575,0.1980063000,UNVERIFIED,Published price-break card; 2-inch bottom gusset; freight/tax unverified.,https://flex-packaging.com/stand-up-bag/,HIGH: directly observed live display; discount user supplied
2026-10-06,Stand-up pouch,8 x 5 x 2,28 g,Hologram,Soft Touch,None,None,Sombrero + Clear Gusset,500,1,2.51,1256.78,25,942.5850,1.8851700000,UNVERIFIED,Published price-break card; 2-inch bottom gusset; freight/tax unverified.,https://flex-packaging.com/stand-up-bag/,HIGH: directly observed live display; discount user supplied
2026-10-06,Stand-up pouch,8 x 5 x 2,28 g,Hologram,Soft Touch,None,None,Sombrero + Clear Gusset,1000,1,1.45,1447.48,25,1085.6100,1.0856100000,UNVERIFIED,Published price-break card; 2-inch bottom gusset; freight/tax unverified.,https://flex-packaging.com/stand-up-bag/,HIGH: directly observed live display; discount user supplied
2026-10-06,Stand-up pouch,8 x 5 x 2,28 g,Hologram,Soft Touch,None,None,Sombrero + Clear Gusset,2500,1,0.79,1962.94,25,1472.2050,0.5888820000,UNVERIFIED,Published price-break card; 2-inch bottom gusset; freight/tax unverified.,https://flex-packaging.com/stand-up-bag/,HIGH: directly observed live display; discount user supplied
2026-10-06,Stand-up pouch,8 x 5 x 2,28 g,Hologram,Soft Touch,None,None,Sombrero + Clear Gusset,5000,1,0.57,2845.05,25,2133.7875,0.4267575000,UNVERIFIED,Published price-break card; 2-inch bottom gusset; freight/tax unverified.,https://flex-packaging.com/stand-up-bag/,HIGH: directly observed live display; discount user supplied
2026-10-06,Stand-up pouch,8 x 5 x 2,28 g,Hologram,Soft Touch,None,None,Sombrero + Clear Gusset,10000,1,0.52,5168.86,25,3876.6450,0.3876645000,UNVERIFIED,Published price-break card; 2-inch bottom gusset; freight/tax unverified.,https://flex-packaging.com/stand-up-bag/,HIGH: directly observed live display; discount user supplied
2026-10-06,Stand-up pouch,8 x 5 x 2,28 g,Hologram,Soft Touch,None,None,Sombrero + Clear Gusset,25000,1,0.46,11437.95,25,8578.4625,0.3431385000,UNVERIFIED,Published price-break card; 2-inch bottom gusset; freight/tax unverified.,https://flex-packaging.com/stand-up-bag/,HIGH: directly observed live display; discount user supplied
2026-10-06,Stand-up pouch,4 x 5 x 2,3.5 g,Silver PET,Glossy,None,None,No Tear Notch,500,1,1.62,810.97,25,608.2275,1.2164550000,UNVERIFIED,Published price-break card; 2-inch bottom gusset; freight/tax unverified.,https://flex-packaging.com/stand-up-bag/,HIGH: directly observed live display; discount user supplied
2026-10-06,Stand-up pouch,4 x 5 x 2,3.5 g,Silver PET,Glossy,None,None,No Tear Notch,1000,1,0.88,880.22,25,660.1650,0.6601650000,UNVERIFIED,Published price-break card; 2-inch bottom gusset; freight/tax unverified.,https://flex-packaging.com/stand-up-bag/,HIGH: directly observed live display; discount user supplied
2026-10-06,Stand-up pouch,4 x 5 x 2,3.5 g,Silver PET,Glossy,None,None,No Tear Notch,2500,1,0.43,1070.24,25,802.6800,0.3210720000,UNVERIFIED,Published price-break card; 2-inch bottom gusset; freight/tax unverified.,https://flex-packaging.com/stand-up-bag/,HIGH: directly observed live display; discount user supplied
2026-10-06,Stand-up pouch,4 x 5 x 2,3.5 g,Silver PET,Glossy,None,None,No Tear Notch,5000,1,0.28,1384.42,25,1038.3150,0.2076630000,UNVERIFIED,Published price-break card; 2-inch bottom gusset; freight/tax unverified.,https://flex-packaging.com/stand-up-bag/,HIGH: directly observed live display; discount user supplied
2026-10-06,Stand-up pouch,4 x 5 x 2,3.5 g,Silver PET,Glossy,None,None,No Tear Notch,10000,1,0.22,2204.11,25,1653.0825,0.1653082500,UNVERIFIED,Published price-break card; 2-inch bottom gusset; freight/tax unverified.,https://flex-packaging.com/stand-up-bag/,HIGH: directly observed live display; discount user supplied
2026-10-06,Stand-up pouch,4 x 5 x 2,3.5 g,Silver PET,Glossy,None,None,No Tear Notch,25000,1,0.18,4416.47,25,3312.3525,0.1324941000,UNVERIFIED,Published price-break card; 2-inch bottom gusset; freight/tax unverified.,https://flex-packaging.com/stand-up-bag/,HIGH: directly observed live display; discount user supplied
2026-10-06,Stand-up pouch,4 x 5 x 2,3.5 g,Silver PET,Glossy,None,10 mm,No Tear Notch,500,1,1.82,908.80,25,681.6000,1.3632000000,UNVERIFIED,Published price-break card; 2-inch bottom gusset; freight/tax unverified.,https://flex-packaging.com/stand-up-bag/,HIGH: directly observed live display; discount user supplied
2026-10-06,Stand-up pouch,4 x 5 x 2,3.5 g,Silver PET,Glossy,None,10 mm,No Tear Notch,1000,1,0.99,990.59,25,742.9425,0.7429425000,UNVERIFIED,Published price-break card; 2-inch bottom gusset; freight/tax unverified.,https://flex-packaging.com/stand-up-bag/,HIGH: directly observed live display; discount user supplied
2026-10-06,Stand-up pouch,4 x 5 x 2,3.5 g,Silver PET,Glossy,None,10 mm,No Tear Notch,2500,1,0.49,1214.17,25,910.6275,0.3642510000,UNVERIFIED,Published price-break card; 2-inch bottom gusset; freight/tax unverified.,https://flex-packaging.com/stand-up-bag/,HIGH: directly observed live display; discount user supplied
2026-10-06,Stand-up pouch,4 x 5 x 2,3.5 g,Silver PET,Glossy,None,10 mm,No Tear Notch,5000,1,0.32,1583.99,25,1187.9925,0.2375985000,UNVERIFIED,Published price-break card; 2-inch bottom gusset; freight/tax unverified.,https://flex-packaging.com/stand-up-bag/,HIGH: directly observed live display; discount user supplied
2026-10-06,Stand-up pouch,4 x 5 x 2,3.5 g,Silver PET,Glossy,None,10 mm,No Tear Notch,10000,1,0.26,2559.30,25,1919.4750,0.1919475000,UNVERIFIED,Published price-break card; 2-inch bottom gusset; freight/tax unverified.,https://flex-packaging.com/stand-up-bag/,HIGH: directly observed live display; discount user supplied
2026-10-06,Stand-up pouch,4 x 5 x 2,3.5 g,Silver PET,Glossy,None,10 mm,No Tear Notch,25000,1,0.21,5184.84,25,3888.6300,0.1555452000,UNVERIFIED,Published price-break card; 2-inch bottom gusset; freight/tax unverified.,https://flex-packaging.com/stand-up-bag/,HIGH: directly observed live display; discount user supplied
2026-10-06,Stand-up pouch,4 x 5 x 2,3.5 g,Silver PET,Glossy,None,Child resistant,Punch Hole,500,1,1.90,949.80,25,712.3500,1.4247000000,UNVERIFIED,Published price-break card; 2-inch bottom gusset; freight/tax unverified.,https://flex-packaging.com/stand-up-bag/,HIGH: directly observed live display; discount user supplied
2026-10-06,Stand-up pouch,4 x 5 x 2,3.5 g,Silver PET,Glossy,None,Child resistant,Punch Hole,1000,1,1.04,1040.39,25,780.2925,0.7802925000,UNVERIFIED,Published price-break card; 2-inch bottom gusset; freight/tax unverified.,https://flex-packaging.com/stand-up-bag/,HIGH: directly observed live display; discount user supplied
2026-10-06,Stand-up pouch,4 x 5 x 2,3.5 g,Silver PET,Glossy,None,Child resistant,Punch Hole,2500,1,0.51,1287.49,25,965.6175,0.3862470000,UNVERIFIED,Published price-break card; 2-inch bottom gusset; freight/tax unverified.,https://flex-packaging.com/stand-up-bag/,HIGH: directly observed live display; discount user supplied
2026-10-06,Stand-up pouch,4 x 5 x 2,3.5 g,Silver PET,Glossy,None,Child resistant,Punch Hole,5000,1,0.34,1696.31,25,1272.2325,0.2544465000,UNVERIFIED,Published price-break card; 2-inch bottom gusset; freight/tax unverified.,https://flex-packaging.com/stand-up-bag/,HIGH: directly observed live display; discount user supplied
2026-10-06,Stand-up pouch,4 x 5 x 2,3.5 g,Silver PET,Glossy,None,Child resistant,Punch Hole,10000,1,0.28,2780.71,25,2085.5325,0.2085532500,UNVERIFIED,Published price-break card; 2-inch bottom gusset; freight/tax unverified.,https://flex-packaging.com/stand-up-bag/,HIGH: directly observed live display; discount user supplied
2026-10-06,Stand-up pouch,4 x 5 x 2,3.5 g,Silver PET,Glossy,None,Child resistant,Punch Hole,25000,1,0.23,5695.90,25,4271.9250,0.1708770000,UNVERIFIED,Published price-break card; 2-inch bottom gusset; freight/tax unverified.,https://flex-packaging.com/stand-up-bag/,HIGH: directly observed live display; discount user supplied
2026-10-06,Stand-up pouch,4 x 5 x 2,3.5 g,Silver PET,Glossy,None,Child resistant,Sombrero,500,1,1.90,949.80,25,712.3500,1.4247000000,UNVERIFIED,Published price-break card; 2-inch bottom gusset; freight/tax unverified.,https://flex-packaging.com/stand-up-bag/,HIGH: directly observed live display; discount user supplied
2026-10-06,Stand-up pouch,4 x 5 x 2,3.5 g,Silver PET,Glossy,None,Child resistant,Sombrero,1000,1,1.04,1040.39,25,780.2925,0.7802925000,UNVERIFIED,Published price-break card; 2-inch bottom gusset; freight/tax unverified.,https://flex-packaging.com/stand-up-bag/,HIGH: directly observed live display; discount user supplied
2026-10-06,Stand-up pouch,4 x 5 x 2,3.5 g,Silver PET,Glossy,None,Child resistant,Sombrero,2500,1,0.51,1287.49,25,965.6175,0.3862470000,UNVERIFIED,Published price-break card; 2-inch bottom gusset; freight/tax unverified.,https://flex-packaging.com/stand-up-bag/,HIGH: directly observed live display; discount user supplied
2026-10-06,Stand-up pouch,4 x 5 x 2,3.5 g,Silver PET,Glossy,None,Child resistant,Sombrero,5000,1,0.34,1696.31,25,1272.2325,0.2544465000,UNVERIFIED,Published price-break card; 2-inch bottom gusset; freight/tax unverified.,https://flex-packaging.com/stand-up-bag/,HIGH: directly observed live display; discount user supplied
2026-10-06,Stand-up pouch,4 x 5 x 2,3.5 g,Silver PET,Glossy,None,Child resistant,Sombrero,10000,1,0.28,2780.71,25,2085.5325,0.2085532500,UNVERIFIED,Published price-break card; 2-inch bottom gusset; freight/tax unverified.,https://flex-packaging.com/stand-up-bag/,HIGH: directly observed live display; discount user supplied
2026-10-06,Stand-up pouch,4 x 5 x 2,3.5 g,Silver PET,Glossy,None,Child resistant,Sombrero,25000,1,0.23,5695.90,25,4271.9250,0.1708770000,UNVERIFIED,Published price-break card; 2-inch bottom gusset; freight/tax unverified.,https://flex-packaging.com/stand-up-bag/,HIGH: directly observed live display; discount user supplied
2026-10-06,Stand-up pouch,4 x 5 x 2,3.5 g,Silver PET,Glossy,None,Child resistant,No Tear Notch + Clear Gusset,500,1,2.24,1122.39,25,841.7925,1.6835850000,UNVERIFIED,Published price-break card; 2-inch bottom gusset; freight/tax unverified.,https://flex-packaging.com/stand-up-bag/,HIGH: directly observed live display; discount user supplied
2026-10-06,Stand-up pouch,4 x 5 x 2,3.5 g,Silver PET,Glossy,None,Child resistant,No Tear Notch + Clear Gusset,1000,1,1.21,1211.66,25,908.7450,0.9087450000,UNVERIFIED,Published price-break card; 2-inch bottom gusset; freight/tax unverified.,https://flex-packaging.com/stand-up-bag/,HIGH: directly observed live display; discount user supplied
2026-10-06,Stand-up pouch,4 x 5 x 2,3.5 g,Silver PET,Glossy,None,Child resistant,No Tear Notch + Clear Gusset,2500,1,0.58,1455.22,25,1091.4150,0.4365660000,UNVERIFIED,Published price-break card; 2-inch bottom gusset; freight/tax unverified.,https://flex-packaging.com/stand-up-bag/,HIGH: directly observed live display; discount user supplied
2026-10-06,Stand-up pouch,4 x 5 x 2,3.5 g,Silver PET,Glossy,None,Child resistant,No Tear Notch + Clear Gusset,5000,1,0.37,1858.19,25,1393.6425,0.2787285000,UNVERIFIED,Published price-break card; 2-inch bottom gusset; freight/tax unverified.,https://flex-packaging.com/stand-up-bag/,HIGH: directly observed live display; discount user supplied
2026-10-06,Stand-up pouch,4 x 5 x 2,3.5 g,Silver PET,Glossy,None,Child resistant,No Tear Notch + Clear Gusset,10000,1,0.29,2926.18,25,2194.6350,0.2194635000,UNVERIFIED,Published price-break card; 2-inch bottom gusset; freight/tax unverified.,https://flex-packaging.com/stand-up-bag/,HIGH: directly observed live display; discount user supplied
2026-10-06,Stand-up pouch,4 x 5 x 2,3.5 g,Silver PET,Glossy,None,Child resistant,No Tear Notch + Clear Gusset,25000,1,0.23,5797.82,25,4348.3650,0.1739346000,UNVERIFIED,Published price-break card; 2-inch bottom gusset; freight/tax unverified.,https://flex-packaging.com/stand-up-bag/,HIGH: directly observed live display; discount user supplied
2026-10-06,Stand-up pouch,8 x 5 x 2,28 g,Silver PET,Glossy,None,None,No Tear Notch,500,1,1.84,921.72,25,691.2900,1.3825800000,UNVERIFIED,Published price-break card; 2-inch bottom gusset; freight/tax unverified.,https://flex-packaging.com/stand-up-bag/,HIGH: directly observed live display; discount user supplied
2026-10-06,Stand-up pouch,8 x 5 x 2,28 g,Silver PET,Glossy,None,None,No Tear Notch,1000,1,1.05,1051.90,25,788.9250,0.7889250000,UNVERIFIED,Published price-break card; 2-inch bottom gusset; freight/tax unverified.,https://flex-packaging.com/stand-up-bag/,HIGH: directly observed live display; discount user supplied
2026-10-06,Stand-up pouch,8 x 5 x 2,28 g,Silver PET,Glossy,None,None,No Tear Notch,2500,1,0.56,1405.56,25,1054.1700,0.4216680000,UNVERIFIED,Published price-break card; 2-inch bottom gusset; freight/tax unverified.,https://flex-packaging.com/stand-up-bag/,HIGH: directly observed live display; discount user supplied
2026-10-06,Stand-up pouch,8 x 5 x 2,28 g,Silver PET,Glossy,None,None,No Tear Notch,5000,1,0.40,2010.37,25,1507.7775,0.3015555000,UNVERIFIED,Published price-break card; 2-inch bottom gusset; freight/tax unverified.,https://flex-packaging.com/stand-up-bag/,HIGH: directly observed live display; discount user supplied
2026-10-06,Stand-up pouch,8 x 5 x 2,28 g,Silver PET,Glossy,None,None,No Tear Notch,10000,1,0.36,3582.19,25,2686.6425,0.2686642500,UNVERIFIED,Published price-break card; 2-inch bottom gusset; freight/tax unverified.,https://flex-packaging.com/stand-up-bag/,HIGH: directly observed live display; discount user supplied
2026-10-06,Stand-up pouch,8 x 5 x 2,28 g,Silver PET,Glossy,None,None,No Tear Notch,25000,1,0.31,7836.51,25,5877.3825,0.2350953000,UNVERIFIED,Published price-break card; 2-inch bottom gusset; freight/tax unverified.,https://flex-packaging.com/stand-up-bag/,HIGH: directly observed live display; discount user supplied
2026-10-06,Stand-up pouch,8 x 5 x 2,28 g,Silver PET,Glossy,None,10 mm,No Tear Notch,500,1,2.08,1041.00,25,780.7500,1.5615000000,UNVERIFIED,Published price-break card; 2-inch bottom gusset; freight/tax unverified.,https://flex-packaging.com/stand-up-bag/,HIGH: directly observed live display; discount user supplied
2026-10-06,Stand-up pouch,8 x 5 x 2,28 g,Silver PET,Glossy,None,10 mm,No Tear Notch,1000,1,1.20,1195.54,25,896.6550,0.8966550000,UNVERIFIED,Published price-break card; 2-inch bottom gusset; freight/tax unverified.,https://flex-packaging.com/stand-up-bag/,HIGH: directly observed live display; discount user supplied
2026-10-06,Stand-up pouch,8 x 5 x 2,28 g,Silver PET,Glossy,None,10 mm,No Tear Notch,2500,1,0.65,1614.30,25,1210.7250,0.4842900000,UNVERIFIED,Published price-break card; 2-inch bottom gusset; freight/tax unverified.,https://flex-packaging.com/stand-up-bag/,HIGH: directly observed live display; discount user supplied
2026-10-06,Stand-up pouch,8 x 5 x 2,28 g,Silver PET,Glossy,None,10 mm,No Tear Notch,5000,1,0.47,2330.69,25,1748.0175,0.3496035000,UNVERIFIED,Published price-break card; 2-inch bottom gusset; freight/tax unverified.,https://flex-packaging.com/stand-up-bag/,HIGH: directly observed live display; discount user supplied
2026-10-06,Stand-up pouch,8 x 5 x 2,28 g,Silver PET,Glossy,None,10 mm,No Tear Notch,10000,1,0.42,4205.09,25,3153.8175,0.3153817500,UNVERIFIED,Published price-break card; 2-inch bottom gusset; freight/tax unverified.,https://flex-packaging.com/stand-up-bag/,HIGH: directly observed live display; discount user supplied
2026-10-06,Stand-up pouch,8 x 5 x 2,28 g,Silver PET,Glossy,None,10 mm,No Tear Notch,25000,1,0.37,9270.11,25,6952.5825,0.2781033000,UNVERIFIED,Published price-break card; 2-inch bottom gusset; freight/tax unverified.,https://flex-packaging.com/stand-up-bag/,HIGH: directly observed live display; discount user supplied
2026-10-06,Stand-up pouch,8 x 5 x 2,28 g,Silver PET,Glossy,None,Child resistant,Punch Hole,500,1,2.16,1082.00,25,811.5000,1.6230000000,UNVERIFIED,Published price-break card; 2-inch bottom gusset; freight/tax unverified.,https://flex-packaging.com/stand-up-bag/,HIGH: directly observed live display; discount user supplied
2026-10-06,Stand-up pouch,8 x 5 x 2,28 g,Silver PET,Glossy,None,Child resistant,Punch Hole,1000,1,1.25,1245.33,25,933.9975,0.9339975000,UNVERIFIED,Published price-break card; 2-inch bottom gusset; freight/tax unverified.,https://flex-packaging.com/stand-up-bag/,HIGH: directly observed live display; discount user supplied
2026-10-06,Stand-up pouch,8 x 5 x 2,28 g,Silver PET,Glossy,None,Child resistant,Punch Hole,2500,1,0.68,1687.62,25,1265.7150,0.5062860000,UNVERIFIED,Published price-break card; 2-inch bottom gusset; freight/tax unverified.,https://flex-packaging.com/stand-up-bag/,HIGH: directly observed live display; discount user supplied
2026-10-06,Stand-up pouch,8 x 5 x 2,28 g,Silver PET,Glossy,None,Child resistant,Punch Hole,5000,1,0.49,2444.32,25,1833.2400,0.3666480000,UNVERIFIED,Published price-break card; 2-inch bottom gusset; freight/tax unverified.,https://flex-packaging.com/stand-up-bag/,HIGH: directly observed live display; discount user supplied
2026-10-06,Stand-up pouch,8 x 5 x 2,28 g,Silver PET,Glossy,None,Child resistant,Punch Hole,10000,1,0.44,4428.04,25,3321.0300,0.3321030000,UNVERIFIED,Published price-break card; 2-inch bottom gusset; freight/tax unverified.,https://flex-packaging.com/stand-up-bag/,HIGH: directly observed live display; discount user supplied
2026-10-06,Stand-up pouch,8 x 5 x 2,28 g,Silver PET,Glossy,None,Child resistant,Punch Hole,25000,1,0.39,9785.94,25,7339.4550,0.2935782000,UNVERIFIED,Published price-break card; 2-inch bottom gusset; freight/tax unverified.,https://flex-packaging.com/stand-up-bag/,HIGH: directly observed live display; discount user supplied
2026-10-06,Stand-up pouch,8 x 5 x 2,28 g,Silver PET,Glossy,None,Child resistant,Sombrero,500,1,2.16,1082.00,25,811.5000,1.6230000000,UNVERIFIED,Published price-break card; 2-inch bottom gusset; freight/tax unverified.,https://flex-packaging.com/stand-up-bag/,HIGH: directly observed live display; discount user supplied
2026-10-06,Stand-up pouch,8 x 5 x 2,28 g,Silver PET,Glossy,None,Child resistant,Sombrero,1000,1,1.25,1245.33,25,933.9975,0.9339975000,UNVERIFIED,Published price-break card; 2-inch bottom gusset; freight/tax unverified.,https://flex-packaging.com/stand-up-bag/,HIGH: directly observed live display; discount user supplied
2026-10-06,Stand-up pouch,8 x 5 x 2,28 g,Silver PET,Glossy,None,Child resistant,Sombrero,2500,1,0.68,1687.62,25,1265.7150,0.5062860000,UNVERIFIED,Published price-break card; 2-inch bottom gusset; freight/tax unverified.,https://flex-packaging.com/stand-up-bag/,HIGH: directly observed live display; discount user supplied
2026-10-06,Stand-up pouch,8 x 5 x 2,28 g,Silver PET,Glossy,None,Child resistant,Sombrero,5000,1,0.49,2444.32,25,1833.2400,0.3666480000,UNVERIFIED,Published price-break card; 2-inch bottom gusset; freight/tax unverified.,https://flex-packaging.com/stand-up-bag/,HIGH: directly observed live display; discount user supplied
2026-10-06,Stand-up pouch,8 x 5 x 2,28 g,Silver PET,Glossy,None,Child resistant,Sombrero,10000,1,0.44,4428.04,25,3321.0300,0.3321030000,UNVERIFIED,Published price-break card; 2-inch bottom gusset; freight/tax unverified.,https://flex-packaging.com/stand-up-bag/,HIGH: directly observed live display; discount user supplied
2026-10-06,Stand-up pouch,8 x 5 x 2,28 g,Silver PET,Glossy,None,Child resistant,Sombrero,25000,1,0.39,9785.94,25,7339.4550,0.2935782000,UNVERIFIED,Published price-break card; 2-inch bottom gusset; freight/tax unverified.,https://flex-packaging.com/stand-up-bag/,HIGH: directly observed live display; discount user supplied
2026-10-06,Stand-up pouch,8 x 5 x 2,28 g,Silver PET,Glossy,None,Child resistant,No Tear Notch + Clear Gusset,500,1,2.53,1267.38,25,950.5350,1.9010700000,UNVERIFIED,Published price-break card; 2-inch bottom gusset; freight/tax unverified.,https://flex-packaging.com/stand-up-bag/,HIGH: directly observed live display; discount user supplied
2026-10-06,Stand-up pouch,8 x 5 x 2,28 g,Silver PET,Glossy,None,Child resistant,No Tear Notch + Clear Gusset,1000,1,1.44,1436.42,25,1077.3150,1.0773150000,UNVERIFIED,Published price-break card; 2-inch bottom gusset; freight/tax unverified.,https://flex-packaging.com/stand-up-bag/,HIGH: directly observed live display; discount user supplied
2026-10-06,Stand-up pouch,8 x 5 x 2,28 g,Silver PET,Glossy,None,Child resistant,No Tear Notch + Clear Gusset,2500,1,0.76,1893.96,25,1420.4700,0.5681880000,UNVERIFIED,Published price-break card; 2-inch bottom gusset; freight/tax unverified.,https://flex-packaging.com/stand-up-bag/,HIGH: directly observed live display; discount user supplied
2026-10-06,Stand-up pouch,8 x 5 x 2,28 g,Silver PET,Glossy,None,Child resistant,No Tear Notch + Clear Gusset,5000,1,0.54,2676.81,25,2007.6075,0.4015215000,UNVERIFIED,Published price-break card; 2-inch bottom gusset; freight/tax unverified.,https://flex-packaging.com/stand-up-bag/,HIGH: directly observed live display; discount user supplied
2026-10-06,Stand-up pouch,8 x 5 x 2,28 g,Silver PET,Glossy,None,Child resistant,No Tear Notch + Clear Gusset,10000,1,0.47,4731.44,25,3548.5800,0.3548580000,UNVERIFIED,Published price-break card; 2-inch bottom gusset; freight/tax unverified.,https://flex-packaging.com/stand-up-bag/,HIGH: directly observed live display; discount user supplied
2026-10-06,Stand-up pouch,8 x 5 x 2,28 g,Silver PET,Glossy,None,Child resistant,No Tear Notch + Clear Gusset,25000,1,0.41,10279.32,25,7709.4900,0.3083796000,UNVERIFIED,Published price-break card; 2-inch bottom gusset; freight/tax unverified.,https://flex-packaging.com/stand-up-bag/,HIGH: directly observed live display; discount user supplied
2026-10-06,Stand-up pouch,8 x 5 x 2,28 g,Clear PET,Glossy,None,Child resistant,No Tear Notch + Clear Gusset,500,1,2.57,1287.32,25,965.4900,1.9309800000,UNVERIFIED,Published price-break card; 2-inch bottom gusset; freight/tax unverified.,https://flex-packaging.com/stand-up-bag/,HIGH: directly observed live display; discount user supplied
2026-10-06,Stand-up pouch,8 x 5 x 2,28 g,Clear PET,Glossy,None,Child resistant,No Tear Notch + Clear Gusset,1000,1,1.47,1467.32,25,1100.4900,1.1004900000,UNVERIFIED,Published price-break card; 2-inch bottom gusset; freight/tax unverified.,https://flex-packaging.com/stand-up-bag/,HIGH: directly observed live display; discount user supplied
2026-10-06,Stand-up pouch,8 x 5 x 2,28 g,Clear PET,Glossy,None,Child resistant,No Tear Notch + Clear Gusset,2500,1,0.78,1954.18,25,1465.6350,0.5862540000,UNVERIFIED,Published price-break card; 2-inch bottom gusset; freight/tax unverified.,https://flex-packaging.com/stand-up-bag/,HIGH: directly observed live display; discount user supplied
2026-10-06,Stand-up pouch,8 x 5 x 2,28 g,Clear PET,Glossy,None,Child resistant,No Tear Notch + Clear Gusset,5000,1,0.56,2787.26,25,2090.4450,0.4180890000,UNVERIFIED,Published price-break card; 2-inch bottom gusset; freight/tax unverified.,https://flex-packaging.com/stand-up-bag/,HIGH: directly observed live display; discount user supplied
2026-10-06,Stand-up pouch,8 x 5 x 2,28 g,Clear PET,Glossy,None,Child resistant,No Tear Notch + Clear Gusset,10000,1,0.50,4978.13,25,3733.5975,0.3733597500,UNVERIFIED,Published price-break card; 2-inch bottom gusset; freight/tax unverified.,https://flex-packaging.com/stand-up-bag/,HIGH: directly observed live display; discount user supplied
2026-10-06,Stand-up pouch,8 x 5 x 2,28 g,Clear PET,Glossy,None,Child resistant,No Tear Notch + Clear Gusset,25000,1,0.44,10891.03,25,8168.2725,0.3267309000,UNVERIFIED,Published price-break card; 2-inch bottom gusset; freight/tax unverified.,https://flex-packaging.com/stand-up-bag/,HIGH: directly observed live display; discount user supplied
2026-10-06,Stand-up pouch,4 x 5 x 2,3.5 g,White PET,Glossy,None,Child resistant,No Tear Notch,7500,1,0.27,2054.13,25,1540.5975,0.2054130000,UNVERIFIED,Typed quantity test; see rules for input/button inconsistencies.,https://flex-packaging.com/stand-up-bag/,HIGH: directly observed live display; discount user supplied
2026-10-06,Stand-up pouch,6 x 5 x 2,14 g,White PET,Glossy,None,Child resistant,No Tear Notch,7500,1,0.34,2579.78,25,1934.8350,0.2579780000,UNVERIFIED,Custom quantity; exact displayed order total.,https://flex-packaging.com/stand-up-bag/,HIGH: directly observed live display; discount user supplied
2026-10-06,Stand-up pouch,8 x 5 x 2,28 g,White PET,Glossy,None,Child resistant,No Tear Notch,7500,1,0.42,3186.27,25,2389.7025,0.3186270000,UNVERIFIED,Custom quantity; exact displayed order total.,https://flex-packaging.com/stand-up-bag/,HIGH: directly observed live display; discount user supplied
2026-10-06,Stand-up pouch,4 x 5 x 2,3.5 g,White PET,Soft Touch,None,Child resistant,No Tear Notch,7500,1,0.31,2295.36,25,1721.5200,0.2295360000,UNVERIFIED,Custom quantity; exact displayed order total.,https://flex-packaging.com/stand-up-bag/,HIGH: directly observed live display; discount user supplied
2026-10-06,Stand-up pouch,4 x 5 x 2,3.5 g,White PET,Matte,None,Child resistant,No Tear Notch,7500,1,0.31,2311.49,25,1733.6175,0.2311490000,UNVERIFIED,Custom quantity; exact displayed order total.,https://flex-packaging.com/stand-up-bag/,HIGH: directly observed live display; discount user supplied
2026-10-06,Stand-up pouch,6 x 5 x 2,14 g,White PET,Soft Touch,None,Child resistant,No Tear Notch,7500,1,0.39,2934.43,25,2200.8225,0.2934430000,UNVERIFIED,Custom quantity; exact displayed order total.,https://flex-packaging.com/stand-up-bag/,HIGH: directly observed live display; discount user supplied
2026-10-06,Stand-up pouch,6 x 5 x 2,14 g,White PET,Matte,None,Child resistant,No Tear Notch,7500,1,0.39,2958.16,25,2218.6200,0.2958160000,UNVERIFIED,Custom quantity; exact displayed order total.,https://flex-packaging.com/stand-up-bag/,HIGH: directly observed live display; discount user supplied
2026-10-06,Stand-up pouch,8 x 5 x 2,28 g,White PET,Soft Touch,None,Child resistant,No Tear Notch,7500,1,0.49,3654.35,25,2740.7625,0.3654350000,UNVERIFIED,Custom quantity; exact displayed order total.,https://flex-packaging.com/stand-up-bag/,HIGH: directly observed live display; discount user supplied
2026-10-06,Stand-up pouch,8 x 5 x 2,28 g,White PET,Matte,None,Child resistant,No Tear Notch,7500,1,0.49,3685.66,25,2764.2450,0.3685660000,UNVERIFIED,Custom quantity; exact displayed order total.,https://flex-packaging.com/stand-up-bag/,HIGH: directly observed live display; discount user supplied
2026-10-06,Stand-up pouch,4 x 5 x 2,3.5 g,White PET,Glossy,None,Child resistant,No Tear Notch,250,1,3.44,860.52,25,645.3900,2.5815600000,UNVERIFIED,Typed quantity test; see rules for input/button inconsistencies.,https://flex-packaging.com/stand-up-bag/,HIGH: directly observed live display; discount user supplied
2026-10-06,Stand-up pouch,4 x 5 x 2,3.5 g,White PET,Glossy,None,Child resistant,No Tear Notch,550,1,1.66,911.39,25,683.5425,1.2428045455,UNVERIFIED,Typed quantity test; see rules for input/button inconsistencies.,https://flex-packaging.com/stand-up-bag/,HIGH: directly observed live display; discount user supplied
2026-10-06,Stand-up pouch,4 x 5 x 2,3.5 g,White PET,Glossy,None,Child resistant,No Tear Notch,999,1,0.98,982.02,25,736.5150,0.7372522523,UNVERIFIED,Typed quantity test; see rules for input/button inconsistencies.,https://flex-packaging.com/stand-up-bag/,HIGH: directly observed live display; discount user supplied
2026-10-06,Stand-up pouch,4 x 5 x 2,3.5 g,White PET,Glossy,None,Child resistant,No Tear Notch,1100,1,0.91,996.48,25,747.3600,0.6794181818,UNVERIFIED,Typed quantity test; see rules for input/button inconsistencies.,https://flex-packaging.com/stand-up-bag/,HIGH: directly observed live display; discount user supplied
2026-10-06,Stand-up pouch,4 x 5 x 2,3.5 g,White PET,Glossy,None,Child resistant,No Tear Notch,1200,1,0.84,1010.84,25,758.1300,0.6317750000,UNVERIFIED,Typed quantity test; see rules for input/button inconsistencies.,https://flex-packaging.com/stand-up-bag/,HIGH: directly observed live display; discount user supplied
2026-10-06,Stand-up pouch,4 x 5 x 2,3.5 g,White PET,Glossy,None,Child resistant,No Tear Notch,100,1,8.35,834.71,25,626.0325,6.2603250000,UNVERIFIED,Quantity step-button test; ordering minimum/maximum NOT confirmed.,https://flex-packaging.com/stand-up-bag/,HIGH: directly observed live display; discount user supplied
2026-10-06,Stand-up pouch,4 x 5 x 2,3.5 g,White PET,Glossy,None,Child resistant,No Tear Notch,26000,1,0.20,5139.73,25,3854.7975,0.1482614423,UNVERIFIED,Quantity step-button test; ordering minimum/maximum NOT confirmed.,https://flex-packaging.com/stand-up-bag/,HIGH: directly observed live display; discount user supplied
